Year Code,Single-Year Ages Code,Sex Code,Deaths,Population
1999.0,0,F,12291,1852123
1999.0,0,M,15646,1943639
1999.0,0,T,27937,3795762
1999.0,1,F,886,1849170
1999.0,1,M,1103,1935918
1999.0,1,T,1989,3785088
1999.0,2,F,579,1849556
1999.0,2,M,797,1933079
1999.0,2,T,1376,3782635
1999.0,3,F,445,1868553
1999.0,3,M,601,1956253
1999.0,3,T,1046,3824806
1999.0,4,F,364,1926335
1999.0,4,M,474,2020918
1999.0,4,T,838,3947253
1999.0,5,F,317,1950892
1999.0,5,M,446,2048870
1999.0,5,T,763,3999762
1999.0,6,F,312,1970698
1999.0,6,M,384,2071922
1999.0,6,T,696,4042620
1999.0,7,F,297,2034495
1999.0,7,M,386,2128808
1999.0,7,T,683,4163303
1999.0,8,F,303,2034953
1999.0,8,M,389,2135753
1999.0,8,T,692,4170706
1999.0,9,F,281,2061580
1999.0,9,M,359,2168489
1999.0,9,T,640,4230069
1999.0,10,F,293,2021562
1999.0,10,M,394,2127091
1999.0,10,T,687,4148653
1999.0,11,F,296,1969839
1999.0,11,M,415,2066343
1999.0,11,T,711,4036182
1999.0,12,F,303,1956197
1999.0,12,M,414,2053713
1999.0,12,T,717,4009910
1999.0,13,F,296,1952202
1999.0,13,M,551,2051405
1999.0,13,T,847,4003607
1999.0,14,F,405,1955864
1999.0,14,M,754,2059148
1999.0,14,T,1159,4015012
1999.0,15,F,512,1913334
1999.0,15,M,997,2025818
1999.0,15,T,1509,3939152
1999.0,16,F,784,1948049
1999.0,16,M,1570,2072256
1999.0,16,T,2354,4020305
1999.0,17,F,892,1947136
1999.0,17,M,2012,2084088
1999.0,17,T,2904,4031224
1999.0,18,F,904,1942583
1999.0,18,M,2500,2047260
1999.0,18,T,3404,3989843
1999.0,19,F,906,2010467
1999.0,19,M,2701,2093611
1999.0,19,T,3607,4104078
1999.0,20,F,885,1915294
1999.0,20,M,2616,2010201
1999.0,20,T,3501,3925495
1999.0,21,F,860,1838440
1999.0,21,M,2678,1924961
1999.0,21,T,3538,3763401
1999.0,22,F,832,1807150
1999.0,22,M,2541,1887040
1999.0,22,T,3373,3694190
1999.0,23,F,827,1744637
1999.0,23,M,2461,1817832
1999.0,23,T,3288,3562469
1999.0,24,F,840,1793094
1999.0,24,M,2338,1852780
1999.0,24,T,3178,3645874
1999.0,25,F,884,1800091
1999.0,25,M,2253,1857316
1999.0,25,T,3137,3657407
1999.0,26,F,909,1814511
1999.0,26,M,2368,1851717
1999.0,26,T,3277,3666228
1999.0,27,F,1037,1949822
1999.0,27,M,2512,1985242
1999.0,27,T,3549,3935064
1999.0,28,F,1120,2060374
1999.0,28,M,2642,2086110
1999.0,28,T,3762,4146484
1999.0,29,F,1211,2071169
1999.0,29,M,2767,2098705
1999.0,29,T,3978,4169874
1999.0,30,F,1295,2064871
1999.0,30,M,2710,2116341
1999.0,30,T,4005,4181212
1999.0,31,F,1356,1957054
1999.0,31,M,2828,1979133
1999.0,31,T,4184,3936187
1999.0,32,F,1486,2014551
1999.0,32,M,3113,2029406
1999.0,32,T,4599,4043957
1999.0,33,F,1634,2036474
1999.0,33,M,3331,2043243
1999.0,33,T,4965,4079717
1999.0,34,F,1858,2176173
1999.0,34,M,3752,2186103
1999.0,34,T,5610,4362276
1999.0,35,F,2110,2293916
1999.0,35,M,4165,2311702
1999.0,35,T,6275,4605618
1999.0,36,F,2379,2281275
1999.0,36,M,4288,2262286
1999.0,36,T,6667,4543561
1999.0,37,F,2592,2298941
1999.0,37,M,4714,2283851
1999.0,37,T,7306,4582792
1999.0,38,F,2928,2276449
1999.0,38,M,5113,2253560
1999.0,38,T,8041,4530009
1999.0,39,F,3114,2323573
1999.0,39,M,5401,2296996
1999.0,39,T,8515,4620569
1999.0,40,F,3256,2341168
1999.0,40,M,5780,2326357
1999.0,40,T,9036,4667525
1999.0,41,F,3537,2250723
1999.0,41,M,6270,2211175
1999.0,41,T,9807,4461898
1999.0,42,F,3827,2271051
1999.0,42,M,6646,2235880
1999.0,42,T,10473,4506931
1999.0,43,F,4029,2179527
1999.0,43,M,7183,2118325
1999.0,43,T,11212,4297852
1999.0,44,F,4366,2152981
1999.0,44,M,7558,2106941
1999.0,44,T,11924,4259922
1999.0,45,F,4568,2146028
1999.0,45,M,7839,2099854
1999.0,45,T,12407,4245882
1999.0,46,F,4714,2031823
1999.0,46,M,8392,1963127
1999.0,46,T,13106,3994950
1999.0,47,F,4905,2002180
1999.0,47,M,8645,1934967
1999.0,47,T,13550,3937147
1999.0,48,F,5109,1889850
1999.0,48,M,8930,1820806
1999.0,48,T,14039,3710656
1999.0,49,F,5521,1917853
1999.0,49,M,9497,1847719
1999.0,49,T,15018,3765572
1999.0,50,F,5858,1915145
1999.0,50,M,9775,1847555
1999.0,50,T,15633,3762700
1999.0,51,F,6400,1839362
1999.0,51,M,10470,1762492
1999.0,51,T,16870,3601854
1999.0,52,F,7177,1972464
1999.0,52,M,11509,1900702
1999.0,52,T,18686,3873166
1999.0,53,F,6313,1430150
1999.0,53,M,9885,1355175
1999.0,53,T,16198,2785325
1999.0,54,F,6750,1487450
1999.0,54,M,10717,1413117
1999.0,54,T,17467,2900567
1999.0,55,F,7423,1468560
1999.0,55,M,11728,1390616
1999.0,55,T,19151,2859176
1999.0,56,F,8416,1510736
1999.0,56,M,12919,1423773
1999.0,56,T,21335,2934509
1999.0,57,F,8132,1327155
1999.0,57,M,12509,1234061
1999.0,57,T,20641,2561216
1999.0,58,F,8463,1252109
1999.0,58,M,12865,1160403
1999.0,58,T,21328,2412512
1999.0,59,F,9009,1206474
1999.0,59,M,13420,1110934
1999.0,59,T,22429,2317408
1999.0,60,F,9504,1205799
1999.0,60,M,14016,1107631
1999.0,60,T,23520,2313430
1999.0,61,F,10206,1138272
1999.0,61,M,14881,1040279
1999.0,61,T,25087,2178551
1999.0,62,F,10734,1089367
1999.0,62,M,15506,986960
1999.0,62,T,26240,2076327
1999.0,63,F,11590,1083500
1999.0,63,M,16626,971465
1999.0,63,T,28216,2054965
1999.0,64,F,12778,1096791
1999.0,64,M,18254,973141
1999.0,64,T,31032,2069932
1999.0,65,F,13404,1018034
1999.0,65,M,18538,895420
1999.0,65,T,31942,1913454
1999.0,66,F,14491,1018914
1999.0,66,M,19743,877447
1999.0,66,T,34234,1896361
1999.0,67,F,15509,1035759
1999.0,67,M,21115,880924
1999.0,67,T,36624,1916683
1999.0,68,F,16988,1038635
1999.0,68,M,23073,879176
1999.0,68,T,40061,1917811
1999.0,69,F,18774,1030646
1999.0,69,M,25060,866543
1999.0,69,T,43834,1897189
1999.0,70,F,19954,1036615
1999.0,70,M,25849,835920
1999.0,70,T,45803,1872535
1999.0,71,F,21793,1013700
1999.0,71,M,28204,817115
1999.0,71,T,49997,1830815
1999.0,72,F,23669,984670
1999.0,72,M,29893,766712
1999.0,72,T,53562,1751382
1999.0,73,F,25383,969353
1999.0,73,M,31073,745037
1999.0,73,T,56456,1714390
1999.0,74,F,27715,979098
1999.0,74,M,32372,729191
1999.0,74,T,60087,1708289
1999.0,75,F,29240,947146
1999.0,75,M,33584,690588
1999.0,75,T,62824,1637734
1999.0,76,F,30499,899769
1999.0,76,M,33944,639518
1999.0,76,T,64443,1539287
1999.0,77,F,32953,882594
1999.0,77,M,35701,616768
1999.0,77,T,68654,1499362
1999.0,78,F,34756,837925
1999.0,78,M,36020,569315
1999.0,78,T,70776,1407240
1999.0,79,F,36048,763787
1999.0,79,M,35604,495196
1999.0,79,T,71652,1258983
1999.0,80,F,36414,729846
1999.0,80,M,33930,459536
1999.0,80,T,70344,1189382
1999.0,81,F,37609,653248
1999.0,81,M,34429,394017
1999.0,81,T,72038,1047265
1999.0,82,F,38957,610394
1999.0,82,M,33404,361782
1999.0,82,T,72361,972176
1999.0,83,F,39836,563499
1999.0,83,M,32623,311593
1999.0,83,T,72459,875092
1999.0,84,F,41308,522990
1999.0,84,M,31731,275403
1999.0,84,T,73039,798393
1999.0,85,F,41775,Not Applicable
1999.0,85,M,30524,Not Applicable
1999.0,85,T,72299,Not Applicable
1999.0,86,F,42335,Not Applicable
1999.0,86,M,27775,Not Applicable
1999.0,86,T,70110,Not Applicable
1999.0,87,F,40980,Not Applicable
1999.0,87,M,25418,Not Applicable
1999.0,87,T,66398,Not Applicable
1999.0,88,F,40513,Not Applicable
1999.0,88,M,22655,Not Applicable
1999.0,88,T,63168,Not Applicable
1999.0,89,F,38769,Not Applicable
1999.0,89,M,20159,Not Applicable
1999.0,89,T,58928,Not Applicable
1999.0,90,F,36153,Not Applicable
1999.0,90,M,17257,Not Applicable
1999.0,90,T,53410,Not Applicable
1999.0,91,F,34640,Not Applicable
1999.0,91,M,15012,Not Applicable
1999.0,91,T,49652,Not Applicable
1999.0,92,F,30736,Not Applicable
1999.0,92,M,12385,Not Applicable
1999.0,92,T,43121,Not Applicable
1999.0,93,F,26466,Not Applicable
1999.0,93,M,9988,Not Applicable
1999.0,93,T,36454,Not Applicable
1999.0,94,F,23485,Not Applicable
1999.0,94,M,7869,Not Applicable
1999.0,94,T,31354,Not Applicable
1999.0,95,F,19632,Not Applicable
1999.0,95,M,6219,Not Applicable
1999.0,95,T,25851,Not Applicable
1999.0,96,F,16099,Not Applicable
1999.0,96,M,4639,Not Applicable
1999.0,96,T,20738,Not Applicable
1999.0,97,F,12540,Not Applicable
1999.0,97,M,3281,Not Applicable
1999.0,97,T,15821,Not Applicable
1999.0,98,F,9823,Not Applicable
1999.0,98,M,2270,Not Applicable
1999.0,98,T,12093,Not Applicable
1999.0,99,F,7129,Not Applicable
1999.0,99,M,1702,Not Applicable
1999.0,99,T,8831,Not Applicable
1999.0,100,F,15077,Not Applicable
1999.0,100,M,2836,Not Applicable
1999.0,100,T,17913,Not Applicable
1999.0,NS,F,79,Not Applicable
1999.0,NS,M,277,Not Applicable
1999.0,NS,T,356,Not Applicable
2000.0,0,F,12317,1856631
2000.0,0,M,15718,1949017
2000.0,0,T,28035,3805648
2000.0,1,F,856,1867477
2000.0,1,M,1090,1953105
2000.0,1,T,1946,3820582
2000.0,2,F,571,1851456
2000.0,2,M,746,1938990
2000.0,2,T,1317,3790446
2000.0,3,F,374,1873836
2000.0,3,M,558,1958963
2000.0,3,T,932,3832799
2000.0,4,F,354,1915665
2000.0,4,M,430,2010658
2000.0,4,T,784,3926323
2000.0,5,F,314,1934031
2000.0,5,M,430,2031072
2000.0,5,T,744,3965103
2000.0,6,F,273,1961488
2000.0,6,M,380,2058217
2000.0,6,T,653,4019705
2000.0,7,F,295,2008279
2000.0,7,M,347,2109868
2000.0,7,T,642,4118147
2000.0,8,F,260,2041401
2000.0,8,M,349,2137829
2000.0,8,T,609,4179230
2000.0,9,F,261,2081029
2000.0,9,M,344,2186291
2000.0,9,T,605,4267320
2000.0,10,F,254,2082812
2000.0,10,M,390,2191244
2000.0,10,T,644,4274056
2000.0,11,F,301,2006936
2000.0,11,M,441,2108157
2000.0,11,T,742,4115093
2000.0,12,F,279,1988614
2000.0,12,M,462,2087228
2000.0,12,T,741,4075842
2000.0,13,F,339,1956842
2000.0,13,M,533,2054008
2000.0,13,T,872,4010850
2000.0,14,F,436,1972671
2000.0,14,M,725,2079560
2000.0,14,T,1161,4052231
2000.0,15,F,540,1954277
2000.0,15,M,1019,2065127
2000.0,15,T,1559,4019404
2000.0,16,F,716,1926439
2000.0,16,M,1493,2048582
2000.0,16,T,2209,3975021
2000.0,17,F,784,1954732
2000.0,17,M,1952,2091280
2000.0,17,T,2736,4046012
2000.0,18,F,927,1972745
2000.0,18,M,2440,2078853
2000.0,18,T,3367,4051598
2000.0,19,F,899,2020693
2000.0,19,M,2793,2107162
2000.0,19,T,3692,4127855
2000.0,20,F,911,1978228
2000.0,20,M,2812,2071220
2000.0,20,T,3723,4049448
2000.0,21,F,924,1875409
2000.0,21,M,2855,1965673
2000.0,21,T,3779,3841082
2000.0,22,F,863,1837099
2000.0,22,M,2649,1921549
2000.0,22,T,3512,3758648
2000.0,23,F,850,1798182
2000.0,23,M,2546,1875400
2000.0,23,T,3396,3673582
2000.0,24,F,822,1787269
2000.0,24,M,2512,1853972
2000.0,24,T,3334,3641241
2000.0,25,F,894,1838640
2000.0,25,M,2405,1905899
2000.0,25,T,3299,3744539
2000.0,26,F,900,1787277
2000.0,26,M,2349,1832383
2000.0,26,T,3249,3619660
2000.0,27,F,999,1874853
2000.0,27,M,2483,1914947
2000.0,27,T,3482,3789800
2000.0,28,F,1068,1974005
2000.0,28,M,2561,2010807
2000.0,28,T,3629,3984812
2000.0,29,F,1201,2107801
2000.0,29,M,2821,2134724
2000.0,29,T,4022,4242525
2000.0,30,F,1260,2115732
2000.0,30,M,2765,2174238
2000.0,30,T,4025,4289970
2000.0,31,F,1366,1991793
2000.0,31,M,2889,2019782
2000.0,31,T,4255,4011575
2000.0,32,F,1464,1985244
2000.0,32,M,2918,2008877
2000.0,32,T,4382,3994121
2000.0,33,F,1620,2008556
2000.0,33,M,3166,2018017
2000.0,33,T,4786,4026573
2000.0,34,F,1789,2087294
2000.0,34,M,3533,2100855
2000.0,34,T,5322,4188149
2000.0,35,F,2030,2250497
2000.0,35,M,3861,2265621
2000.0,35,T,5891,4516118
2000.0,36,F,2291,2263639
2000.0,36,M,4275,2247529
2000.0,36,T,6566,4511168
2000.0,37,F,2611,2266938
2000.0,37,M,4624,2250122
2000.0,37,T,7235,4517060
2000.0,38,F,2802,2285731
2000.0,38,M,5099,2268083
2000.0,38,T,7901,4553814
2000.0,39,F,3154,2321163
2000.0,39,M,5393,2287341
2000.0,39,T,8547,4608504
2000.0,40,F,3402,2358828
2000.0,40,M,6003,2352606
2000.0,40,T,9405,4711434
2000.0,41,F,3681,2253642
2000.0,41,M,6292,2213034
2000.0,41,T,9973,4466676
2000.0,42,F,3869,2290677
2000.0,42,M,6731,2256543
2000.0,42,T,10600,4547220
2000.0,43,F,4290,2229419
2000.0,43,M,7339,2178451
2000.0,43,T,11629,4407870
2000.0,44,F,4371,2180195
2000.0,44,M,7680,2128468
2000.0,44,T,12051,4308663
2000.0,45,F,4735,2190345
2000.0,45,M,8170,2151115
2000.0,45,T,12905,4341460
2000.0,46,F,4811,2077993
2000.0,46,M,8579,2009570
2000.0,46,T,13390,4087563
2000.0,47,F,5148,2043564
2000.0,47,M,9016,1976128
2000.0,47,T,14164,4019692
2000.0,48,F,5356,1975473
2000.0,48,M,9531,1909672
2000.0,48,T,14887,3885145
2000.0,49,F,5661,1915523
2000.0,49,M,9825,1843021
2000.0,49,T,15486,3758544
2000.0,50,F,6100,1936877
2000.0,50,M,10256,1871638
2000.0,50,T,16356,3808515
2000.0,51,F,6378,1847534
2000.0,51,M,10614,1769463
2000.0,51,T,16992,3616997
2000.0,52,F,7039,1891651
2000.0,52,M,11488,1815785
2000.0,52,T,18527,3707436
2000.0,53,F,7848,1856617
2000.0,53,M,12364,1778423
2000.0,53,T,20212,3635040
2000.0,54,F,6867,1445145
2000.0,54,M,10555,1372415
2000.0,54,T,17422,2817560
2000.0,55,F,7283,1463741
2000.0,55,M,11498,1386859
2000.0,55,T,18781,2850600
2000.0,56,F,8069,1462265
2000.0,56,M,12334,1375187
2000.0,56,T,20403,2837452
2000.0,57,F,8930,1479824
2000.0,57,M,13597,1384196
2000.0,57,T,22527,2864020
2000.0,58,F,8892,1317443
2000.0,58,M,13356,1222709
2000.0,58,T,22248,2540152
2000.0,59,F,9152,1237235
2000.0,59,M,13640,1139778
2000.0,59,T,22792,2377013
2000.0,60,F,9596,1208384
2000.0,60,M,14152,1111560
2000.0,60,T,23748,2319944
2000.0,61,F,10435,1159548
2000.0,61,M,14657,1061679
2000.0,61,T,25092,2221227
2000.0,62,F,11092,1137207
2000.0,62,M,15832,1033865
2000.0,62,T,26924,2171072
2000.0,63,F,11507,1081948
2000.0,63,M,16511,971203
2000.0,63,T,28018,2053151
2000.0,64,F,12569,1081733
2000.0,64,M,17744,958320
2000.0,64,T,30313,2040053
2000.0,65,F,13536,1079260
2000.0,65,M,18614,950651
2000.0,65,T,32150,2029911
2000.0,66,F,14175,996164
2000.0,66,M,18960,864156
2000.0,66,T,33135,1860320
2000.0,67,F,15384,1022372
2000.0,67,M,20658,874079
2000.0,67,T,36042,1896451
2000.0,68,F,16719,1008370
2000.0,68,M,22082,856145
2000.0,68,T,38801,1864515
2000.0,69,F,17990,1027017
2000.0,69,M,23621,855331
2000.0,69,T,41611,1882348
2000.0,70,F,19904,1030658
2000.0,70,M,25690,844517
2000.0,70,T,45594,1875175
2000.0,71,F,21150,989752
2000.0,71,M,27007,798517
2000.0,71,T,48157,1788269
2000.0,72,F,23224,1000532
2000.0,72,M,29167,791164
2000.0,72,T,52391,1791696
2000.0,73,F,24886,973735
2000.0,73,M,30297,751433
2000.0,73,T,55183,1725168
2000.0,74,F,26833,959852
2000.0,74,M,31312,717281
2000.0,74,T,58145,1677133
2000.0,75,F,29663,955776
2000.0,75,M,32971,695865
2000.0,75,T,62634,1651641
2000.0,76,F,31019,908794
2000.0,76,M,33727,647773
2000.0,76,T,64746,1556567
2000.0,77,F,32347,861039
2000.0,77,M,34530,599742
2000.0,77,T,66877,1460781
2000.0,78,F,35009,852548
2000.0,78,M,35746,579368
2000.0,78,T,70755,1431916
2000.0,79,F,36335,793200
2000.0,79,M,36353,521708
2000.0,79,T,72688,1314908
2000.0,80,F,38076,740352
2000.0,80,M,35604,467013
2000.0,80,T,73680,1207365
2000.0,81,F,37461,665502
2000.0,81,M,33516,406546
2000.0,81,T,70977,1072048
2000.0,82,F,39322,616747
2000.0,82,M,34053,364815
2000.0,82,T,73375,981562
2000.0,83,F,39953,565774
2000.0,83,M,32350,317289
2000.0,83,T,72303,883063
2000.0,84,F,41041,522095
2000.0,84,M,31369,279234
2000.0,84,T,72410,801329
2000.0,85,F,42558,Not Applicable
2000.0,85,M,30401,Not Applicable
2000.0,85,T,72959,Not Applicable
2000.0,86,F,42620,Not Applicable
2000.0,86,M,28512,Not Applicable
2000.0,86,T,71132,Not Applicable
2000.0,87,F,42236,Not Applicable
2000.0,87,M,26109,Not Applicable
2000.0,87,T,68345,Not Applicable
2000.0,88,F,40423,Not Applicable
2000.0,88,M,23161,Not Applicable
2000.0,88,T,63584,Not Applicable
2000.0,89,F,39099,Not Applicable
2000.0,89,M,20694,Not Applicable
2000.0,89,T,59793,Not Applicable
2000.0,90,F,37181,Not Applicable
2000.0,90,M,17771,Not Applicable
2000.0,90,T,54952,Not Applicable
2000.0,91,F,34358,Not Applicable
2000.0,91,M,15155,Not Applicable
2000.0,91,T,49513,Not Applicable
2000.0,92,F,31999,Not Applicable
2000.0,92,M,12902,Not Applicable
2000.0,92,T,44901,Not Applicable
2000.0,93,F,27542,Not Applicable
2000.0,93,M,10455,Not Applicable
2000.0,93,T,37997,Not Applicable
2000.0,94,F,23764,Not Applicable
2000.0,94,M,8156,Not Applicable
2000.0,94,T,31920,Not Applicable
2000.0,95,F,19959,Not Applicable
2000.0,95,M,6226,Not Applicable
2000.0,95,T,26185,Not Applicable
2000.0,96,F,16228,Not Applicable
2000.0,96,M,4783,Not Applicable
2000.0,96,T,21011,Not Applicable
2000.0,97,F,12949,Not Applicable
2000.0,97,M,3453,Not Applicable
2000.0,97,T,16402,Not Applicable
2000.0,98,F,9725,Not Applicable
2000.0,98,M,2409,Not Applicable
2000.0,98,T,12134,Not Applicable
2000.0,99,F,7228,Not Applicable
2000.0,99,M,1681,Not Applicable
2000.0,99,T,8909,Not Applicable
2000.0,100,F,15560,Not Applicable
2000.0,100,M,2874,Not Applicable
2000.0,100,T,18434,Not Applicable
2000.0,NS,F,67,Not Applicable
2000.0,NS,M,289,Not Applicable
2000.0,NS,T,356,Not Applicable
2001.0,0,F,12091,1962905
2001.0,0,M,15477,2049753
2001.0,0,T,27568,4012658
2001.0,1,F,891,1882601
2001.0,1,M,1111,1972806
2001.0,1,T,2002,3855407
2001.0,2,F,556,1857181
2001.0,2,M,747,1942915
2001.0,2,T,1303,3800096
2001.0,3,F,420,1857443
2001.0,3,M,563,1945267
2001.0,3,T,983,3802710
2001.0,4,F,341,1871311
2001.0,4,M,478,1956035
2001.0,4,T,819,3827346
2001.0,5,F,287,1909212
2001.0,5,M,383,2000821
2001.0,5,T,670,3910033
2001.0,6,F,282,1937940
2001.0,6,M,351,2034568
2001.0,6,T,633,3972508
2001.0,7,F,275,1958002
2001.0,7,M,306,2054047
2001.0,7,T,581,4012049
2001.0,8,F,246,1998184
2001.0,8,M,338,2101358
2001.0,8,T,584,4099542
2001.0,9,F,276,2040960
2001.0,9,M,349,2138270
2001.0,9,T,625,4179230
2001.0,10,F,245,2087011
2001.0,10,M,391,2190238
2001.0,10,T,636,4277249
2001.0,11,F,272,2117318
2001.0,11,M,409,2227595
2001.0,11,T,681,4344913
2001.0,12,F,301,2040841
2001.0,12,M,435,2143114
2001.0,12,T,736,4183955
2001.0,13,F,325,2006423
2001.0,13,M,536,2106768
2001.0,13,T,861,4113191
2001.0,14,F,418,1979876
2001.0,14,M,670,2079494
2001.0,14,T,1088,4059370
2001.0,15,F,499,1987434
2001.0,15,M,962,2096444
2001.0,15,T,1461,4083878
2001.0,16,F,741,1992853
2001.0,16,M,1441,2115451
2001.0,16,T,2182,4108304
2001.0,17,F,849,1947338
2001.0,17,M,1922,2081398
2001.0,17,T,2771,4028736
2001.0,18,F,830,1977996
2001.0,18,M,2547,2124855
2001.0,18,T,3377,4102851
2001.0,19,F,870,2003276
2001.0,19,M,2894,2129239
2001.0,19,T,3764,4132515
2001.0,20,F,900,2034401
2001.0,20,M,2857,2122324
2001.0,20,T,3757,4156725
2001.0,21,F,959,2025446
2001.0,21,M,3136,2107865
2001.0,21,T,4095,4133311
2001.0,22,F,839,1916731
2001.0,22,M,2876,2002585
2001.0,22,T,3715,3919316
2001.0,23,F,916,1860062
2001.0,23,M,2693,1938492
2001.0,23,T,3609,3798554
2001.0,24,F,886,1840310
2001.0,24,M,2635,1909070
2001.0,24,T,3521,3749380
2001.0,25,F,934,1800155
2001.0,25,M,2472,1859564
2001.0,25,T,3406,3659719
2001.0,26,F,938,1858168
2001.0,26,M,2635,1909984
2001.0,26,T,3573,3768152
2001.0,27,F,1013,1814890
2001.0,27,M,2498,1853810
2001.0,27,T,3511,3668700
2001.0,28,F,1098,1867542
2001.0,28,M,2665,1898587
2001.0,28,T,3763,3766129
2001.0,29,F,1222,1962358
2001.0,29,M,2736,1994289
2001.0,29,T,3958,3956647
2001.0,30,F,1374,2096477
2001.0,30,M,3008,2121783
2001.0,30,T,4382,4218260
2001.0,31,F,1372,2128146
2001.0,31,M,3066,2174543
2001.0,31,T,4438,4302689
2001.0,32,F,1556,2026967
2001.0,32,M,3015,2055935
2001.0,32,T,4571,4082902
2001.0,33,F,1639,1998254
2001.0,33,M,3240,2016658
2001.0,33,T,4879,4014912
2001.0,34,F,1780,2014086
2001.0,34,M,3422,2019326
2001.0,34,T,5202,4033412
2001.0,35,F,2007,2075753
2001.0,35,M,3894,2085387
2001.0,35,T,5901,4161140
2001.0,36,F,2341,2225186
2001.0,36,M,4256,2232492
2001.0,36,T,6597,4457678
2001.0,37,F,2613,2274547
2001.0,37,M,4859,2260101
2001.0,37,T,7472,4534648
2001.0,38,F,2971,2277958
2001.0,38,M,5202,2251371
2001.0,38,T,8173,4529329
2001.0,39,F,3236,2288066
2001.0,39,M,5516,2265057
2001.0,39,T,8752,4553123
2001.0,40,F,3537,2322098
2001.0,40,M,5970,2284503
2001.0,40,T,9507,4606601
2001.0,41,F,3731,2358452
2001.0,41,M,6473,2342019
2001.0,41,T,10204,4700471
2001.0,42,F,3970,2276695
2001.0,42,M,6689,2237740
2001.0,42,T,10659,4514435
2001.0,43,F,4420,2281350
2001.0,43,M,7441,2242083
2001.0,43,T,11861,4523433
2001.0,44,F,4684,2262324
2001.0,44,M,7864,2208570
2001.0,44,T,12548,4470894
2001.0,45,F,4940,2180011
2001.0,45,M,8291,2121944
2001.0,45,T,13231,4301955
2001.0,46,F,5181,2188271
2001.0,46,M,8840,2143311
2001.0,46,T,14021,4331582
2001.0,47,F,5404,2109830
2001.0,47,M,9429,2042517
2001.0,47,T,14833,4152347
2001.0,48,F,5514,2046074
2001.0,48,M,9814,1972847
2001.0,48,T,15328,4018921
2001.0,49,F,6078,1981763
2001.0,49,M,10193,1912415
2001.0,49,T,16271,3894178
2001.0,50,F,6160,1937183
2001.0,50,M,10480,1858963
2001.0,50,T,16640,3796146
2001.0,51,F,6524,1933991
2001.0,51,M,11034,1862989
2001.0,51,T,17558,3796980
2001.0,52,F,7135,1867556
2001.0,52,M,11402,1786849
2001.0,52,T,18537,3654405
2001.0,53,F,7824,1855738
2001.0,53,M,12073,1775276
2001.0,53,T,19897,3631014
2001.0,54,F,8457,1946664
2001.0,54,M,13292,1862076
2001.0,54,T,21749,3808740
2001.0,55,F,7411,1464238
2001.0,55,M,11552,1386854
2001.0,55,T,18963,2851092
2001.0,56,F,7958,1463829
2001.0,56,M,12151,1383009
2001.0,56,T,20109,2846838
2001.0,57,F,8815,1447922
2001.0,57,M,13207,1357485
2001.0,57,T,22022,2805407
2001.0,58,F,9815,1500388
2001.0,58,M,14710,1399744
2001.0,58,T,24525,2900132
2001.0,59,F,9723,1333019
2001.0,59,M,14181,1232487
2001.0,59,T,23904,2565506
2001.0,60,F,9811,1241416
2001.0,60,M,14542,1138884
2001.0,60,T,24353,2380300
2001.0,61,F,10330,1213556
2001.0,61,M,14909,1110151
2001.0,61,T,25239,2323707
2001.0,62,F,11082,1156768
2001.0,62,M,15801,1056502
2001.0,62,T,26883,2213270
2001.0,63,F,11904,1141614
2001.0,63,M,16672,1030410
2001.0,63,T,28576,2172024
2001.0,64,F,12332,1080816
2001.0,64,M,17233,966203
2001.0,64,T,29565,2047019
2001.0,65,F,13193,1068644
2001.0,65,M,18366,943626
2001.0,65,T,31559,2012270
2001.0,66,F,14295,1075042
2001.0,66,M,19340,938399
2001.0,66,T,33635,2013441
2001.0,67,F,14971,993065
2001.0,67,M,19994,857420
2001.0,67,T,34965,1850485
2001.0,68,F,16051,1001409
2001.0,68,M,21299,851383
2001.0,68,T,37350,1852792
2001.0,69,F,17612,996458
2001.0,69,M,23111,836787
2001.0,69,T,40723,1833245
2001.0,70,F,19075,994877
2001.0,70,M,24481,822982
2001.0,70,T,43556,1817859
2001.0,71,F,21031,1018307
2001.0,71,M,26412,826369
2001.0,71,T,47443,1844676
2001.0,72,F,22278,969044
2001.0,72,M,27749,774723
2001.0,72,T,50027,1743767
2001.0,73,F,24644,972997
2001.0,73,M,29964,760633
2001.0,73,T,54608,1733630
2001.0,74,F,26229,953283
2001.0,74,M,30865,728731
2001.0,74,T,57094,1682014
2001.0,75,F,28150,925789
2001.0,75,M,32102,685103
2001.0,75,T,60252,1610892
2001.0,76,F,31023,925212
2001.0,76,M,33744,663891
2001.0,76,T,64767,1589103
2001.0,77,F,32466,885017
2001.0,77,M,34456,618080
2001.0,77,T,66922,1503097
2001.0,78,F,34009,833703
2001.0,78,M,34717,572230
2001.0,78,T,68726,1405933
2001.0,79,F,36718,808438
2001.0,79,M,36292,537950
2001.0,79,T,73010,1346388
2001.0,80,F,38619,762992
2001.0,80,M,35983,491840
2001.0,80,T,74602,1254832
2001.0,81,F,39167,714199
2001.0,81,M,35451,439939
2001.0,81,T,74618,1154138
2001.0,82,F,39090,622491
2001.0,82,M,33552,370580
2001.0,82,T,72642,993071
2001.0,83,F,40597,588776
2001.0,83,M,33171,338416
2001.0,83,T,73768,927192
2001.0,84,F,41348,523116
2001.0,84,M,31274,285856
2001.0,84,T,72622,808972
2001.0,85,F,42049,Not Applicable
2001.0,85,M,30156,Not Applicable
2001.0,85,T,72205,Not Applicable
2001.0,86,F,42814,Not Applicable
2001.0,86,M,28875,Not Applicable
2001.0,86,T,71689,Not Applicable
2001.0,87,F,42919,Not Applicable
2001.0,87,M,26513,Not Applicable
2001.0,87,T,69432,Not Applicable
2001.0,88,F,41764,Not Applicable
2001.0,88,M,23743,Not Applicable
2001.0,88,T,65507,Not Applicable
2001.0,89,F,39824,Not Applicable
2001.0,89,M,21118,Not Applicable
2001.0,89,T,60942,Not Applicable
2001.0,90,F,37194,Not Applicable
2001.0,90,M,18083,Not Applicable
2001.0,90,T,55277,Not Applicable
2001.0,91,F,34710,Not Applicable
2001.0,91,M,15540,Not Applicable
2001.0,91,T,50250,Not Applicable
2001.0,92,F,31217,Not Applicable
2001.0,92,M,12842,Not Applicable
2001.0,92,T,44059,Not Applicable
2001.0,93,F,28589,Not Applicable
2001.0,93,M,10683,Not Applicable
2001.0,93,T,39272,Not Applicable
2001.0,94,F,24077,Not Applicable
2001.0,94,M,8379,Not Applicable
2001.0,94,T,32456,Not Applicable
2001.0,95,F,20417,Not Applicable
2001.0,95,M,6372,Not Applicable
2001.0,95,T,26789,Not Applicable
2001.0,96,F,16615,Not Applicable
2001.0,96,M,4877,Not Applicable
2001.0,96,T,21492,Not Applicable
2001.0,97,F,12950,Not Applicable
2001.0,97,M,3414,Not Applicable
2001.0,97,T,16364,Not Applicable
2001.0,98,F,10087,Not Applicable
2001.0,98,M,2457,Not Applicable
2001.0,98,T,12544,Not Applicable
2001.0,99,F,7153,Not Applicable
2001.0,99,M,1612,Not Applicable
2001.0,99,T,8765,Not Applicable
2001.0,100,F,15619,Not Applicable
2001.0,100,M,2869,Not Applicable
2001.0,100,T,18488,Not Applicable
2001.0,NS,F,91,Not Applicable
2001.0,NS,M,331,Not Applicable
2001.0,NS,T,422,Not Applicable
2002.0,0,F,12317,1932939
2002.0,0,M,15717,2018522
2002.0,0,T,28034,3951461
2002.0,1,F,827,1960195
2002.0,1,M,1083,2044479
2002.0,1,T,1910,4004674
2002.0,2,F,531,1883190
2002.0,2,M,726,1972924
2002.0,2,T,1257,3856114
2002.0,3,F,375,1859439
2002.0,3,M,537,1944897
2002.0,3,T,912,3804336
2002.0,4,F,319,1861887
2002.0,4,M,460,1950720
2002.0,4,T,779,3812607
2002.0,5,F,306,1876401
2002.0,5,M,368,1960786
2002.0,5,T,674,3837187
2002.0,6,F,243,1911028
2002.0,6,M,325,2002026
2002.0,6,T,568,3913054
2002.0,7,F,239,1943048
2002.0,7,M,326,2039312
2002.0,7,T,565,3982360
2002.0,8,F,263,1962016
2002.0,8,M,350,2058954
2002.0,8,T,613,4020970
2002.0,9,F,265,2007242
2002.0,9,M,333,2111604
2002.0,9,T,598,4118846
2002.0,10,F,258,2072652
2002.0,10,M,377,2171164
2002.0,10,T,635,4243816
2002.0,11,F,271,2095934
2002.0,11,M,385,2199786
2002.0,11,T,656,4295720
2002.0,12,F,304,2134909
2002.0,12,M,496,2245442
2002.0,12,T,800,4380351
2002.0,13,F,382,2052880
2002.0,13,M,565,2156145
2002.0,13,T,947,4209025
2002.0,14,F,421,2015047
2002.0,14,M,673,2117462
2002.0,14,T,1094,4132509
2002.0,15,F,506,1996259
2002.0,15,M,911,2101617
2002.0,15,T,1417,4097876
2002.0,16,F,773,2004322
2002.0,16,M,1567,2122639
2002.0,16,T,2340,4126961
2002.0,17,F,872,2007233
2002.0,17,M,1901,2141357
2002.0,17,T,2773,4148590
2002.0,18,F,915,1971434
2002.0,18,M,2524,2112882
2002.0,18,T,3439,4084316
2002.0,19,F,902,2002631
2002.0,19,M,2941,2149996
2002.0,19,T,3843,4152627
2002.0,20,F,909,2018607
2002.0,20,M,2935,2140289
2002.0,20,T,3844,4158896
2002.0,21,F,1018,2051942
2002.0,21,M,3071,2130736
2002.0,21,T,4089,4182678
2002.0,22,F,942,2036887
2002.0,22,M,2939,2108849
2002.0,22,T,3881,4145736
2002.0,23,F,875,1931984
2002.0,23,M,2879,2004943
2002.0,23,T,3754,3936927
2002.0,24,F,918,1876825
2002.0,24,M,2748,1942703
2002.0,24,T,3666,3819528
2002.0,25,F,919,1862425
2002.0,25,M,2588,1916744
2002.0,25,T,3507,3779169
2002.0,26,F,942,1813125
2002.0,26,M,2645,1856790
2002.0,26,T,3587,3669915
2002.0,27,F,951,1876960
2002.0,27,M,2535,1914753
2002.0,27,T,3486,3791713
2002.0,28,F,1052,1824836
2002.0,28,M,2499,1857165
2002.0,28,T,3551,3682001
2002.0,29,F,1141,1871240
2002.0,29,M,2687,1897302
2002.0,29,T,3828,3768542
2002.0,30,F,1273,1981699
2002.0,30,M,2892,2012465
2002.0,30,T,4165,3994164
2002.0,31,F,1412,2098098
2002.0,31,M,3113,2112815
2002.0,31,T,4525,4210913
2002.0,32,F,1570,2146046
2002.0,32,M,3086,2184931
2002.0,32,T,4656,4330977
2002.0,33,F,1626,2036914
2002.0,33,M,3312,2058617
2002.0,33,T,4938,4095531
2002.0,34,F,1733,2007436
2002.0,34,M,3379,2019285
2002.0,34,T,5112,4026721
2002.0,35,F,1952,2024887
2002.0,35,M,3640,2025303
2002.0,35,T,5592,4050190
2002.0,36,F,2177,2083908
2002.0,36,M,3960,2084490
2002.0,36,T,6137,4168398
2002.0,37,F,2511,2230362
2002.0,37,M,4540,2229027
2002.0,37,T,7051,4459389
2002.0,38,F,2800,2280768
2002.0,38,M,5056,2258080
2002.0,38,T,7856,4538848
2002.0,39,F,3281,2283521
2002.0,39,M,5430,2250872
2002.0,39,T,8711,4534393
2002.0,40,F,3448,2291233
2002.0,40,M,6074,2260679
2002.0,40,T,9522,4551912
2002.0,41,F,3847,2326545
2002.0,41,M,6471,2284301
2002.0,41,T,10318,4610846
2002.0,42,F,4154,2360011
2002.0,42,M,6982,2339185
2002.0,42,T,11136,4699196
2002.0,43,F,4571,2279943
2002.0,43,M,7382,2235579
2002.0,43,T,11953,4515522
2002.0,44,F,4806,2278277
2002.0,44,M,8058,2233678
2002.0,44,T,12864,4511955
2002.0,45,F,5191,2260411
2002.0,45,M,8442,2200968
2002.0,45,T,13633,4461379
2002.0,46,F,5248,2180913
2002.0,46,M,9130,2120188
2002.0,46,T,14378,4301101
2002.0,47,F,5653,2189603
2002.0,47,M,9548,2140507
2002.0,47,T,15201,4330110
2002.0,48,F,6052,2107972
2002.0,48,M,10142,2035358
2002.0,48,T,16194,4143330
2002.0,49,F,6220,2046892
2002.0,49,M,10439,1969476
2002.0,49,T,16659,4016368
2002.0,50,F,6410,1978124
2002.0,50,M,11001,1902885
2002.0,50,T,17411,3881009
2002.0,51,F,6773,1939473
2002.0,51,M,11388,1857726
2002.0,51,T,18161,3797199
2002.0,52,F,7022,1930904
2002.0,52,M,11933,1854284
2002.0,52,T,18955,3785188
2002.0,53,F,7718,1867431
2002.0,53,M,12493,1782978
2002.0,53,T,20211,3650409
2002.0,54,F,8376,1855880
2002.0,54,M,13206,1770221
2002.0,54,T,21582,3626101
2002.0,55,F,9216,1940351
2002.0,55,M,14490,1847760
2002.0,55,T,23706,3788111
2002.0,56,F,7961,1463840
2002.0,56,M,12511,1382872
2002.0,56,T,20472,2846712
2002.0,57,F,8552,1459583
2002.0,57,M,12923,1374045
2002.0,57,T,21475,2833628
2002.0,58,F,9401,1444145
2002.0,58,M,14163,1348687
2002.0,58,T,23564,2792832
2002.0,59,F,10481,1494071
2002.0,59,M,15743,1387713
2002.0,59,T,26224,2881784
2002.0,60,F,10440,1323400
2002.0,60,M,15373,1217335
2002.0,60,T,25813,2540735
2002.0,61,F,10537,1238720
2002.0,61,M,15326,1131638
2002.0,61,T,25863,2370358
2002.0,62,F,11096,1207560
2002.0,62,M,16305,1098596
2002.0,62,T,27401,2306156
2002.0,63,F,11690,1150553
2002.0,63,M,16861,1045297
2002.0,63,T,28551,2195850
2002.0,64,F,12605,1131435
2002.0,64,M,17668,1015731
2002.0,64,T,30273,2147166
2002.0,65,F,13046,1073097
2002.0,65,M,18106,952282
2002.0,65,T,31152,2025379
2002.0,66,F,13899,1058192
2002.0,66,M,18993,928349
2002.0,66,T,32892,1986541
2002.0,67,F,15318,1064068
2002.0,67,M,20463,922458
2002.0,67,T,35781,1986526
2002.0,68,F,15572,981106
2002.0,68,M,20769,840036
2002.0,68,T,36341,1821142
2002.0,69,F,17166,987351
2002.0,69,M,22259,831542
2002.0,69,T,39425,1818893
2002.0,70,F,18817,978995
2002.0,70,M,24091,813765
2002.0,70,T,42908,1792760
2002.0,71,F,20183,979452
2002.0,71,M,25839,802655
2002.0,71,T,46022,1782107
2002.0,72,F,22352,997815
2002.0,72,M,27160,800131
2002.0,72,T,49512,1797946
2002.0,73,F,23633,948338
2002.0,73,M,28794,749112
2002.0,73,T,52427,1697450
2002.0,74,F,25983,948244
2002.0,74,M,30547,731547
2002.0,74,T,56530,1679791
2002.0,75,F,28177,924736
2002.0,75,M,31852,696076
2002.0,75,T,60029,1620812
2002.0,76,F,29721,899159
2002.0,76,M,32924,655316
2002.0,76,T,62645,1554475
2002.0,77,F,32666,893289
2002.0,77,M,34317,629601
2002.0,77,T,66983,1522890
2002.0,78,F,34201,852413
2002.0,78,M,35008,583772
2002.0,78,T,69209,1436185
2002.0,79,F,35750,799095
2002.0,79,M,35524,537004
2002.0,79,T,71274,1336099
2002.0,80,F,39020,769357
2002.0,80,M,36436,499953
2002.0,80,T,75456,1269310
2002.0,81,F,40161,725072
2002.0,81,M,36568,455626
2002.0,81,T,76729,1180698
2002.0,82,F,41594,672556
2002.0,82,M,35263,402497
2002.0,82,T,76857,1075053
2002.0,83,F,40717,582764
2002.0,83,M,32963,337181
2002.0,83,T,73680,919945
2002.0,84,F,42143,545663
2002.0,84,M,32649,303734
2002.0,84,T,74792,849397
2002.0,85,F,41967,Not Applicable
2002.0,85,M,30689,Not Applicable
2002.0,85,T,72656,Not Applicable
2002.0,86,F,42632,Not Applicable
2002.0,86,M,29467,Not Applicable
2002.0,86,T,72099,Not Applicable
2002.0,87,F,43066,Not Applicable
2002.0,87,M,27256,Not Applicable
2002.0,87,T,70322,Not Applicable
2002.0,88,F,42249,Not Applicable
2002.0,88,M,24905,Not Applicable
2002.0,88,T,67154,Not Applicable
2002.0,89,F,40834,Not Applicable
2002.0,89,M,22320,Not Applicable
2002.0,89,T,63154,Not Applicable
2002.0,90,F,37906,Not Applicable
2002.0,90,M,19043,Not Applicable
2002.0,90,T,56949,Not Applicable
2002.0,91,F,35687,Not Applicable
2002.0,91,M,15911,Not Applicable
2002.0,91,T,51598,Not Applicable
2002.0,92,F,32160,Not Applicable
2002.0,92,M,13801,Not Applicable
2002.0,92,T,45961,Not Applicable
2002.0,93,F,28829,Not Applicable
2002.0,93,M,11088,Not Applicable
2002.0,93,T,39917,Not Applicable
2002.0,94,F,25188,Not Applicable
2002.0,94,M,8974,Not Applicable
2002.0,94,T,34162,Not Applicable
2002.0,95,F,20642,Not Applicable
2002.0,95,M,6639,Not Applicable
2002.0,95,T,27281,Not Applicable
2002.0,96,F,16698,Not Applicable
2002.0,96,M,4926,Not Applicable
2002.0,96,T,21624,Not Applicable
2002.0,97,F,13419,Not Applicable
2002.0,97,M,3582,Not Applicable
2002.0,97,T,17001,Not Applicable
2002.0,98,F,10267,Not Applicable
2002.0,98,M,2623,Not Applicable
2002.0,98,T,12890,Not Applicable
2002.0,99,F,7734,Not Applicable
2002.0,99,M,1752,Not Applicable
2002.0,99,T,9486,Not Applicable
2002.0,100,F,15892,Not Applicable
2002.0,100,M,2930,Not Applicable
2002.0,100,T,18822,Not Applicable
2002.0,NS,F,75,Not Applicable
2002.0,NS,M,282,Not Applicable
2002.0,NS,T,357,Not Applicable
2003.0,0,F,12123,1942634
2003.0,0,M,15902,2033237
2003.0,0,T,28025,3975871
2003.0,1,F,804,1926719
2003.0,1,M,1060,2009420
2003.0,1,T,1864,3936139
2003.0,2,F,585,1959311
2003.0,2,M,753,2043525
2003.0,2,T,1338,4002836
2003.0,3,F,421,1885740
2003.0,3,M,582,1974987
2003.0,3,T,1003,3860727
2003.0,4,F,329,1864923
2003.0,4,M,431,1951950
2003.0,4,T,760,3816873
2003.0,5,F,270,1867683
2003.0,5,M,379,1955885
2003.0,5,T,649,3823568
2003.0,6,F,240,1877108
2003.0,6,M,342,1960653
2003.0,6,T,582,3837761
2003.0,7,F,256,1916822
2003.0,7,M,309,2007360
2003.0,7,T,565,3924182
2003.0,8,F,236,1946758
2003.0,8,M,322,2044317
2003.0,8,T,558,3991075
2003.0,9,F,256,1972876
2003.0,9,M,288,2071389
2003.0,9,T,544,4044265
2003.0,10,F,288,2049649
2003.0,10,M,395,2155393
2003.0,10,T,683,4205042
2003.0,11,F,273,2077602
2003.0,11,M,350,2176445
2003.0,11,T,623,4254047
2003.0,12,F,278,2114378
2003.0,12,M,478,2218609
2003.0,12,T,756,4332987
2003.0,13,F,346,2144999
2003.0,13,M,565,2256394
2003.0,13,T,911,4401393
2003.0,14,F,361,2058247
2003.0,14,M,722,2163637
2003.0,14,T,1083,4221884
2003.0,15,F,489,2032351
2003.0,15,M,908,2140303
2003.0,15,T,1397,4172654
2003.0,16,F,705,2012581
2003.0,16,M,1481,2126560
2003.0,16,T,2186,4139141
2003.0,17,F,794,2015547
2003.0,17,M,1908,2144766
2003.0,17,T,2702,4160313
2003.0,18,F,983,2032257
2003.0,18,M,2554,2169578
2003.0,18,T,3537,4201835
2003.0,19,F,918,1993831
2003.0,19,M,2855,2129392
2003.0,19,T,3773,4123223
2003.0,20,F,965,2010652
2003.0,20,M,2978,2146225
2003.0,20,T,3943,4156877
2003.0,21,F,988,2031746
2003.0,21,M,3031,2135808
2003.0,21,T,4019,4167554
2003.0,22,F,1037,2057360
2003.0,22,M,3124,2117934
2003.0,22,T,4161,4175294
2003.0,23,F,1012,2048153
2003.0,23,M,2992,2099624
2003.0,23,T,4004,4147777
2003.0,24,F,1007,1945812
2003.0,24,M,2839,1998374
2003.0,24,T,3846,3944186
2003.0,25,F,946,1898603
2003.0,25,M,2669,1943865
2003.0,25,T,3615,3842468
2003.0,26,F,1021,1870192
2003.0,26,M,2655,1901518
2003.0,26,T,3676,3771710
2003.0,27,F,1053,1831742
2003.0,27,M,2551,1856904
2003.0,27,T,3604,3688646
2003.0,28,F,1034,1882450
2003.0,28,M,2542,1912388
2003.0,28,T,3576,3794838
2003.0,29,F,1153,1824117
2003.0,29,M,2626,1849806
2003.0,29,T,3779,3673923
2003.0,30,F,1193,1894832
2003.0,30,M,2713,1918704
2003.0,30,T,3906,3813536
2003.0,31,F,1346,1979254
2003.0,31,M,2910,1994472
2003.0,31,T,4256,3973726
2003.0,32,F,1464,2120394
2003.0,32,M,3255,2124673
2003.0,32,T,4719,4245067
2003.0,33,F,1730,2154626
2003.0,33,M,3333,2182673
2003.0,33,T,5063,4337299
2003.0,34,F,1758,2044712
2003.0,34,M,3348,2057870
2003.0,34,T,5106,4102582
2003.0,35,F,1981,2018457
2003.0,35,M,3556,2024193
2003.0,35,T,5537,4042650
2003.0,36,F,2116,2031827
2003.0,36,M,3836,2020135
2003.0,36,T,5952,4051962
2003.0,37,F,2397,2087581
2003.0,37,M,4242,2077426
2003.0,37,T,6639,4165007
2003.0,38,F,2718,2236167
2003.0,38,M,4785,2225884
2003.0,38,T,7503,4462051
2003.0,39,F,3102,2286069
2003.0,39,M,5322,2256420
2003.0,39,T,8424,4542489
2003.0,40,F,3476,2285662
2003.0,40,M,5736,2243727
2003.0,40,T,9212,4529389
2003.0,41,F,3768,2296230
2003.0,41,M,6393,2260614
2003.0,41,T,10161,4556844
2003.0,42,F,4167,2326876
2003.0,42,M,6943,2279589
2003.0,42,T,11110,4606465
2003.0,43,F,4444,2363514
2003.0,43,M,7585,2335874
2003.0,43,T,12029,4699388
2003.0,44,F,4857,2274320
2003.0,44,M,8037,2223641
2003.0,44,T,12894,4497961
2003.0,45,F,5185,2275557
2003.0,45,M,8488,2224414
2003.0,45,T,13673,4499971
2003.0,46,F,5587,2262137
2003.0,46,M,9386,2200290
2003.0,46,T,14973,4462427
2003.0,47,F,5757,2183207
2003.0,47,M,9839,2117276
2003.0,47,T,15596,4300483
2003.0,48,F,6083,2186886
2003.0,48,M,10496,2131053
2003.0,48,T,16579,4317939
2003.0,49,F,6422,2109478
2003.0,49,M,10930,2032378
2003.0,49,T,17352,4141856
2003.0,50,F,6683,2041746
2003.0,50,M,11372,1957066
2003.0,50,T,18055,3998812
2003.0,51,F,7020,1982259
2003.0,51,M,11826,1903885
2003.0,51,T,18846,3886144
2003.0,52,F,7340,1935134
2003.0,52,M,12166,1846875
2003.0,52,T,19506,3782009
2003.0,53,F,7663,1931805
2003.0,53,M,12578,1851585
2003.0,53,T,20241,3783390
2003.0,54,F,8359,1868710
2003.0,54,M,13601,1778213
2003.0,54,T,21960,3646923
2003.0,55,F,8954,1848350
2003.0,55,M,14307,1753341
2003.0,55,T,23261,3601691
2003.0,56,F,9833,1941139
2003.0,56,M,15540,1844529
2003.0,56,T,25373,3785668
2003.0,57,F,8660,1458769
2003.0,57,M,13169,1372827
2003.0,57,T,21829,2831596
2003.0,58,F,9403,1456110
2003.0,58,M,13913,1365498
2003.0,58,T,23316,2821608
2003.0,59,F,10301,1437588
2003.0,59,M,15259,1336406
2003.0,59,T,25560,2773994
2003.0,60,F,11428,1481214
2003.0,60,M,16717,1368194
2003.0,60,T,28145,2849408
2003.0,61,F,11140,1322858
2003.0,61,M,16369,1212101
2003.0,61,T,27509,2534959
2003.0,62,F,11526,1232608
2003.0,62,M,16600,1119523
2003.0,62,T,28126,2352131
2003.0,63,F,11980,1201532
2003.0,63,M,16901,1087611
2003.0,63,T,28881,2289143
2003.0,64,F,12833,1139251
2003.0,64,M,17686,1029496
2003.0,64,T,30519,2168747
2003.0,65,F,13333,1124059
2003.0,65,M,18427,1001903
2003.0,65,T,31760,2125962
2003.0,66,F,13730,1062639
2003.0,66,M,18805,937277
2003.0,66,T,32535,1999916
2003.0,67,F,14955,1048005
2003.0,67,M,20079,913146
2003.0,67,T,35034,1961151
2003.0,68,F,16040,1051571
2003.0,68,M,21144,904419
2003.0,68,T,37184,1955990
2003.0,69,F,16444,967432
2003.0,69,M,21860,820345
2003.0,69,T,38304,1787777
2003.0,70,F,18349,969166
2003.0,70,M,23025,808170
2003.0,70,T,41374,1777336
2003.0,71,F,19539,964958
2003.0,71,M,24264,795334
2003.0,71,T,43803,1760292
2003.0,72,F,21437,959437
2003.0,72,M,26525,776914
2003.0,72,T,47962,1736351
2003.0,73,F,23401,977035
2003.0,73,M,28299,774554
2003.0,73,T,51700,1751589
2003.0,74,F,24848,923900
2003.0,74,M,28993,720651
2003.0,74,T,53841,1644551
2003.0,75,F,27197,919089
2003.0,75,M,31567,698219
2003.0,75,T,58764,1617308
2003.0,76,F,29302,899842
2003.0,76,M,32623,667787
2003.0,76,T,61925,1567629
2003.0,77,F,31494,868089
2003.0,77,M,33162,621701
2003.0,77,T,64656,1489790
2003.0,78,F,33902,861328
2003.0,78,M,34557,595667
2003.0,78,T,68459,1456995
2003.0,79,F,35936,817634
2003.0,79,M,35445,548486
2003.0,79,T,71381,1366120
2003.0,80,F,37554,760319
2003.0,80,M,35528,499405
2003.0,80,T,73082,1259724
2003.0,81,F,39965,732492
2003.0,81,M,36401,464268
2003.0,81,T,76366,1196760
2003.0,82,F,41696,683447
2003.0,82,M,35917,417522
2003.0,82,T,77613,1100969
2003.0,83,F,42363,630578
2003.0,83,M,34900,367149
2003.0,83,T,77263,997727
2003.0,84,F,41283,540339
2003.0,84,M,32232,303077
2003.0,84,T,73515,843416
2003.0,85,F,42806,Not Applicable
2003.0,85,M,31099,Not Applicable
2003.0,85,T,73905,Not Applicable
2003.0,86,F,42681,Not Applicable
2003.0,86,M,29184,Not Applicable
2003.0,86,T,71865,Not Applicable
2003.0,87,F,42462,Not Applicable
2003.0,87,M,27213,Not Applicable
2003.0,87,T,69675,Not Applicable
2003.0,88,F,42446,Not Applicable
2003.0,88,M,25248,Not Applicable
2003.0,88,T,67694,Not Applicable
2003.0,89,F,41275,Not Applicable
2003.0,89,M,22433,Not Applicable
2003.0,89,T,63708,Not Applicable
2003.0,90,F,38694,Not Applicable
2003.0,90,M,19792,Not Applicable
2003.0,90,T,58486,Not Applicable
2003.0,91,F,35770,Not Applicable
2003.0,91,M,16657,Not Applicable
2003.0,91,T,52427,Not Applicable
2003.0,92,F,32721,Not Applicable
2003.0,92,M,13714,Not Applicable
2003.0,92,T,46435,Not Applicable
2003.0,93,F,29224,Not Applicable
2003.0,93,M,11225,Not Applicable
2003.0,93,T,40449,Not Applicable
2003.0,94,F,24832,Not Applicable
2003.0,94,M,8774,Not Applicable
2003.0,94,T,33606,Not Applicable
2003.0,95,F,21660,Not Applicable
2003.0,95,M,6905,Not Applicable
2003.0,95,T,28565,Not Applicable
2003.0,96,F,17240,Not Applicable
2003.0,96,M,5166,Not Applicable
2003.0,96,T,22406,Not Applicable
2003.0,97,F,13514,Not Applicable
2003.0,97,M,3501,Not Applicable
2003.0,97,T,17015,Not Applicable
2003.0,98,F,10390,Not Applicable
2003.0,98,M,2502,Not Applicable
2003.0,98,T,12892,Not Applicable
2003.0,99,F,7595,Not Applicable
2003.0,99,M,1798,Not Applicable
2003.0,99,T,9393,Not Applicable
2003.0,100,F,16330,Not Applicable
2003.0,100,M,3001,Not Applicable
2003.0,100,T,19331,Not Applicable
2003.0,NS,F,71,Not Applicable
2003.0,NS,M,271,Not Applicable
2003.0,NS,T,342,Not Applicable
2004.0,0,F,12218,1962216
2004.0,0,M,15718,2052042
2004.0,0,T,27936,4014258
2004.0,1,F,908,1932894
2004.0,1,M,1056,2020169
2004.0,1,T,1964,3953063
2004.0,2,F,524,1925324
2004.0,2,M,670,2008411
2004.0,2,T,1194,3933735
2004.0,3,F,382,1962287
2004.0,3,M,507,2045933
2004.0,3,T,889,4008220
2004.0,4,F,322,1892670
2004.0,4,M,416,1983939
2004.0,4,T,738,3876609
2004.0,5,F,304,1871767
2004.0,5,M,353,1957840
2004.0,5,T,657,3829607
2004.0,6,F,251,1867533
2004.0,6,M,351,1954556
2004.0,6,T,602,3822089
2004.0,7,F,225,1883869
2004.0,7,M,313,1966777
2004.0,7,T,538,3850646
2004.0,8,F,224,1920442
2004.0,8,M,297,2012719
2004.0,8,T,521,3933161
2004.0,9,F,239,1959620
2004.0,9,M,331,2059114
2004.0,9,T,570,4018734
2004.0,10,F,259,2026099
2004.0,10,M,318,2125852
2004.0,10,T,577,4151951
2004.0,11,F,235,2050854
2004.0,11,M,346,2156867
2004.0,11,T,581,4207721
2004.0,12,F,279,2097086
2004.0,12,M,455,2196464
2004.0,12,T,734,4293550
2004.0,13,F,349,2122487
2004.0,13,M,531,2227712
2004.0,13,T,880,4350199
2004.0,14,F,470,2147180
2004.0,14,M,704,2261079
2004.0,14,T,1174,4408259
2004.0,15,F,536,2076760
2004.0,15,M,991,2188103
2004.0,15,T,1527,4264863
2004.0,16,F,739,2048548
2004.0,16,M,1471,2165214
2004.0,16,T,2210,4213762
2004.0,17,F,819,2021150
2004.0,17,M,1893,2146158
2004.0,17,T,2712,4167308
2004.0,18,F,966,2041748
2004.0,18,M,2525,2172313
2004.0,18,T,3491,4214061
2004.0,19,F,968,2054587
2004.0,19,M,2798,2187971
2004.0,19,T,3766,4242558
2004.0,20,F,916,1998909
2004.0,20,M,2832,2132862
2004.0,20,T,3748,4131771
2004.0,21,F,971,2024168
2004.0,21,M,3124,2156023
2004.0,21,T,4095,4180191
2004.0,22,F,959,2035635
2004.0,22,M,3061,2137442
2004.0,22,T,4020,4173077
2004.0,23,F,948,2069230
2004.0,23,M,2957,2123444
2004.0,23,T,3905,4192674
2004.0,24,F,1012,2062699
2004.0,24,M,2935,2105148
2004.0,24,T,3947,4167847
2004.0,25,F,947,1970554
2004.0,25,M,2909,2010965
2004.0,25,T,3856,3981519
2004.0,26,F,1042,1904276
2004.0,26,M,2741,1933949
2004.0,26,T,3783,3838225
2004.0,27,F,1048,1890889
2004.0,27,M,2735,1910787
2004.0,27,T,3783,3801676
2004.0,28,F,1039,1835016
2004.0,28,M,2512,1862479
2004.0,28,T,3551,3697495
2004.0,29,F,1141,1878345
2004.0,29,M,2657,1909795
2004.0,29,T,3798,3788140
2004.0,30,F,1120,1853220
2004.0,30,M,2472,1884720
2004.0,30,T,3592,3737940
2004.0,31,F,1245,1889889
2004.0,31,M,2735,1901095
2004.0,31,T,3980,3790984
2004.0,32,F,1485,2006472
2004.0,32,M,3030,2017316
2004.0,32,T,4515,4023788
2004.0,33,F,1608,2129110
2004.0,33,M,3192,2128284
2004.0,33,T,4800,4257394
2004.0,34,F,1834,2162454
2004.0,34,M,3376,2186941
2004.0,34,T,5210,4349395
2004.0,35,F,1875,2057123
2004.0,35,M,3620,2069933
2004.0,35,T,5495,4127056
2004.0,36,F,1960,2025428
2004.0,36,M,3646,2023152
2004.0,36,T,5606,4048580
2004.0,37,F,2254,2034825
2004.0,37,M,3966,2017065
2004.0,37,T,6220,4051890
2004.0,38,F,2492,2093890
2004.0,38,M,4339,2080137
2004.0,38,T,6831,4174027
2004.0,39,F,2878,2242054
2004.0,39,M,4914,2231042
2004.0,39,T,7792,4473096
2004.0,40,F,3375,2287941
2004.0,40,M,5492,2252988
2004.0,40,T,8867,4540929
2004.0,41,F,3575,2291770
2004.0,41,M,6079,2248606
2004.0,41,T,9654,4540376
2004.0,42,F,4037,2296066
2004.0,42,M,6704,2258953
2004.0,42,T,10741,4555019
2004.0,43,F,4497,2331007
2004.0,43,M,7212,2279113
2004.0,43,T,11709,4610120
2004.0,44,F,4742,2355630
2004.0,44,M,7705,2323552
2004.0,44,T,12447,4679182
2004.0,45,F,5140,2271294
2004.0,45,M,8465,2215272
2004.0,45,T,13605,4486566
2004.0,46,F,5727,2278419
2004.0,46,M,9078,2227648
2004.0,46,T,14805,4506067
2004.0,47,F,5904,2265496
2004.0,47,M,9905,2199700
2004.0,47,T,15809,4465196
2004.0,48,F,6114,2179769
2004.0,48,M,10254,2107717
2004.0,48,T,16368,4287486
2004.0,49,F,6528,2189528
2004.0,49,M,10812,2130419
2004.0,49,T,17340,4319947
2004.0,50,F,6897,2102958
2004.0,50,M,11468,2018146
2004.0,50,T,18365,4121104
2004.0,51,F,7081,2048324
2004.0,51,M,12031,1961738
2004.0,51,T,19112,4010062
2004.0,52,F,7324,1976684
2004.0,52,M,12644,1891504
2004.0,52,T,19968,3868188
2004.0,53,F,7550,1937112
2004.0,53,M,13101,1845760
2004.0,53,T,20651,3782872
2004.0,54,F,8269,1934545
2004.0,54,M,13405,1847897
2004.0,54,T,21674,3782442
2004.0,55,F,8760,1859415
2004.0,55,M,14012,1758586
2004.0,55,T,22772,3618001
2004.0,56,F,9456,1850723
2004.0,56,M,14806,1753133
2004.0,56,T,24262,3603856
2004.0,57,F,10556,1933353
2004.0,57,M,16282,1830349
2004.0,57,T,26838,3763702
2004.0,58,F,9234,1455355
2004.0,58,M,13859,1364399
2004.0,58,T,23093,2819754
2004.0,59,F,9757,1449103
2004.0,59,M,14441,1352760
2004.0,59,T,24198,2801863
2004.0,60,F,10618,1423305
2004.0,60,M,15745,1315754
2004.0,60,T,26363,2739059
2004.0,61,F,12004,1482907
2004.0,61,M,17418,1365695
2004.0,61,T,29422,2848602
2004.0,62,F,11782,1316213
2004.0,62,M,16972,1199144
2004.0,62,T,28754,2515357
2004.0,63,F,11937,1226632
2004.0,63,M,17039,1108921
2004.0,63,T,28976,2335553
2004.0,64,F,12561,1188741
2004.0,64,M,17458,1070816
2004.0,64,T,30019,2259557
2004.0,65,F,13158,1132615
2004.0,65,M,18136,1015816
2004.0,65,T,31294,2148431
2004.0,66,F,13962,1112641
2004.0,66,M,18932,986009
2004.0,66,T,32894,2098650
2004.0,67,F,14607,1052462
2004.0,67,M,19426,922625
2004.0,67,T,34033,1975087
2004.0,68,F,15387,1035666
2004.0,68,M,20402,895181
2004.0,68,T,35789,1930847
2004.0,69,F,16415,1037034
2004.0,69,M,21559,883380
2004.0,69,T,37974,1920414
2004.0,70,F,17435,948585
2004.0,70,M,21909,796318
2004.0,70,T,39344,1744903
2004.0,71,F,18663,956125
2004.0,71,M,23279,791222
2004.0,71,T,41942,1747347
2004.0,72,F,20717,944588
2004.0,72,M,24605,769205
2004.0,72,T,45322,1713793
2004.0,73,F,22002,939444
2004.0,73,M,26518,752487
2004.0,73,T,48520,1691931
2004.0,74,F,24429,951203
2004.0,74,M,28125,744927
2004.0,74,T,52554,1696130
2004.0,75,F,25633,894247
2004.0,75,M,29456,686874
2004.0,75,T,55089,1581121
2004.0,76,F,28040,895466
2004.0,76,M,31094,671287
2004.0,76,T,59134,1566753
2004.0,77,F,30070,868370
2004.0,77,M,32307,633496
2004.0,77,T,62377,1501866
2004.0,78,F,32107,837128
2004.0,78,M,33271,588554
2004.0,78,T,65378,1425682
2004.0,79,F,34588,826108
2004.0,79,M,34180,559869
2004.0,79,T,68768,1385977
2004.0,80,F,36381,777143
2004.0,80,M,34934,509590
2004.0,80,T,71315,1286733
2004.0,81,F,38282,724777
2004.0,81,M,34504,464757
2004.0,81,T,72786,1189534
2004.0,82,F,40870,689937
2004.0,82,M,35518,425169
2004.0,82,T,76388,1115106
2004.0,83,F,41932,641326
2004.0,83,M,35135,381825
2004.0,83,T,77067,1023151
2004.0,84,F,42658,584240
2004.0,84,M,33270,329740
2004.0,84,T,75928,913980
2004.0,85,F,41135,Not Applicable
2004.0,85,M,29981,Not Applicable
2004.0,85,T,71116,Not Applicable
2004.0,86,F,41718,Not Applicable
2004.0,86,M,29575,Not Applicable
2004.0,86,T,71293,Not Applicable
2004.0,87,F,41332,Not Applicable
2004.0,87,M,26764,Not Applicable
2004.0,87,T,68096,Not Applicable
2004.0,88,F,40458,Not Applicable
2004.0,88,M,24777,Not Applicable
2004.0,88,T,65235,Not Applicable
2004.0,89,F,39830,Not Applicable
2004.0,89,M,22570,Not Applicable
2004.0,89,T,62400,Not Applicable
2004.0,90,F,37782,Not Applicable
2004.0,90,M,19583,Not Applicable
2004.0,90,T,57365,Not Applicable
2004.0,91,F,35252,Not Applicable
2004.0,91,M,16594,Not Applicable
2004.0,91,T,51846,Not Applicable
2004.0,92,F,31494,Not Applicable
2004.0,92,M,13814,Not Applicable
2004.0,92,T,45308,Not Applicable
2004.0,93,F,28401,Not Applicable
2004.0,93,M,11086,Not Applicable
2004.0,93,T,39487,Not Applicable
2004.0,94,F,24564,Not Applicable
2004.0,94,M,9091,Not Applicable
2004.0,94,T,33655,Not Applicable
2004.0,95,F,20334,Not Applicable
2004.0,95,M,6740,Not Applicable
2004.0,95,T,27074,Not Applicable
2004.0,96,F,16781,Not Applicable
2004.0,96,M,5257,Not Applicable
2004.0,96,T,22038,Not Applicable
2004.0,97,F,13240,Not Applicable
2004.0,97,M,3622,Not Applicable
2004.0,97,T,16862,Not Applicable
2004.0,98,F,9879,Not Applicable
2004.0,98,M,2487,Not Applicable
2004.0,98,T,12366,Not Applicable
2004.0,99,F,7392,Not Applicable
2004.0,99,M,1714,Not Applicable
2004.0,99,T,9106,Not Applicable
2004.0,100,F,15531,Not Applicable
2004.0,100,M,2995,Not Applicable
2004.0,100,T,18526,Not Applicable
2004.0,NS,F,72,Not Applicable
2004.0,NS,M,274,Not Applicable
2004.0,NS,T,346,Not Applicable
2005.0,0,F,12422,1956682
2005.0,0,M,16018,2047711
2005.0,0,T,28440,4004393
2005.0,1,F,827,1950494
2005.0,1,M,1088,2036538
2005.0,1,T,1915,3987032
2005.0,2,F,506,1932337
2005.0,2,M,738,2020295
2005.0,2,T,1244,3952632
2005.0,3,F,354,1930395
2005.0,3,M,521,2012820
2005.0,3,T,875,3943215
2005.0,4,F,304,1971897
2005.0,4,M,418,2058231
2005.0,4,T,722,4030128
2005.0,5,F,260,1901483
2005.0,5,M,336,1991645
2005.0,5,T,596,3893128
2005.0,6,F,288,1871697
2005.0,6,M,331,1956456
2005.0,6,T,619,3828153
2005.0,7,F,257,1876179
2005.0,7,M,290,1962661
2005.0,7,T,547,3838840
2005.0,8,F,235,1888355
2005.0,8,M,295,1973522
2005.0,8,T,530,3861877
2005.0,9,F,241,1936186
2005.0,9,M,304,2030883
2005.0,9,T,545,3967069
2005.0,10,F,223,2024518
2005.0,10,M,286,2125604
2005.0,10,T,509,4150122
2005.0,11,F,244,2024711
2005.0,11,M,357,2124517
2005.0,11,T,601,4149228
2005.0,12,F,268,2072265
2005.0,12,M,379,2178897
2005.0,12,T,647,4251162
2005.0,13,F,317,2104267
2005.0,13,M,532,2204584
2005.0,13,T,849,4308851
2005.0,14,F,416,2122621
2005.0,14,M,743,2230595
2005.0,14,T,1159,4353216
2005.0,15,F,486,2168521
2005.0,15,M,1028,2288448
2005.0,15,T,1514,4456969
2005.0,16,F,676,2094194
2005.0,16,M,1430,2213951
2005.0,16,T,2106,4308145
2005.0,17,F,811,2055847
2005.0,17,M,1949,2183662
2005.0,17,T,2760,4239509
2005.0,18,F,905,2050714
2005.0,18,M,2549,2174412
2005.0,18,T,3454,4225126
2005.0,19,F,939,2065513
2005.0,19,M,2930,2190952
2005.0,19,T,3869,4256465
2005.0,20,F,928,2055521
2005.0,20,M,2931,2185676
2005.0,20,T,3859,4241197
2005.0,21,F,954,2011168
2005.0,21,M,3223,2139490
2005.0,21,T,4177,4150658
2005.0,22,F,991,2024927
2005.0,22,M,3198,2151169
2005.0,22,T,4189,4176096
2005.0,23,F,1002,2046870
2005.0,23,M,3180,2136786
2005.0,23,T,4182,4183656
2005.0,24,F,1033,2084320
2005.0,24,M,3091,2124028
2005.0,24,T,4124,4208348
2005.0,25,F,1057,2090577
2005.0,25,M,3062,2115519
2005.0,25,T,4119,4206096
2005.0,26,F,1030,1973649
2005.0,26,M,2976,1993073
2005.0,26,T,4006,3966722
2005.0,27,F,1019,1927615
2005.0,27,M,2877,1942425
2005.0,27,T,3896,3870040
2005.0,28,F,1120,1891577
2005.0,28,M,2740,1913949
2005.0,28,T,3860,3805526
2005.0,29,F,1100,1829126
2005.0,29,M,2587,1857200
2005.0,29,T,3687,3686326
2005.0,30,F,1226,1914556
2005.0,30,M,2714,1952025
2005.0,30,T,3940,3866581
2005.0,31,F,1277,1845744
2005.0,31,M,2787,1859850
2005.0,31,T,4064,3705594
2005.0,32,F,1486,1921927
2005.0,32,M,2958,1926111
2005.0,32,T,4444,3848038
2005.0,33,F,1581,2015588
2005.0,33,M,3098,2019457
2005.0,33,T,4679,4035045
2005.0,34,F,1746,2137339
2005.0,34,M,3484,2131340
2005.0,34,T,5230,4268679
2005.0,35,F,1931,2176855
2005.0,35,M,3570,2200202
2005.0,35,T,5501,4377057
2005.0,36,F,2063,2064403
2005.0,36,M,3583,2066098
2005.0,36,T,5646,4130501
2005.0,37,F,2164,2028122
2005.0,37,M,3928,2016811
2005.0,37,T,6092,4044933
2005.0,38,F,2405,2041731
2005.0,38,M,4225,2018877
2005.0,38,T,6630,4060608
2005.0,39,F,2846,2100509
2005.0,39,M,4705,2085045
2005.0,39,T,7551,4185554
2005.0,40,F,3157,2244129
2005.0,40,M,5437,2226254
2005.0,40,T,8594,4470383
2005.0,41,F,3600,2295371
2005.0,41,M,5954,2258597
2005.0,41,T,9554,4553968
2005.0,42,F,4039,2291530
2005.0,42,M,6734,2245748
2005.0,42,T,10773,4537278
2005.0,43,F,4487,2301346
2005.0,43,M,7189,2258382
2005.0,43,T,11676,4559728
2005.0,44,F,4784,2321347
2005.0,44,M,7984,2264181
2005.0,44,T,12768,4585528
2005.0,45,F,5163,2352677
2005.0,45,M,8619,2314057
2005.0,45,T,13782,4666734
2005.0,46,F,5623,2276013
2005.0,46,M,9091,2220792
2005.0,46,T,14714,4496805
2005.0,47,F,6027,2283353
2005.0,47,M,9752,2228342
2005.0,47,T,15779,4511695
2005.0,48,F,6478,2261293
2005.0,48,M,10491,2188567
2005.0,48,T,16969,4449860
2005.0,49,F,6813,2183752
2005.0,49,M,11326,2108325
2005.0,49,T,18139,4292077
2005.0,50,F,7250,2181791
2005.0,50,M,11933,2113557
2005.0,50,T,19183,4295348
2005.0,51,F,7577,2112391
2005.0,51,M,12349,2026203
2005.0,51,T,19926,4138594
2005.0,52,F,7840,2041805
2005.0,52,M,13341,1947260
2005.0,52,T,21181,3989065
2005.0,53,F,8021,1980116
2005.0,53,M,13598,1891790
2005.0,53,T,21619,3871906
2005.0,54,F,8266,1941338
2005.0,54,M,13972,1842482
2005.0,54,T,22238,3783820
2005.0,55,F,8778,1923637
2005.0,55,M,14622,1824610
2005.0,55,T,23400,3748247
2005.0,56,F,9364,1863943
2005.0,56,M,14965,1761297
2005.0,56,T,24329,3625240
2005.0,57,F,10221,1842786
2005.0,57,M,16057,1739222
2005.0,57,T,26278,3582008
2005.0,58,F,11305,1929365
2005.0,58,M,17318,1819296
2005.0,58,T,28623,3748661
2005.0,59,F,9822,1448128
2005.0,59,M,15026,1350936
2005.0,59,T,24848,2799064
2005.0,60,F,10360,1433435
2005.0,60,M,15690,1330174
2005.0,60,T,26050,2763609
2005.0,61,F,11446,1428216
2005.0,61,M,16640,1316923
2005.0,61,T,28086,2745139
2005.0,62,F,13032,1475790
2005.0,62,M,18863,1351274
2005.0,62,T,31895,2827064
2005.0,63,F,12736,1310319
2005.0,63,M,18144,1188493
2005.0,63,T,30880,2498812
2005.0,64,F,12808,1212791
2005.0,64,M,18104,1090862
2005.0,64,T,30912,2303653
2005.0,65,F,13226,1183371
2005.0,65,M,18307,1057487
2005.0,65,T,31533,2240858
2005.0,66,F,13977,1121292
2005.0,66,M,18813,1000448
2005.0,66,T,32790,2121740
2005.0,67,F,14804,1102944
2005.0,67,M,19971,971691
2005.0,67,T,34775,2074635
2005.0,68,F,15415,1040489
2005.0,68,M,20150,904790
2005.0,68,T,35565,1945279
2005.0,69,F,16402,1021404
2005.0,69,M,21171,874711
2005.0,69,T,37573,1896115
2005.0,70,F,17757,1016272
2005.0,70,M,22745,857454
2005.0,70,T,40502,1873726
2005.0,71,F,18588,937061
2005.0,71,M,23027,781306
2005.0,71,T,41615,1718367
2005.0,72,F,19942,935793
2005.0,72,M,24506,765167
2005.0,72,T,44448,1700960
2005.0,73,F,21848,925511
2005.0,73,M,26520,746001
2005.0,73,T,48368,1671512
2005.0,74,F,23589,914432
2005.0,74,M,27597,724073
2005.0,74,T,51186,1638505
2005.0,75,F,25377,920144
2005.0,75,M,29290,709619
2005.0,75,T,54667,1629763
2005.0,76,F,27241,872922
2005.0,76,M,29912,662437
2005.0,76,T,57153,1535359
2005.0,77,F,29705,864332
2005.0,77,M,32418,637311
2005.0,77,T,62123,1501643
2005.0,78,F,32329,838488
2005.0,78,M,33317,600987
2005.0,78,T,65646,1439475
2005.0,79,F,34122,803370
2005.0,79,M,34177,553999
2005.0,79,T,68299,1357369
2005.0,80,F,37197,785122
2005.0,80,M,35000,520539
2005.0,80,T,72197,1305661
2005.0,81,F,38715,742630
2005.0,81,M,35559,475653
2005.0,81,T,74274,1218283
2005.0,82,F,40121,683339
2005.0,82,M,35276,426417
2005.0,82,T,75397,1109756
2005.0,83,F,42586,648391
2005.0,83,M,35549,390040
2005.0,83,T,78135,1038431
2005.0,84,F,44037,595097
2005.0,84,M,34737,343965
2005.0,84,T,78774,939062
2005.0,85,F,44044,Not Applicable
2005.0,85,M,33016,Not Applicable
2005.0,85,T,77060,Not Applicable
2005.0,86,F,42471,Not Applicable
2005.0,86,M,29462,Not Applicable
2005.0,86,T,71933,Not Applicable
2005.0,87,F,42701,Not Applicable
2005.0,87,M,28509,Not Applicable
2005.0,87,T,71210,Not Applicable
2005.0,88,F,41824,Not Applicable
2005.0,88,M,25669,Not Applicable
2005.0,88,T,67493,Not Applicable
2005.0,89,F,40546,Not Applicable
2005.0,89,M,23156,Not Applicable
2005.0,89,T,63702,Not Applicable
2005.0,90,F,39561,Not Applicable
2005.0,90,M,20711,Not Applicable
2005.0,90,T,60272,Not Applicable
2005.0,91,F,36733,Not Applicable
2005.0,91,M,17777,Not Applicable
2005.0,91,T,54510,Not Applicable
2005.0,92,F,33645,Not Applicable
2005.0,92,M,14915,Not Applicable
2005.0,92,T,48560,Not Applicable
2005.0,93,F,29451,Not Applicable
2005.0,93,M,12107,Not Applicable
2005.0,93,T,41558,Not Applicable
2005.0,94,F,25290,Not Applicable
2005.0,94,M,9516,Not Applicable
2005.0,94,T,34806,Not Applicable
2005.0,95,F,21716,Not Applicable
2005.0,95,M,7270,Not Applicable
2005.0,95,T,28986,Not Applicable
2005.0,96,F,17700,Not Applicable
2005.0,96,M,5275,Not Applicable
2005.0,96,T,22975,Not Applicable
2005.0,97,F,14044,Not Applicable
2005.0,97,M,4007,Not Applicable
2005.0,97,T,18051,Not Applicable
2005.0,98,F,10554,Not Applicable
2005.0,98,M,2630,Not Applicable
2005.0,98,T,13184,Not Applicable
2005.0,99,F,7775,Not Applicable
2005.0,99,M,1790,Not Applicable
2005.0,99,T,9565,Not Applicable
2005.0,100,F,16318,Not Applicable
2005.0,100,M,2986,Not Applicable
2005.0,100,T,19304,Not Applicable
2005.0,NS,F,56,Not Applicable
2005.0,NS,M,199,Not Applicable
2005.0,NS,T,255,Not Applicable
2006.0,0,F,12547,1975919
2006.0,0,M,15980,2065819
2006.0,0,T,28527,4041738
2006.0,1,F,866,1942541
2006.0,1,M,975,2029583
2006.0,1,T,1841,3972124
2006.0,2,F,549,1950420
2006.0,2,M,669,2037699
2006.0,2,T,1218,3988119
2006.0,3,F,362,1939447
2006.0,3,M,502,2026575
2006.0,3,T,864,3966022
2006.0,4,F,313,1942684
2006.0,4,M,395,2028196
2006.0,4,T,708,3970880
2006.0,5,F,280,1982961
2006.0,5,M,407,2067621
2006.0,5,T,687,4050582
2006.0,6,F,260,1901451
2006.0,6,M,284,1989878
2006.0,6,T,544,3891329
2006.0,7,F,222,1882266
2006.0,7,M,286,1966492
2006.0,7,T,508,3848758
2006.0,8,F,212,1881597
2006.0,8,M,302,1970668
2006.0,8,T,514,3852265
2006.0,9,F,210,1906898
2006.0,9,M,272,1994856
2006.0,9,T,482,3901754
2006.0,10,F,228,2012412
2006.0,10,M,283,2108693
2006.0,10,T,511,4121105
2006.0,11,F,226,2020446
2006.0,11,M,344,2121524
2006.0,11,T,570,4141970
2006.0,12,F,241,2048001
2006.0,12,M,342,2148879
2006.0,12,T,583,4196880
2006.0,13,F,290,2078526
2006.0,13,M,468,2186207
2006.0,13,T,758,4264733
2006.0,14,F,355,2102559
2006.0,14,M,637,2205891
2006.0,14,T,992,4308450
2006.0,15,F,475,2146323
2006.0,15,M,939,2260192
2006.0,15,T,1414,4406515
2006.0,16,F,705,2187586
2006.0,16,M,1447,2315411
2006.0,16,T,2152,4502997
2006.0,17,F,766,2100214
2006.0,17,M,1958,2231279
2006.0,17,T,2724,4331493
2006.0,18,F,907,2088493
2006.0,18,M,2632,2212557
2006.0,18,T,3539,4301050
2006.0,19,F,968,2074677
2006.0,19,M,2942,2190977
2006.0,19,T,3910,4265654
2006.0,20,F,918,2063126
2006.0,20,M,3087,2184969
2006.0,20,T,4005,4248095
2006.0,21,F,1060,2067384
2006.0,21,M,3293,2191406
2006.0,21,T,4353,4258790
2006.0,22,F,968,2009498
2006.0,22,M,3189,2132034
2006.0,22,T,4157,4141532
2006.0,23,F,961,2036060
2006.0,23,M,3314,2150367
2006.0,23,T,4275,4186427
2006.0,24,F,1089,2062716
2006.0,24,M,3269,2138575
2006.0,24,T,4358,4201291
2006.0,25,F,1092,2115632
2006.0,25,M,3253,2139011
2006.0,25,T,4345,4254643
2006.0,26,F,1121,2090828
2006.0,26,M,3095,2095497
2006.0,26,T,4216,4186325
2006.0,27,F,1198,1999674
2006.0,27,M,3078,2004824
2006.0,27,T,4276,4004498
2006.0,28,F,1101,1925997
2006.0,28,M,2875,1948157
2006.0,28,T,3976,3874154
2006.0,29,F,1204,1882291
2006.0,29,M,2880,1908100
2006.0,29,T,4084,3790391
2006.0,30,F,1182,1870844
2006.0,30,M,2800,1908207
2006.0,30,T,3982,3779051
2006.0,31,F,1329,1903298
2006.0,31,M,2949,1920967
2006.0,31,T,4278,3824265
2006.0,32,F,1380,1882413
2006.0,32,M,2861,1890125
2006.0,32,T,4241,3772538
2006.0,33,F,1499,1931252
2006.0,33,M,3025,1928913
2006.0,33,T,4524,3860165
2006.0,34,F,1658,2024111
2006.0,34,M,3372,2025038
2006.0,34,T,5030,4049149
2006.0,35,F,1959,2153617
2006.0,35,M,3794,2148987
2006.0,35,T,5753,4302604
2006.0,36,F,2117,2184485
2006.0,36,M,3778,2196017
2006.0,36,T,5895,4380502
2006.0,37,F,2175,2066577
2006.0,37,M,3872,2059996
2006.0,37,T,6047,4126573
2006.0,38,F,2387,2035923
2006.0,38,M,4158,2020763
2006.0,38,T,6545,4056686
2006.0,39,F,2730,2048846
2006.0,39,M,4529,2026022
2006.0,39,T,7259,4074868
2006.0,40,F,2953,2102820
2006.0,40,M,5122,2081774
2006.0,40,T,8075,4184594
2006.0,41,F,3436,2252637
2006.0,41,M,5701,2235552
2006.0,41,T,9137,4488189
2006.0,42,F,3957,2294736
2006.0,42,M,6528,2257544
2006.0,42,T,10485,4552280
2006.0,43,F,4400,2297856
2006.0,43,M,7107,2246886
2006.0,43,T,11507,4544742
2006.0,44,F,4779,2290114
2006.0,44,M,7561,2242649
2006.0,44,T,12340,4532763
2006.0,45,F,5242,2318320
2006.0,45,M,8314,2255226
2006.0,45,T,13556,4573546
2006.0,46,F,5527,2359182
2006.0,46,M,8989,2322962
2006.0,46,T,14516,4682144
2006.0,47,F,6038,2282479
2006.0,47,M,9752,2223663
2006.0,47,T,15790,4506142
2006.0,48,F,6516,2278808
2006.0,48,M,10668,2216534
2006.0,48,T,17184,4495342
2006.0,49,F,6927,2266666
2006.0,49,M,11295,2191446
2006.0,49,T,18222,4458112
2006.0,50,F,7190,2175011
2006.0,50,M,11991,2089893
2006.0,50,T,19181,4264904
2006.0,51,F,7601,2194302
2006.0,51,M,12611,2125890
2006.0,51,T,20212,4320192
2006.0,52,F,7965,2104762
2006.0,52,M,13362,2010094
2006.0,52,T,21327,4114856
2006.0,53,F,8187,2046556
2006.0,53,M,13901,1949539
2006.0,53,T,22088,3996095
2006.0,54,F,8666,1985489
2006.0,54,M,14289,1889337
2006.0,54,T,22955,3874826
2006.0,55,F,8979,1928603
2006.0,55,M,14662,1816409
2006.0,55,T,23641,3745012
2006.0,56,F,9397,1930335
2006.0,56,M,15155,1830564
2006.0,56,T,24552,3760899
2006.0,57,F,10088,1855370
2006.0,57,M,15926,1746603
2006.0,57,T,26014,3601973
2006.0,58,F,11030,1839667
2006.0,58,M,17295,1728992
2006.0,58,T,28325,3568659
2006.0,59,F,12186,1919090
2006.0,59,M,18335,1801227
2006.0,59,T,30521,3720317
2006.0,60,F,10567,1430756
2006.0,60,M,15732,1326336
2006.0,60,T,26299,2757092
2006.0,61,F,11048,1441590
2006.0,61,M,16062,1335279
2006.0,61,T,27110,2776869
2006.0,62,F,12271,1422085
2006.0,62,M,17719,1303566
2006.0,62,T,29990,2725651
2006.0,63,F,13679,1469890
2006.0,63,M,19467,1340312
2006.0,63,T,33146,2810202
2006.0,64,F,13169,1294668
2006.0,64,M,18634,1168771
2006.0,64,T,31803,2463439
2006.0,65,F,13386,1208196
2006.0,65,M,18502,1077812
2006.0,65,T,31888,2286008
2006.0,66,F,13688,1171707
2006.0,66,M,18994,1042044
2006.0,66,T,32682,2213751
2006.0,67,F,14652,1112106
2006.0,67,M,19825,986584
2006.0,67,T,34477,2098690
2006.0,68,F,15387,1090864
2006.0,68,M,20328,953381
2006.0,68,T,35715,2044245
2006.0,69,F,16049,1026329
2006.0,69,M,21072,884178
2006.0,69,T,37121,1910507
2006.0,70,F,17405,1000140
2006.0,70,M,21828,848416
2006.0,70,T,39233,1848556
2006.0,71,F,18621,1005603
2006.0,71,M,23053,843344
2006.0,71,T,41674,1848947
2006.0,72,F,19073,917086
2006.0,72,M,23260,755357
2006.0,72,T,42333,1672443
2006.0,73,F,21009,917734
2006.0,73,M,24888,743108
2006.0,73,T,45897,1660842
2006.0,74,F,22658,900873
2006.0,74,M,26415,718165
2006.0,74,T,49073,1619038
2006.0,75,F,24334,884121
2006.0,75,M,27997,689385
2006.0,75,T,52331,1573506
2006.0,76,F,26738,900407
2006.0,76,M,30129,686620
2006.0,76,T,56867,1587027
2006.0,77,F,28473,842943
2006.0,77,M,30619,629385
2006.0,77,T,59092,1472328
2006.0,78,F,30872,835874
2006.0,78,M,32192,605767
2006.0,78,T,63064,1441641
2006.0,79,F,33066,805791
2006.0,79,M,33290,566741
2006.0,79,T,66356,1372532
2006.0,80,F,35153,763565
2006.0,80,M,34018,515325
2006.0,80,T,69171,1278890
2006.0,81,F,37674,752401
2006.0,81,M,35082,487526
2006.0,81,T,72756,1239927
2006.0,82,F,39944,701199
2006.0,82,M,35188,436936
2006.0,82,T,75132,1138135
2006.0,83,F,40601,643892
2006.0,83,M,34416,392892
2006.0,83,T,75017,1036784
2006.0,84,F,43168,602492
2006.0,84,M,34384,351889
2006.0,84,T,77552,954381
2006.0,85,F,43864,Not Applicable
2006.0,85,M,33370,Not Applicable
2006.0,85,T,77234,Not Applicable
2006.0,86,F,43727,Not Applicable
2006.0,86,M,31193,Not Applicable
2006.0,86,T,74920,Not Applicable
2006.0,87,F,41384,Not Applicable
2006.0,87,M,27666,Not Applicable
2006.0,87,T,69050,Not Applicable
2006.0,88,F,41526,Not Applicable
2006.0,88,M,26404,Not Applicable
2006.0,88,T,67930,Not Applicable
2006.0,89,F,39802,Not Applicable
2006.0,89,M,23176,Not Applicable
2006.0,89,T,62978,Not Applicable
2006.0,90,F,38189,Not Applicable
2006.0,90,M,20438,Not Applicable
2006.0,90,T,58627,Not Applicable
2006.0,91,F,36345,Not Applicable
2006.0,91,M,18014,Not Applicable
2006.0,91,T,54359,Not Applicable
2006.0,92,F,33442,Not Applicable
2006.0,92,M,15118,Not Applicable
2006.0,92,T,48560,Not Applicable
2006.0,93,F,29582,Not Applicable
2006.0,93,M,12264,Not Applicable
2006.0,93,T,41846,Not Applicable
2006.0,94,F,25290,Not Applicable
2006.0,94,M,9680,Not Applicable
2006.0,94,T,34970,Not Applicable
2006.0,95,F,21488,Not Applicable
2006.0,95,M,7287,Not Applicable
2006.0,95,T,28775,Not Applicable
2006.0,96,F,17335,Not Applicable
2006.0,96,M,5438,Not Applicable
2006.0,96,T,22773,Not Applicable
2006.0,97,F,13678,Not Applicable
2006.0,97,M,3913,Not Applicable
2006.0,97,T,17591,Not Applicable
2006.0,98,F,10855,Not Applicable
2006.0,98,M,2735,Not Applicable
2006.0,98,T,13590,Not Applicable
2006.0,99,F,7712,Not Applicable
2006.0,99,M,1795,Not Applicable
2006.0,99,T,9507,Not Applicable
2006.0,100,F,16195,Not Applicable
2006.0,100,M,3087,Not Applicable
2006.0,100,T,19282,Not Applicable
2006.0,NS,F,49,Not Applicable
2006.0,NS,M,171,Not Applicable
2006.0,NS,T,220,Not Applicable
2007.0,0,F,12845,2027181
2007.0,0,M,16293,2120816
2007.0,0,T,29138,4147997
2007.0,1,F,884,1958096
2007.0,1,M,1056,2044119
2007.0,1,T,1940,4002215
2007.0,2,F,513,1942309
2007.0,2,M,665,2031170
2007.0,2,T,1178,3973479
2007.0,3,F,381,1958867
2007.0,3,M,501,2045144
2007.0,3,T,882,4004011
2007.0,4,F,291,1953816
2007.0,4,M,412,2044444
2007.0,4,T,703,3998260
2007.0,5,F,250,1955007
2007.0,5,M,345,2038482
2007.0,5,T,595,3993489
2007.0,6,F,256,1981981
2007.0,6,M,314,2064421
2007.0,6,T,570,4046402
2007.0,7,F,231,1913487
2007.0,7,M,297,2001256
2007.0,7,T,528,3914743
2007.0,8,F,230,1887870
2007.0,8,M,281,1975219
2007.0,8,T,511,3863089
2007.0,9,F,225,1902338
2007.0,9,M,282,1994550
2007.0,9,T,507,3896888
2007.0,10,F,244,1992946
2007.0,10,M,307,2082772
2007.0,10,T,551,4075718
2007.0,11,F,212,2005151
2007.0,11,M,323,2101341
2007.0,11,T,535,4106492
2007.0,12,F,243,2044995
2007.0,12,M,347,2147007
2007.0,12,T,590,4192002
2007.0,13,F,319,2052707
2007.0,13,M,462,2154619
2007.0,13,T,781,4207326
2007.0,14,F,352,2074283
2007.0,14,M,627,2185221
2007.0,14,T,979,4259504
2007.0,15,F,469,2127798
2007.0,15,M,903,2236697
2007.0,15,T,1372,4364495
2007.0,16,F,672,2165619
2007.0,16,M,1337,2286631
2007.0,16,T,2009,4452250
2007.0,17,F,746,2191076
2007.0,17,M,1847,2329969
2007.0,17,T,2593,4521045
2007.0,18,F,928,2135140
2007.0,18,M,2576,2259498
2007.0,18,T,3504,4394638
2007.0,19,F,926,2111693
2007.0,19,M,2895,2223695
2007.0,19,T,3821,4335388
2007.0,20,F,904,2067209
2007.0,20,M,2865,2175195
2007.0,20,T,3769,4242404
2007.0,21,F,1004,2072600
2007.0,21,M,3183,2184771
2007.0,21,T,4187,4257371
2007.0,22,F,974,2060669
2007.0,22,M,3335,2175374
2007.0,22,T,4309,4236043
2007.0,23,F,1004,2018612
2007.0,23,M,3109,2125328
2007.0,23,T,4113,4143940
2007.0,24,F,1039,2051073
2007.0,24,M,3266,2147168
2007.0,24,T,4305,4198241
2007.0,25,F,1055,2094993
2007.0,25,M,3074,2150579
2007.0,25,T,4129,4245572
2007.0,26,F,1171,2111654
2007.0,26,M,3062,2111196
2007.0,26,T,4233,4222850
2007.0,27,F,1145,2118406
2007.0,27,M,3081,2105989
2007.0,27,T,4226,4224395
2007.0,28,F,1190,1992509
2007.0,28,M,2970,2007290
2007.0,28,T,4160,3999799
2007.0,29,F,1263,1911697
2007.0,29,M,2920,1938385
2007.0,29,T,4183,3850082
2007.0,30,F,1222,1929353
2007.0,30,M,2895,1965174
2007.0,30,T,4117,3894527
2007.0,31,F,1282,1855504
2007.0,31,M,2820,1869108
2007.0,31,T,4102,3724612
2007.0,32,F,1410,1944828
2007.0,32,M,2853,1954635
2007.0,32,T,4263,3899463
2007.0,33,F,1411,1890567
2007.0,33,M,2928,1890360
2007.0,33,T,4339,3780927
2007.0,34,F,1631,1939082
2007.0,34,M,3189,1932154
2007.0,34,T,4820,3871236
2007.0,35,F,1889,2040888
2007.0,35,M,3420,2042845
2007.0,35,T,5309,4083733
2007.0,36,F,2059,2160312
2007.0,36,M,3778,2142266
2007.0,36,T,5837,4302578
2007.0,37,F,2189,2184832
2007.0,37,M,4066,2185701
2007.0,37,T,6255,4370533
2007.0,38,F,2417,2074052
2007.0,38,M,4181,2062939
2007.0,38,T,6598,4136991
2007.0,39,F,2572,2042755
2007.0,39,M,4310,2027301
2007.0,39,T,6882,4070056
2007.0,40,F,2900,2050266
2007.0,40,M,4707,2021075
2007.0,40,T,7607,4071341
2007.0,41,F,3149,2111306
2007.0,41,M,5326,2090954
2007.0,41,T,8475,4202260
2007.0,42,F,3540,2251520
2007.0,42,M,6006,2233912
2007.0,42,T,9546,4485432
2007.0,43,F,4159,2301759
2007.0,43,M,6773,2258746
2007.0,43,T,10932,4560505
2007.0,44,F,4627,2284312
2007.0,44,M,7538,2228489
2007.0,44,T,12165,4512801
2007.0,45,F,4926,2286767
2007.0,45,M,8145,2233025
2007.0,45,T,13071,4519792
2007.0,46,F,5502,2325773
2007.0,46,M,8975,2266159
2007.0,46,T,14477,4591932
2007.0,47,F,6149,2367220
2007.0,47,M,9494,2326976
2007.0,47,T,15643,4694196
2007.0,48,F,6521,2277094
2007.0,48,M,10187,2210559
2007.0,48,T,16708,4487653
2007.0,49,F,6736,2285359
2007.0,49,M,11103,2220829
2007.0,49,T,17839,4506188
2007.0,50,F,7425,2256393
2007.0,50,M,11935,2170086
2007.0,50,T,19360,4426479
2007.0,51,F,7871,2189912
2007.0,51,M,12752,2105021
2007.0,51,T,20623,4294933
2007.0,52,F,8025,2185395
2007.0,52,M,13327,2107225
2007.0,52,T,21352,4292620
2007.0,53,F,8282,2110678
2007.0,53,M,14169,2014300
2007.0,53,T,22451,4124978
2007.0,54,F,8793,2053371
2007.0,54,M,14369,1947797
2007.0,54,T,23162,4001168
2007.0,55,F,9030,1970420
2007.0,55,M,15224,1859281
2007.0,55,T,24254,3829701
2007.0,56,F,9446,1936853
2007.0,56,M,15509,1824531
2007.0,56,T,24955,3761384
2007.0,57,F,10007,1920539
2007.0,57,M,16272,1814344
2007.0,57,T,26279,3734883
2007.0,58,F,10676,1852510
2007.0,58,M,16828,1736443
2007.0,58,T,27504,3588953
2007.0,59,F,11709,1829151
2007.0,59,M,17757,1710700
2007.0,59,T,29466,3539851
2007.0,60,F,12785,1893411
2007.0,60,M,19256,1766043
2007.0,60,T,32041,3659454
2007.0,61,F,10996,1441286
2007.0,61,M,16407,1334516
2007.0,61,T,27403,2775802
2007.0,62,F,11759,1435809
2007.0,62,M,17045,1322109
2007.0,62,T,28804,2757918
2007.0,63,F,12827,1417309
2007.0,63,M,18821,1294016
2007.0,63,T,31648,2711325
2007.0,64,F,14257,1451383
2007.0,64,M,20499,1317780
2007.0,64,T,34756,2769163
2007.0,65,F,14160,1290637
2007.0,65,M,19641,1155119
2007.0,65,T,33801,2445756
2007.0,66,F,14065,1195702
2007.0,66,M,19431,1061969
2007.0,66,T,33496,2257671
2007.0,67,F,14638,1162703
2007.0,67,M,19643,1028624
2007.0,67,T,34281,2191327
2007.0,68,F,15231,1099908
2007.0,68,M,20371,968187
2007.0,68,T,35602,2068095
2007.0,69,F,16405,1075855
2007.0,69,M,21406,931531
2007.0,69,T,37811,2007386
2007.0,70,F,16819,1003987
2007.0,70,M,21522,856729
2007.0,70,T,38341,1860716
2007.0,71,F,17972,990705
2007.0,71,M,22715,836079
2007.0,71,T,40687,1826784
2007.0,72,F,19752,983890
2007.0,72,M,23861,815065
2007.0,72,T,43613,1798955
2007.0,73,F,20062,899567
2007.0,73,M,24272,734155
2007.0,73,T,44334,1633722
2007.0,74,F,21790,892848
2007.0,74,M,25482,715467
2007.0,74,T,47272,1608315
2007.0,75,F,23853,870058
2007.0,75,M,27202,683039
2007.0,75,T,51055,1553097
2007.0,76,F,25738,866442
2007.0,76,M,28631,668782
2007.0,76,T,54369,1535224
2007.0,77,F,27948,869410
2007.0,77,M,30303,652493
2007.0,77,T,58251,1521903
2007.0,78,F,29593,815742
2007.0,78,M,30986,599072
2007.0,78,T,60579,1414814
2007.0,79,F,32228,803572
2007.0,79,M,32547,571753
2007.0,79,T,64775,1375325
2007.0,80,F,34090,765528
2007.0,80,M,33696,527247
2007.0,80,T,67786,1292775
2007.0,81,F,36468,732857
2007.0,81,M,34094,483736
2007.0,81,T,70562,1216593
2007.0,82,F,39400,710665
2007.0,82,M,34585,448157
2007.0,82,T,73985,1158822
2007.0,83,F,40894,661644
2007.0,83,M,34565,403576
2007.0,83,T,75459,1065220
2007.0,84,F,41667,598573
2007.0,84,M,34194,355093
2007.0,84,T,75861,953666
2007.0,85,F,43943,Not Applicable
2007.0,85,M,33889,Not Applicable
2007.0,85,T,77832,Not Applicable
2007.0,86,F,44588,Not Applicable
2007.0,86,M,32478,Not Applicable
2007.0,86,T,77066,Not Applicable
2007.0,87,F,43320,Not Applicable
2007.0,87,M,29683,Not Applicable
2007.0,87,T,73003,Not Applicable
2007.0,88,F,41079,Not Applicable
2007.0,88,M,25889,Not Applicable
2007.0,88,T,66968,Not Applicable
2007.0,89,F,40180,Not Applicable
2007.0,89,M,24175,Not Applicable
2007.0,89,T,64355,Not Applicable
2007.0,90,F,37916,Not Applicable
2007.0,90,M,21012,Not Applicable
2007.0,90,T,58928,Not Applicable
2007.0,91,F,35916,Not Applicable
2007.0,91,M,18120,Not Applicable
2007.0,91,T,54036,Not Applicable
2007.0,92,F,33266,Not Applicable
2007.0,92,M,15483,Not Applicable
2007.0,92,T,48749,Not Applicable
2007.0,93,F,29661,Not Applicable
2007.0,93,M,12787,Not Applicable
2007.0,93,T,42448,Not Applicable
2007.0,94,F,25944,Not Applicable
2007.0,94,M,10075,Not Applicable
2007.0,94,T,36019,Not Applicable
2007.0,95,F,21758,Not Applicable
2007.0,95,M,7834,Not Applicable
2007.0,95,T,29592,Not Applicable
2007.0,96,F,17467,Not Applicable
2007.0,96,M,5445,Not Applicable
2007.0,96,T,22912,Not Applicable
2007.0,97,F,14165,Not Applicable
2007.0,97,M,4072,Not Applicable
2007.0,97,T,18237,Not Applicable
2007.0,98,F,10918,Not Applicable
2007.0,98,M,2812,Not Applicable
2007.0,98,T,13730,Not Applicable
2007.0,99,F,8067,Not Applicable
2007.0,99,M,1939,Not Applicable
2007.0,99,T,10006,Not Applicable
2007.0,100,F,16593,Not Applicable
2007.0,100,M,3173,Not Applicable
2007.0,100,T,19766,Not Applicable
2007.0,NS,F,45,Not Applicable
2007.0,NS,M,156,Not Applicable
2007.0,NS,T,201,Not Applicable
2008.0,0,F,12390,2022889
2008.0,0,M,15669,2109846
2008.0,0,T,28059,4132735
2008.0,1,F,866,2005602
2008.0,1,M,1101,2095154
2008.0,1,T,1967,4100756
2008.0,2,F,490,1957878
2008.0,2,M,679,2046268
2008.0,2,T,1169,4004146
2008.0,3,F,376,1952383
2008.0,3,M,520,2039937
2008.0,3,T,896,3992320
2008.0,4,F,305,1975431
2008.0,4,M,393,2065739
2008.0,4,T,698,4041170
2008.0,5,F,254,1968133
2008.0,5,M,314,2056164
2008.0,5,T,568,4024297
2008.0,6,F,227,1953618
2008.0,6,M,270,2034499
2008.0,6,T,497,3988117
2008.0,7,F,216,1995829
2008.0,7,M,282,2077462
2008.0,7,T,498,4073291
2008.0,8,F,208,1919626
2008.0,8,M,281,2010918
2008.0,8,T,489,3930544
2008.0,9,F,201,1911282
2008.0,9,M,249,2002071
2008.0,9,T,450,3913353
2008.0,10,F,210,1999441
2008.0,10,M,274,2094239
2008.0,10,T,484,4093680
2008.0,11,F,237,1982889
2008.0,11,M,269,2072499
2008.0,11,T,506,4055388
2008.0,12,F,222,2031304
2008.0,12,M,347,2128173
2008.0,12,T,569,4159477
2008.0,13,F,260,2048464
2008.0,13,M,439,2151552
2008.0,13,T,699,4200016
2008.0,14,F,336,2046376
2008.0,14,M,555,2151718
2008.0,14,T,891,4198094
2008.0,15,F,467,2101218
2008.0,15,M,836,2217764
2008.0,15,T,1303,4318982
2008.0,16,F,573,2147828
2008.0,16,M,1258,2263348
2008.0,16,T,1831,4411176
2008.0,17,F,681,2167548
2008.0,17,M,1718,2299512
2008.0,17,T,2399,4467060
2008.0,18,F,844,2230353
2008.0,18,M,2433,2357770
2008.0,18,T,3277,4588123
2008.0,19,F,884,2158201
2008.0,19,M,2713,2267338
2008.0,19,T,3597,4425539
2008.0,20,F,905,2099954
2008.0,20,M,2879,2203034
2008.0,20,T,3784,4302988
2008.0,21,F,940,2075396
2008.0,21,M,3008,2176554
2008.0,21,T,3948,4251950
2008.0,22,F,952,2062511
2008.0,22,M,3121,2170281
2008.0,22,T,4073,4232792
2008.0,23,F,963,2068397
2008.0,23,M,3049,2169035
2008.0,23,T,4012,4237432
2008.0,24,F,962,2033308
2008.0,24,M,3012,2122142
2008.0,24,T,3974,4155450
2008.0,25,F,1086,2084941
2008.0,25,M,3055,2161269
2008.0,25,T,4141,4246210
2008.0,26,F,1096,2087875
2008.0,26,M,2927,2118708
2008.0,26,T,4023,4206583
2008.0,27,F,1149,2141001
2008.0,27,M,3003,2124164
2008.0,27,T,4152,4265165
2008.0,28,F,1224,2106335
2008.0,28,M,3042,2109285
2008.0,28,T,4266,4215620
2008.0,29,F,1231,1973380
2008.0,29,M,2973,1995710
2008.0,29,T,4204,3969090
2008.0,30,F,1256,1964887
2008.0,30,M,2979,2005304
2008.0,30,T,4235,3970191
2008.0,31,F,1318,1909543
2008.0,31,M,2872,1918551
2008.0,31,T,4190,3828094
2008.0,32,F,1365,1900958
2008.0,32,M,2815,1906803
2008.0,32,T,4180,3807761
2008.0,33,F,1374,1952623
2008.0,33,M,2993,1954630
2008.0,33,T,4367,3907253
2008.0,34,F,1541,1897868
2008.0,34,M,2976,1893638
2008.0,34,T,4517,3791506
2008.0,35,F,1794,1956588
2008.0,35,M,3157,1951453
2008.0,35,T,4951,3908041
2008.0,36,F,1886,2047585
2008.0,36,M,3476,2036234
2008.0,36,T,5362,4083819
2008.0,37,F,2213,2159900
2008.0,37,M,4030,2131773
2008.0,37,T,6243,4291673
2008.0,38,F,2350,2192623
2008.0,38,M,4227,2189534
2008.0,38,T,6577,4382157
2008.0,39,F,2517,2081113
2008.0,39,M,4214,2070660
2008.0,39,T,6731,4151773
2008.0,40,F,2795,2043855
2008.0,40,M,4421,2021855
2008.0,40,T,7216,4065710
2008.0,41,F,3099,2058913
2008.0,41,M,5027,2031178
2008.0,41,T,8126,4090091
2008.0,42,F,3433,2109888
2008.0,42,M,5588,2089575
2008.0,42,T,9021,4199463
2008.0,43,F,3983,2259139
2008.0,43,M,6339,2236079
2008.0,43,T,10322,4495218
2008.0,44,F,4614,2286129
2008.0,44,M,7207,2238412
2008.0,44,T,11821,4524541
2008.0,45,F,4987,2280805
2008.0,45,M,7782,2218446
2008.0,45,T,12769,4499251
2008.0,46,F,5470,2295486
2008.0,46,M,8644,2245998
2008.0,46,T,14114,4541484
2008.0,47,F,6063,2334953
2008.0,47,M,9564,2271170
2008.0,47,T,15627,4606123
2008.0,48,F,6458,2360935
2008.0,48,M,10237,2312020
2008.0,48,T,16695,4672955
2008.0,49,F,7100,2284804
2008.0,49,M,11112,2216356
2008.0,49,T,18212,4501160
2008.0,50,F,7579,2273904
2008.0,50,M,12002,2197224
2008.0,50,T,19581,4471128
2008.0,51,F,7917,2274367
2008.0,51,M,12824,2189639
2008.0,51,T,20741,4464006
2008.0,52,F,8407,2179899
2008.0,52,M,13410,2084700
2008.0,52,T,21817,4264599
2008.0,53,F,8602,2192990
2008.0,53,M,14275,2113819
2008.0,53,T,22877,4306809
2008.0,54,F,8921,2119393
2008.0,54,M,15188,2013539
2008.0,54,T,24109,4132932
2008.0,55,F,9341,2035932
2008.0,55,M,15744,1913592
2008.0,55,T,25085,3949524
2008.0,56,F,9799,1980548
2008.0,56,M,16153,1870156
2008.0,56,T,25952,3850704
2008.0,57,F,10054,1926122
2008.0,57,M,16467,1807079
2008.0,57,T,26521,3733201
2008.0,58,F,10720,1918225
2008.0,58,M,17178,1804202
2008.0,58,T,27898,3722427
2008.0,59,F,11371,1841411
2008.0,59,M,17881,1717301
2008.0,59,T,29252,3558712
2008.0,60,F,12600,1802265
2008.0,60,M,19413,1674280
2008.0,60,T,32013,3476545
2008.0,61,F,13933,1911784
2008.0,61,M,20713,1783203
2008.0,61,T,34646,3694987
2008.0,62,F,12049,1435908
2008.0,62,M,17533,1321417
2008.0,62,T,29582,2757325
2008.0,63,F,12780,1431620
2008.0,63,M,18325,1313243
2008.0,63,T,31105,2744863
2008.0,64,F,13985,1397948
2008.0,64,M,20143,1270827
2008.0,64,T,34128,2668775
2008.0,65,F,15371,1448356
2008.0,65,M,21669,1303557
2008.0,65,T,37040,2751913
2008.0,66,F,14978,1277374
2008.0,66,M,20637,1138633
2008.0,66,T,35615,2416007
2008.0,67,F,15234,1186870
2008.0,67,M,20474,1048799
2008.0,67,T,35708,2235669
2008.0,68,F,15696,1150404
2008.0,68,M,20834,1009620
2008.0,68,T,36530,2160024
2008.0,69,F,16768,1084904
2008.0,69,M,21789,945830
2008.0,69,T,38557,2030734
2008.0,70,F,17488,1051554
2008.0,70,M,22443,901774
2008.0,70,T,39931,1953328
2008.0,71,F,18059,995703
2008.0,71,M,22728,845857
2008.0,71,T,40787,1841560
2008.0,72,F,19825,968816
2008.0,72,M,24071,807647
2008.0,72,T,43896,1776463
2008.0,73,F,21066,965653
2008.0,73,M,25415,792997
2008.0,73,T,46481,1758650
2008.0,74,F,21694,874610
2008.0,74,M,25340,706721
2008.0,74,T,47034,1581331
2008.0,75,F,23372,861340
2008.0,75,M,26863,679687
2008.0,75,T,50235,1541027
2008.0,76,F,25482,854043
2008.0,76,M,28136,664284
2008.0,76,T,53618,1518327
2008.0,77,F,27558,836424
2008.0,77,M,29974,635582
2008.0,77,T,57532,1472006
2008.0,78,F,30159,842232
2008.0,78,M,31645,621852
2008.0,78,T,61804,1464084
2008.0,79,F,31595,784458
2008.0,79,M,32586,565841
2008.0,79,T,64181,1350299
2008.0,80,F,34057,762902
2008.0,80,M,33676,531699
2008.0,80,T,67733,1294601
2008.0,81,F,36443,736191
2008.0,81,M,34313,496116
2008.0,81,T,70756,1232307
2008.0,82,F,38635,692151
2008.0,82,M,34390,444700
2008.0,82,T,73025,1136851
2008.0,83,F,41579,671398
2008.0,83,M,35216,415006
2008.0,83,T,76795,1086404
2008.0,84,F,42784,615304
2008.0,84,M,35097,364892
2008.0,84,T,77881,980196
2008.0,85,F,43864,Not Applicable
2008.0,85,M,33776,Not Applicable
2008.0,85,T,77640,Not Applicable
2008.0,86,F,45573,Not Applicable
2008.0,86,M,33623,Not Applicable
2008.0,86,T,79196,Not Applicable
2008.0,87,F,45402,Not Applicable
2008.0,87,M,31533,Not Applicable
2008.0,87,T,76935,Not Applicable
2008.0,88,F,44380,Not Applicable
2008.0,88,M,28729,Not Applicable
2008.0,88,T,73109,Not Applicable
2008.0,89,F,40987,Not Applicable
2008.0,89,M,24685,Not Applicable
2008.0,89,T,65672,Not Applicable
2008.0,90,F,39950,Not Applicable
2008.0,90,M,22648,Not Applicable
2008.0,90,T,62598,Not Applicable
2008.0,91,F,36907,Not Applicable
2008.0,91,M,19144,Not Applicable
2008.0,91,T,56051,Not Applicable
2008.0,92,F,34154,Not Applicable
2008.0,92,M,16018,Not Applicable
2008.0,92,T,50172,Not Applicable
2008.0,93,F,30883,Not Applicable
2008.0,93,M,13570,Not Applicable
2008.0,93,T,44453,Not Applicable
2008.0,94,F,27272,Not Applicable
2008.0,94,M,10835,Not Applicable
2008.0,94,T,38107,Not Applicable
2008.0,95,F,23104,Not Applicable
2008.0,95,M,8138,Not Applicable
2008.0,95,T,31242,Not Applicable
2008.0,96,F,18818,Not Applicable
2008.0,96,M,5843,Not Applicable
2008.0,96,T,24661,Not Applicable
2008.0,97,F,15016,Not Applicable
2008.0,97,M,4273,Not Applicable
2008.0,97,T,19289,Not Applicable
2008.0,98,F,11343,Not Applicable
2008.0,98,M,3072,Not Applicable
2008.0,98,T,14415,Not Applicable
2008.0,99,F,8254,Not Applicable
2008.0,99,M,2005,Not Applicable
2008.0,99,T,10259,Not Applicable
2008.0,100,F,17563,Not Applicable
2008.0,100,M,3329,Not Applicable
2008.0,100,T,20892,Not Applicable
2008.0,NS,F,45,Not Applicable
2008.0,NS,M,102,Not Applicable
2008.0,NS,T,147,Not Applicable
2009.0,0,F,11589,1959169
2009.0,0,M,14823,2044418
2009.0,0,T,26412,4003587
2009.0,1,F,776,1997919
2009.0,1,M,972,2080878
2009.0,1,T,1748,4078797
2009.0,2,F,502,2005270
2009.0,2,M,655,2097732
2009.0,2,T,1157,4103002
2009.0,3,F,378,1969393
2009.0,3,M,498,2056282
2009.0,3,T,876,4025675
2009.0,4,F,299,1970678
2009.0,4,M,370,2062779
2009.0,4,T,669,4033457
2009.0,5,F,268,1991556
2009.0,5,M,318,2078709
2009.0,5,T,586,4070265
2009.0,6,F,248,1966642
2009.0,6,M,275,2051558
2009.0,6,T,523,4018200
2009.0,7,F,186,1968502
2009.0,7,M,260,2048522
2009.0,7,T,446,4017024
2009.0,8,F,193,2002104
2009.0,8,M,265,2087842
2009.0,8,T,458,4089946
2009.0,9,F,230,1945940
2009.0,9,M,280,2041124
2009.0,9,T,510,3987064
2009.0,10,F,209,2019572
2009.0,10,M,257,2113518
2009.0,10,T,466,4133090
2009.0,11,F,247,1986140
2009.0,11,M,328,2080465
2009.0,11,T,575,4066605
2009.0,12,F,249,2010144
2009.0,12,M,323,2100432
2009.0,12,T,572,4110576
2009.0,13,F,255,2033250
2009.0,13,M,419,2131163
2009.0,13,T,674,4164413
2009.0,14,F,318,2039626
2009.0,14,M,523,2146254
2009.0,14,T,841,4185880
2009.0,15,F,406,2074716
2009.0,15,M,753,2185191
2009.0,15,T,1159,4259907
2009.0,16,F,565,2121530
2009.0,16,M,1153,2243808
2009.0,16,T,1718,4365338
2009.0,17,F,689,2147758
2009.0,17,M,1561,2273583
2009.0,17,T,2250,4421341
2009.0,18,F,827,2208513
2009.0,18,M,2224,2326121
2009.0,18,T,3051,4534634
2009.0,19,F,857,2252054
2009.0,19,M,2485,2359536
2009.0,19,T,3342,4611590
2009.0,20,F,845,2141586
2009.0,20,M,2674,2242042
2009.0,20,T,3519,4383628
2009.0,21,F,932,2106392
2009.0,21,M,2931,2201022
2009.0,21,T,3863,4307414
2009.0,22,F,914,2060876
2009.0,22,M,2744,2156791
2009.0,22,T,3658,4217667
2009.0,23,F,1018,2068493
2009.0,23,M,2913,2161622
2009.0,23,T,3931,4230115
2009.0,24,F,1051,2082066
2009.0,24,M,2874,2163232
2009.0,24,T,3925,4245298
2009.0,25,F,1049,2068547
2009.0,25,M,2828,2136055
2009.0,25,T,3877,4204602
2009.0,26,F,1176,2074481
2009.0,26,M,2931,2123441
2009.0,26,T,4107,4197922
2009.0,27,F,1184,2118250
2009.0,27,M,2834,2131764
2009.0,27,T,4018,4250014
2009.0,28,F,1295,2124289
2009.0,28,M,2930,2126324
2009.0,28,T,4225,4250613
2009.0,29,F,1337,2081304
2009.0,29,M,3048,2093773
2009.0,29,T,4385,4175077
2009.0,30,F,1376,2033069
2009.0,30,M,2927,2071064
2009.0,30,T,4303,4104133
2009.0,31,F,1286,1940091
2009.0,31,M,2906,1950109
2009.0,31,T,4192,3890200
2009.0,32,F,1435,1960227
2009.0,32,M,2884,1961054
2009.0,32,T,4319,3921281
2009.0,33,F,1551,1907798
2009.0,33,M,2850,1905203
2009.0,33,T,4401,3813001
2009.0,34,F,1614,1959374
2009.0,34,M,3061,1957125
2009.0,34,T,4675,3916499
2009.0,35,F,1667,1915747
2009.0,35,M,3211,1913685
2009.0,35,T,4878,3829432
2009.0,36,F,1869,1962556
2009.0,36,M,3374,1943059
2009.0,36,T,5243,3905615
2009.0,37,F,2154,2046428
2009.0,37,M,3678,2024753
2009.0,37,T,5832,4071181
2009.0,38,F,2436,2167821
2009.0,38,M,4121,2136185
2009.0,38,T,6557,4304006
2009.0,39,F,2603,2199617
2009.0,39,M,4397,2197945
2009.0,39,T,7000,4397562
2009.0,40,F,2858,2081313
2009.0,40,M,4589,2063870
2009.0,40,T,7447,4145183
2009.0,41,F,3047,2052619
2009.0,41,M,4973,2032646
2009.0,41,T,8020,4085265
2009.0,42,F,3302,2056603
2009.0,42,M,5426,2029246
2009.0,42,T,8728,4085849
2009.0,43,F,3770,2117558
2009.0,43,M,5900,2091675
2009.0,43,T,9670,4209233
2009.0,44,F,4404,2241348
2009.0,44,M,6886,2213137
2009.0,44,T,11290,4454485
2009.0,45,F,4932,2282194
2009.0,45,M,7636,2227071
2009.0,45,T,12568,4509265
2009.0,46,F,5486,2290719
2009.0,46,M,8431,2232877
2009.0,46,T,13917,4523596
2009.0,47,F,6053,2305711
2009.0,47,M,9287,2251625
2009.0,47,T,15340,4557336
2009.0,48,F,6594,2327859
2009.0,48,M,10055,2254796
2009.0,48,T,16649,4582655
2009.0,49,F,6969,2370091
2009.0,49,M,10964,2319302
2009.0,49,T,17933,4689393
2009.0,50,F,7523,2271859
2009.0,50,M,11836,2190333
2009.0,50,T,19359,4462192
2009.0,51,F,7947,2294505
2009.0,51,M,12958,2220328
2009.0,51,T,20905,4514833
2009.0,52,F,8765,2262914
2009.0,52,M,13919,2166314
2009.0,52,T,22684,4429228
2009.0,53,F,9069,2188666
2009.0,53,M,14524,2092799
2009.0,53,T,23593,4281465
2009.0,54,F,9410,2203336
2009.0,54,M,15210,2113789
2009.0,54,T,24620,4317125
2009.0,55,F,9727,2099236
2009.0,55,M,15829,1974783
2009.0,55,T,25556,4074019
2009.0,56,F,10093,2048144
2009.0,56,M,16479,1927719
2009.0,56,T,26572,3975863
2009.0,57,F,10392,1968595
2009.0,57,M,17257,1851260
2009.0,57,T,27649,3819855
2009.0,58,F,10813,1924101
2009.0,58,M,17456,1797118
2009.0,58,T,28269,3721219
2009.0,59,F,11474,1906141
2009.0,59,M,18186,1783506
2009.0,59,T,29660,3689647
2009.0,60,F,12433,1811564
2009.0,60,M,19085,1677738
2009.0,60,T,31518,3489302
2009.0,61,F,13296,1823104
2009.0,61,M,20021,1694484
2009.0,61,T,33317,3517588
2009.0,62,F,14667,1905712
2009.0,62,M,21950,1767422
2009.0,62,T,36617,3673134
2009.0,63,F,12908,1432316
2009.0,63,M,18726,1313400
2009.0,63,T,31634,2745716
2009.0,64,F,13362,1410628
2009.0,64,M,19153,1288629
2009.0,64,T,32515,2699257
2009.0,65,F,14679,1396005
2009.0,65,M,20756,1257340
2009.0,65,T,35435,2653345
2009.0,66,F,15988,1433620
2009.0,66,M,22547,1285834
2009.0,66,T,38535,2719454
2009.0,67,F,15799,1268698
2009.0,67,M,21251,1125678
2009.0,67,T,37050,2394376
2009.0,68,F,15807,1174695
2009.0,68,M,21279,1029534
2009.0,68,T,37086,2204229
2009.0,69,F,16300,1134860
2009.0,69,M,21365,986113
2009.0,69,T,37665,2120973
2009.0,70,F,17286,1059376
2009.0,70,M,22148,914700
2009.0,70,T,39434,1974076
2009.0,71,F,18303,1044260
2009.0,71,M,23014,892048
2009.0,71,T,41317,1936308
2009.0,72,F,18790,973444
2009.0,72,M,23374,816692
2009.0,72,T,42164,1790136
2009.0,73,F,20246,951400
2009.0,73,M,24485,786497
2009.0,73,T,44731,1737897
2009.0,74,F,22040,938799
2009.0,74,M,25575,763506
2009.0,74,T,47615,1702305
2009.0,75,F,22418,842856
2009.0,75,M,25537,670445
2009.0,75,T,47955,1513301
2009.0,76,F,24132,847071
2009.0,76,M,26950,662929
2009.0,76,T,51082,1510000
2009.0,77,F,26102,824353
2009.0,77,M,28631,631391
2009.0,77,T,54733,1455744
2009.0,78,F,28407,810924
2009.0,78,M,30816,606615
2009.0,78,T,59223,1417539
2009.0,79,F,30695,810576
2009.0,79,M,31299,587904
2009.0,79,T,61994,1398480
2009.0,80,F,32161,744268
2009.0,80,M,32151,526176
2009.0,80,T,64312,1270444
2009.0,81,F,34734,735205
2009.0,81,M,33375,501564
2009.0,81,T,68109,1236769
2009.0,82,F,37399,695764
2009.0,82,M,34150,456484
2009.0,82,T,71549,1152248
2009.0,83,F,39092,654726
2009.0,83,M,33854,412912
2009.0,83,T,72946,1067638
2009.0,84,F,41555,624897
2009.0,84,M,34269,375715
2009.0,84,T,75824,1000612
2009.0,85,F,42884,Not Applicable
2009.0,85,M,33527,Not Applicable
2009.0,85,T,76411,Not Applicable
2009.0,86,F,43544,Not Applicable
2009.0,86,M,32494,Not Applicable
2009.0,86,T,76038,Not Applicable
2009.0,87,F,44652,Not Applicable
2009.0,87,M,31294,Not Applicable
2009.0,87,T,75946,Not Applicable
2009.0,88,F,44031,Not Applicable
2009.0,88,M,29080,Not Applicable
2009.0,88,T,73111,Not Applicable
2009.0,89,F,41510,Not Applicable
2009.0,89,M,26116,Not Applicable
2009.0,89,T,67626,Not Applicable
2009.0,90,F,37993,Not Applicable
2009.0,90,M,22022,Not Applicable
2009.0,90,T,60015,Not Applicable
2009.0,91,F,36012,Not Applicable
2009.0,91,M,19627,Not Applicable
2009.0,91,T,55639,Not Applicable
2009.0,92,F,32763,Not Applicable
2009.0,92,M,16566,Not Applicable
2009.0,92,T,49329,Not Applicable
2009.0,93,F,29793,Not Applicable
2009.0,93,M,13516,Not Applicable
2009.0,93,T,43309,Not Applicable
2009.0,94,F,26273,Not Applicable
2009.0,94,M,10969,Not Applicable
2009.0,94,T,37242,Not Applicable
2009.0,95,F,22181,Not Applicable
2009.0,95,M,8465,Not Applicable
2009.0,95,T,30646,Not Applicable
2009.0,96,F,18280,Not Applicable
2009.0,96,M,6295,Not Applicable
2009.0,96,T,24575,Not Applicable
2009.0,97,F,14281,Not Applicable
2009.0,97,M,4432,Not Applicable
2009.0,97,T,18713,Not Applicable
2009.0,98,F,11001,Not Applicable
2009.0,98,M,2908,Not Applicable
2009.0,98,T,13909,Not Applicable
2009.0,99,F,8182,Not Applicable
2009.0,99,M,2095,Not Applicable
2009.0,99,T,10277,Not Applicable
2009.0,100,F,17016,Not Applicable
2009.0,100,M,3376,Not Applicable
2009.0,100,T,20392,Not Applicable
2009.0,NS,F,78,Not Applicable
2009.0,NS,M,177,Not Applicable
2009.0,NS,T,255,Not Applicable
2010.0,0,F,10884,1929877
2010.0,0,M,13702,2014276
2010.0,0,T,24586,3944153
2010.0,1,F,806,1947217
2010.0,1,M,928,2030853
2010.0,1,T,1734,3978070
2010.0,2,F,444,2004731
2010.0,2,M,660,2092198
2010.0,2,T,1104,4096929
2010.0,3,F,338,2014490
2010.0,3,M,506,2104550
2010.0,3,T,844,4119040
2010.0,4,F,268,1985620
2010.0,4,M,366,2077550
2010.0,4,T,634,4063170
2010.0,5,F,208,1984764
2010.0,5,M,292,2072094
2010.0,5,T,500,4056858
2010.0,6,F,211,1991062
2010.0,6,M,255,2075319
2010.0,6,T,466,4066381
2010.0,7,F,193,1973503
2010.0,7,M,268,2057076
2010.0,7,T,461,4030579
2010.0,8,F,209,1981033
2010.0,8,M,257,2065453
2010.0,8,T,466,4046486
2010.0,9,F,184,2028657
2010.0,9,M,253,2119696
2010.0,9,T,437,4148353
2010.0,10,F,197,2036545
2010.0,10,M,232,2135996
2010.0,10,T,429,4172541
2010.0,11,F,223,2011151
2010.0,11,M,297,2103264
2010.0,11,T,520,4114415
2010.0,12,F,244,2006098
2010.0,12,M,307,2100145
2010.0,12,T,551,4106243
2010.0,13,F,243,2013099
2010.0,13,M,379,2104914
2010.0,13,T,622,4118013
2010.0,14,F,313,2030439
2010.0,14,M,514,2135543
2010.0,14,T,827,4165982
2010.0,15,F,362,2065798
2010.0,15,M,702,2177022
2010.0,15,T,1064,4242820
2010.0,16,F,514,2100105
2010.0,16,M,1100,2216034
2010.0,16,T,1614,4316139
2010.0,17,F,578,2132142
2010.0,17,M,1471,2263153
2010.0,17,T,2049,4395295
2010.0,18,F,716,2195382
2010.0,18,M,2184,2305473
2010.0,18,T,2900,4500855
2010.0,19,F,851,2243250
2010.0,19,M,2409,2341984
2010.0,19,T,3260,4585234
2010.0,20,F,875,2210810
2010.0,20,M,2581,2308319
2010.0,20,T,3456,4519129
2010.0,21,F,933,2131096
2010.0,21,M,2864,2223198
2010.0,21,T,3797,4354294
2010.0,22,F,938,2086845
2010.0,22,M,2762,2177797
2010.0,22,T,3700,4264642
2010.0,23,F,939,2057772
2010.0,23,M,2774,2140799
2010.0,23,T,3713,4198571
2010.0,24,F,1055,2085300
2010.0,24,M,2943,2164063
2010.0,24,T,3998,4249363
2010.0,25,F,1063,2101042
2010.0,25,M,2852,2161308
2010.0,25,T,3915,4262350
2010.0,26,F,1085,2055217
2010.0,26,M,2874,2097088
2010.0,26,T,3959,4152305
2010.0,27,F,1105,2108218
2010.0,27,M,2832,2140651
2010.0,27,T,3937,4248869
2010.0,28,F,1261,2096644
2010.0,28,M,2927,2118605
2010.0,28,T,4188,4215249
2010.0,29,F,1320,2105137
2010.0,29,M,2944,2117939
2010.0,29,T,4264,4223076
2010.0,30,F,1414,2124866
2010.0,30,M,3013,2160802
2010.0,30,T,4427,4285668
2010.0,31,F,1351,1982063
2010.0,31,M,2990,1988155
2010.0,31,T,4341,3970218
2010.0,32,F,1470,1992371
2010.0,32,M,2920,1994476
2010.0,32,T,4390,3986847
2010.0,33,F,1448,1943287
2010.0,33,M,2963,1936863
2010.0,33,T,4411,3880150
2010.0,34,F,1550,1923012
2010.0,34,M,2877,1916204
2010.0,34,T,4427,3839216
2010.0,35,F,1699,1975518
2010.0,35,M,3060,1980916
2010.0,35,T,4759,3956434
2010.0,36,F,1869,1911492
2010.0,36,M,3128,1890595
2010.0,36,T,4997,3802087
2010.0,37,F,1999,1981059
2010.0,37,M,3403,1953386
2010.0,37,T,5402,3934445
2010.0,38,F,2255,2072160
2010.0,38,M,3775,2049720
2010.0,38,T,6030,4121880
2010.0,39,F,2576,2197391
2010.0,39,M,4248,2167405
2010.0,39,T,6824,4364796
2010.0,40,F,2712,2192025
2010.0,40,M,4395,2191249
2010.0,40,T,7107,4383274
2010.0,41,F,2911,2067167
2010.0,41,M,4683,2047818
2010.0,41,T,7594,4114985
2010.0,42,F,3107,2047451
2010.0,42,M,5080,2028653
2010.0,42,T,8187,4076104
2010.0,43,F,3491,2069115
2010.0,43,M,5391,2035990
2010.0,43,T,8882,4105105
2010.0,44,F,3980,2121229
2010.0,44,M,6271,2090267
2010.0,44,T,10251,4211496
2010.0,45,F,4461,2271418
2010.0,45,M,7166,2237450
2010.0,45,T,11627,4508868
2010.0,46,F,5342,2288779
2010.0,46,M,8147,2230982
2010.0,46,T,13489,4519761
2010.0,47,F,5739,2297017
2010.0,47,M,8979,2238248
2010.0,47,T,14718,4535265
2010.0,48,F,6197,2301062
2010.0,48,M,9727,2237734
2010.0,48,T,15924,4538796
2010.0,49,F,6884,2341230
2010.0,49,M,10927,2264671
2010.0,49,T,17811,4605901
2010.0,50,F,7527,2359941
2010.0,50,M,11736,2300354
2010.0,50,T,19263,4660295
2010.0,51,F,7887,2273865
2010.0,51,M,12372,2190766
2010.0,51,T,20259,4464631
2010.0,52,F,8717,2293600
2010.0,52,M,13516,2207246
2010.0,52,T,22233,4500846
2010.0,53,F,8894,2239000
2010.0,53,M,14468,2141354
2010.0,53,T,23362,4380354
2010.0,54,F,9541,2198445
2010.0,54,M,14980,2093554
2010.0,54,T,24521,4291999
2010.0,55,F,9631,2181236
2010.0,55,M,15999,2073473
2010.0,55,T,25630,4254709
2010.0,56,F,10338,2081372
2010.0,56,M,16702,1956141
2010.0,56,T,27040,4037513
2010.0,57,F,10529,2031031
2010.0,57,M,17421,1905355
2010.0,57,T,27950,3936386
2010.0,58,F,11171,1960120
2010.0,58,M,18022,1834808
2010.0,58,T,29193,3794928
2010.0,59,F,11517,1887398
2010.0,59,M,18631,1753871
2010.0,59,T,30148,3641269
2010.0,60,F,12037,1875624
2010.0,60,M,19103,1745507
2010.0,60,T,31140,3621131
2010.0,61,F,12934,1813519
2010.0,61,M,19629,1679077
2010.0,61,T,32563,3492596
2010.0,62,F,14148,1850490
2010.0,62,M,21423,1712692
2010.0,62,T,35571,3563182
2010.0,63,F,15631,1811555
2010.0,63,M,22714,1672329
2010.0,63,T,38345,3483884
2010.0,64,F,13571,1389236
2010.0,64,M,19651,1267895
2010.0,64,T,33222,2657131
2010.0,65,F,14216,1407451
2010.0,65,M,20163,1273310
2010.0,65,T,34379,2680761
2010.0,66,F,15551,1390865
2010.0,66,M,21498,1248276
2010.0,66,T,37049,2639141
2010.0,67,F,17027,1400459
2010.0,67,M,23112,1248906
2010.0,67,T,40139,2649365
2010.0,68,F,16770,1236376
2010.0,68,M,22423,1087296
2010.0,68,T,39193,2323672
2010.0,69,F,16879,1147565
2010.0,69,M,22323,994759
2010.0,69,T,39202,2142324
2010.0,70,F,17567,1097510
2010.0,70,M,22614,945611
2010.0,70,T,40181,2043121
2010.0,71,F,18436,1049175
2010.0,71,M,23150,900148
2010.0,71,T,41586,1949323
2010.0,72,F,19481,1010549
2010.0,72,M,24267,853726
2010.0,72,T,43748,1864275
2010.0,73,F,20061,949097
2010.0,73,M,24447,787863
2010.0,73,T,44508,1736960
2010.0,74,F,21459,927863
2010.0,74,M,25707,756624
2010.0,74,T,47166,1684487
2010.0,75,F,23124,899069
2010.0,75,M,26827,721008
2010.0,75,T,49951,1620077
2010.0,76,F,23647,823266
2010.0,76,M,26978,647804
2010.0,76,T,50625,1471070
2010.0,77,F,25695,823446
2010.0,77,M,28317,631884
2010.0,77,T,54012,1455330
2010.0,78,F,27985,797665
2010.0,78,M,29782,602458
2010.0,78,T,57767,1400123
2010.0,79,F,29891,791961
2010.0,79,M,31102,579234
2010.0,79,T,60993,1371195
2010.0,80,F,32361,764952
2010.0,80,M,32596,543559
2010.0,80,T,64957,1308511
2010.0,81,F,34046,717995
2010.0,81,M,33131,494870
2010.0,81,T,67177,1212865
2010.0,82,F,37003,698438
2010.0,82,M,34408,462983
2010.0,82,T,71411,1161421
2010.0,83,F,38905,654978
2010.0,83,M,34214,419831
2010.0,83,T,73119,1074809
2010.0,84,F,41164,612590
2010.0,84,M,34475,373131
2010.0,84,T,75639,985721
2010.0,85,F,43839,Not Applicable
2010.0,85,M,34475,Not Applicable
2010.0,85,T,78314,Not Applicable
2010.0,86,F,44504,Not Applicable
2010.0,86,M,33170,Not Applicable
2010.0,86,T,77674,Not Applicable
2010.0,87,F,44083,Not Applicable
2010.0,87,M,31744,Not Applicable
2010.0,87,T,75827,Not Applicable
2010.0,88,F,45047,Not Applicable
2010.0,88,M,30562,Not Applicable
2010.0,88,T,75609,Not Applicable
2010.0,89,F,44264,Not Applicable
2010.0,89,M,27749,Not Applicable
2010.0,89,T,72013,Not Applicable
2010.0,90,F,41648,Not Applicable
2010.0,90,M,24776,Not Applicable
2010.0,90,T,66424,Not Applicable
2010.0,91,F,36867,Not Applicable
2010.0,91,M,20026,Not Applicable
2010.0,91,T,56893,Not Applicable
2010.0,92,F,34876,Not Applicable
2010.0,92,M,17850,Not Applicable
2010.0,92,T,52726,Not Applicable
2010.0,93,F,30598,Not Applicable
2010.0,93,M,14440,Not Applicable
2010.0,93,T,45038,Not Applicable
2010.0,94,F,26949,Not Applicable
2010.0,94,M,11494,Not Applicable
2010.0,94,T,38443,Not Applicable
2010.0,95,F,23675,Not Applicable
2010.0,95,M,9008,Not Applicable
2010.0,95,T,32683,Not Applicable
2010.0,96,F,19366,Not Applicable
2010.0,96,M,6746,Not Applicable
2010.0,96,T,26112,Not Applicable
2010.0,97,F,15194,Not Applicable
2010.0,97,M,4729,Not Applicable
2010.0,97,T,19923,Not Applicable
2010.0,98,F,11657,Not Applicable
2010.0,98,M,3288,Not Applicable
2010.0,98,T,14945,Not Applicable
2010.0,99,F,8819,Not Applicable
2010.0,99,M,2202,Not Applicable
2010.0,99,T,11021,Not Applicable
2010.0,100,F,18222,Not Applicable
2010.0,100,M,3607,Not Applicable
2010.0,100,T,21829,Not Applicable
2010.0,NS,F,39,Not Applicable
2010.0,NS,M,87,Not Applicable
2010.0,NS,T,126,Not Applicable
2011.0,0,F,10658,1952827
2011.0,0,M,13327,2043710
2011.0,0,T,23985,3996537
2011.0,1,F,754,1941933
2011.0,1,M,918,2027089
2011.0,1,T,1672,3969022
2011.0,2,F,444,1944761
2011.0,2,M,619,2026999
2011.0,2,T,1063,3971760
2011.0,3,F,345,2007550
2011.0,3,M,492,2094735
2011.0,3,T,837,4102285
2011.0,4,F,298,2015487
2011.0,4,M,376,2106967
2011.0,4,T,674,4122454
2011.0,5,F,245,1998262
2011.0,5,M,326,2089887
2011.0,5,T,571,4088149
2011.0,6,F,219,1993089
2011.0,6,M,283,2081870
2011.0,6,T,502,4074959
2011.0,7,F,202,1998546
2011.0,7,M,256,2084600
2011.0,7,T,458,4083146
2011.0,8,F,210,1984554
2011.0,8,M,273,2068403
2011.0,8,T,483,4052957
2011.0,9,F,195,1975558
2011.0,9,M,242,2059427
2011.0,9,T,437,4034985
2011.0,10,F,202,2022470
2011.0,10,M,255,2111674
2011.0,10,T,457,4134144
2011.0,11,F,177,2048722
2011.0,11,M,301,2146783
2011.0,11,T,478,4195505
2011.0,12,F,205,2014482
2011.0,12,M,326,2109723
2011.0,12,T,531,4124205
2011.0,13,F,237,2013430
2011.0,13,M,397,2108648
2011.0,13,T,634,4122078
2011.0,14,F,330,2018718
2011.0,14,M,520,2110202
2011.0,14,T,850,4128920
2011.0,15,F,361,2027333
2011.0,15,M,654,2129503
2011.0,15,T,1015,4156836
2011.0,16,F,497,2066353
2011.0,16,M,1039,2179126
2011.0,16,T,1536,4245479
2011.0,17,F,618,2105118
2011.0,17,M,1392,2225733
2011.0,17,T,2010,4330851
2011.0,18,F,694,2131424
2011.0,18,M,2049,2264743
2011.0,18,T,2743,4396167
2011.0,19,F,806,2194869
2011.0,19,M,2484,2319841
2011.0,19,T,3290,4514710
2011.0,20,F,837,2246908
2011.0,20,M,2567,2349205
2011.0,20,T,3404,4596113
2011.0,21,F,987,2247169
2011.0,21,M,2875,2345167
2011.0,21,T,3862,4592336
2011.0,22,F,959,2157940
2011.0,22,M,3021,2253092
2011.0,22,T,3980,4411032
2011.0,23,F,1011,2110849
2011.0,23,M,2965,2200911
2011.0,23,T,3976,4311760
2011.0,24,F,973,2078266
2011.0,24,M,2878,2164325
2011.0,24,T,3851,4242591
2011.0,25,F,1108,2094272
2011.0,25,M,2904,2173555
2011.0,25,T,4012,4267827
2011.0,26,F,1154,2123489
2011.0,26,M,2946,2187766
2011.0,26,T,4100,4311255
2011.0,27,F,1113,2068944
2011.0,27,M,2875,2112504
2011.0,27,T,3988,4181448
2011.0,28,F,1172,2111172
2011.0,28,M,2942,2144514
2011.0,28,T,4114,4255686
2011.0,29,F,1333,2120402
2011.0,29,M,3025,2143176
2011.0,29,T,4358,4263578
2011.0,30,F,1417,2104748
2011.0,30,M,3037,2119768
2011.0,30,T,4454,4224516
2011.0,31,F,1544,2142898
2011.0,31,M,3107,2174189
2011.0,31,T,4651,4317087
2011.0,32,F,1552,2021239
2011.0,32,M,3111,2031455
2011.0,32,T,4663,4052694
2011.0,33,F,1565,1985773
2011.0,33,M,3062,1990264
2011.0,33,T,4627,3976037
2011.0,34,F,1705,1973398
2011.0,34,M,3076,1966972
2011.0,34,T,4781,3940370
2011.0,35,F,1696,1916230
2011.0,35,M,3061,1911690
2011.0,35,T,4757,3827920
2011.0,36,F,1902,1975873
2011.0,36,M,3181,1976826
2011.0,36,T,5083,3952699
2011.0,37,F,1936,1924527
2011.0,37,M,3345,1908924
2011.0,37,T,5281,3833451
2011.0,38,F,2194,1963363
2011.0,38,M,3653,1935140
2011.0,38,T,5847,3898503
2011.0,39,F,2397,2053005
2011.0,39,M,4113,2028731
2011.0,39,T,6510,4081736
2011.0,40,F,2821,2175750
2011.0,40,M,4632,2148028
2011.0,40,T,7453,4323778
2011.0,41,F,2960,2197115
2011.0,41,M,4856,2187138
2011.0,41,T,7816,4384253
2011.0,42,F,3327,2088504
2011.0,42,M,5114,2071160
2011.0,42,T,8441,4159664
2011.0,43,F,3531,2049430
2011.0,43,M,5460,2028670
2011.0,43,T,8991,4078100
2011.0,44,F,3914,2060687
2011.0,44,M,5800,2027163
2011.0,44,T,9714,4087850
2011.0,45,F,4324,2101047
2011.0,45,M,6735,2069751
2011.0,45,T,11059,4170798
2011.0,46,F,5123,2232716
2011.0,46,M,7611,2195885
2011.0,46,T,12734,4428601
2011.0,47,F,5592,2286253
2011.0,47,M,8896,2231566
2011.0,47,T,14488,4517819
2011.0,48,F,6209,2291974
2011.0,48,M,9657,2229381
2011.0,48,T,15866,4521355
2011.0,49,F,6912,2293314
2011.0,49,M,10615,2226118
2011.0,49,T,17527,4519432
2011.0,50,F,7584,2329956
2011.0,50,M,11747,2251877
2011.0,50,T,19331,4581833
2011.0,51,F,8140,2347996
2011.0,51,M,12603,2278457
2011.0,51,T,20743,4626453
2011.0,52,F,8730,2281399
2011.0,52,M,13678,2196781
2011.0,52,T,22408,4478180
2011.0,53,F,9094,2274943
2011.0,53,M,14602,2183182
2011.0,53,T,23696,4458125
2011.0,54,F,9830,2259358
2011.0,54,M,15565,2156249
2011.0,54,T,25395,4415607
2011.0,55,F,10212,2187645
2011.0,55,M,16365,2076344
2011.0,55,T,26577,4263989
2011.0,56,F,10407,2173959
2011.0,56,M,17542,2058561
2011.0,56,T,27949,4232520
2011.0,57,F,11308,2098676
2011.0,57,M,17791,1967413
2011.0,57,T,29099,4066089
2011.0,58,F,11376,2026114
2011.0,58,M,18349,1892452
2011.0,58,T,29725,3918566
2011.0,59,F,11840,1953103
2011.0,59,M,19082,1821281
2011.0,59,T,30922,3774384
2011.0,60,F,12231,1903293
2011.0,60,M,19768,1761228
2011.0,60,T,31999,3664521
2011.0,61,F,12871,1861920
2011.0,61,M,20051,1722457
2011.0,61,T,32922,3584377
2011.0,62,F,14066,1815820
2011.0,62,M,20897,1671482
2011.0,62,T,34963,3487302
2011.0,63,F,15372,1801788
2011.0,63,M,22472,1657509
2011.0,63,T,37844,3459297
2011.0,64,F,16991,1881617
2011.0,64,M,24324,1729478
2011.0,64,T,41315,3611095
2011.0,65,F,14478,1400553
2011.0,65,M,20066,1272356
2011.0,65,T,34544,2672909
2011.0,66,F,14986,1391276
2011.0,66,M,20755,1251872
2011.0,66,T,35741,2643148
2011.0,67,F,16541,1366334
2011.0,67,M,22425,1218210
2011.0,67,T,38966,2584544
2011.0,68,F,18091,1406096
2011.0,68,M,24757,1246213
2011.0,68,T,42848,2652309
2011.0,69,F,18006,1237599
2011.0,69,M,23370,1083279
2011.0,69,T,41376,2320878
2011.0,70,F,18205,1144368
2011.0,70,M,23568,985133
2011.0,70,T,41773,2129501
2011.0,71,F,18554,1090731
2011.0,71,M,23663,931609
2011.0,71,T,42217,2022340
2011.0,72,F,19650,1031783
2011.0,72,M,24589,879841
2011.0,72,T,44239,1911624
2011.0,73,F,20698,1001371
2011.0,73,M,25556,837914
2011.0,73,T,46254,1839285
2011.0,74,F,21567,935314
2011.0,74,M,25527,769886
2011.0,74,T,47094,1705200
2011.0,75,F,22953,905440
2011.0,75,M,26695,732882
2011.0,75,T,49648,1638322
2011.0,76,F,24646,882622
2011.0,76,M,28124,698292
2011.0,76,T,52770,1580914
2011.0,77,F,25388,804287
2011.0,77,M,27726,626503
2011.0,77,T,53114,1430790
2011.0,78,F,27299,792306
2011.0,78,M,29262,602268
2011.0,78,T,56561,1394574
2011.0,79,F,29619,771294
2011.0,79,M,30564,572793
2011.0,79,T,60183,1344087
2011.0,80,F,32159,750626
2011.0,80,M,32434,542585
2011.0,80,T,64593,1293211
2011.0,81,F,34935,737051
2011.0,81,M,33738,516296
2011.0,81,T,68673,1253347
2011.0,82,F,36429,681888
2011.0,82,M,34067,463352
2011.0,82,T,70496,1145240
2011.0,83,F,39109,657980
2011.0,83,M,35081,429120
2011.0,83,T,74190,1087100
2011.0,84,F,40995,618703
2011.0,84,M,35002,388942
2011.0,84,T,75997,1007645
2011.0,85,F,42802,Not Applicable
2011.0,85,M,34405,Not Applicable
2011.0,85,T,77207,Not Applicable
2011.0,86,F,44784,Not Applicable
2011.0,86,M,33626,Not Applicable
2011.0,86,T,78410,Not Applicable
2011.0,87,F,45626,Not Applicable
2011.0,87,M,32653,Not Applicable
2011.0,87,T,78279,Not Applicable
2011.0,88,F,45059,Not Applicable
2011.0,88,M,30358,Not Applicable
2011.0,88,T,75417,Not Applicable
2011.0,89,F,45776,Not Applicable
2011.0,89,M,28823,Not Applicable
2011.0,89,T,74599,Not Applicable
2011.0,90,F,43922,Not Applicable
2011.0,90,M,26069,Not Applicable
2011.0,90,T,69991,Not Applicable
2011.0,91,F,40280,Not Applicable
2011.0,91,M,22511,Not Applicable
2011.0,91,T,62791,Not Applicable
2011.0,92,F,35454,Not Applicable
2011.0,92,M,18351,Not Applicable
2011.0,92,T,53805,Not Applicable
2011.0,93,F,32438,Not Applicable
2011.0,93,M,15295,Not Applicable
2011.0,93,T,47733,Not Applicable
2011.0,94,F,27745,Not Applicable
2011.0,94,M,12148,Not Applicable
2011.0,94,T,39893,Not Applicable
2011.0,95,F,24108,Not Applicable
2011.0,95,M,9303,Not Applicable
2011.0,95,T,33411,Not Applicable
2011.0,96,F,20197,Not Applicable
2011.0,96,M,7136,Not Applicable
2011.0,96,T,27333,Not Applicable
2011.0,97,F,16270,Not Applicable
2011.0,97,M,5147,Not Applicable
2011.0,97,T,21417,Not Applicable
2011.0,98,F,12398,Not Applicable
2011.0,98,M,3460,Not Applicable
2011.0,98,T,15858,Not Applicable
2011.0,99,F,9190,Not Applicable
2011.0,99,M,2401,Not Applicable
2011.0,99,T,11591,Not Applicable
2011.0,100,F,19071,Not Applicable
2011.0,100,M,3739,Not Applicable
2011.0,100,T,22810,Not Applicable
2011.0,NS,F,35,Not Applicable
2011.0,NS,M,99,Not Applicable
2011.0,NS,T,134,Not Applicable
2012.0,0,F,10490,1926339
2012.0,0,M,13139,2016738
2012.0,0,T,23629,3943077
2012.0,1,F,727,1946097
2012.0,1,M,900,2035426
2012.0,1,T,1627,3981523
2012.0,2,F,459,1948274
2012.0,2,M,620,2031683
2012.0,2,T,1079,3979957
2012.0,3,F,359,1949929
2012.0,3,M,461,2032511
2012.0,3,T,820,3982440
2012.0,4,F,278,2012570
2012.0,4,M,414,2099777
2012.0,4,T,692,4112347
2012.0,5,F,248,2020709
2012.0,5,M,299,2112038
2012.0,5,T,547,4132747
2012.0,6,F,203,2003493
2012.0,6,M,243,2095221
2012.0,6,T,446,4098714
2012.0,7,F,173,1998409
2012.0,7,M,288,2087555
2012.0,7,T,461,4085964
2012.0,8,F,188,2003830
2012.0,8,M,239,2090344
2012.0,8,T,427,4094174
2012.0,9,F,202,1989902
2012.0,9,M,251,2074035
2012.0,9,T,453,4063937
2012.0,10,F,191,1980794
2012.0,10,M,249,2064925
2012.0,10,T,440,4045719
2012.0,11,F,200,2027606
2012.0,11,M,271,2117428
2012.0,11,T,471,4145034
2012.0,12,F,209,2053985
2012.0,12,M,301,2152954
2012.0,12,T,510,4206939
2012.0,13,F,243,2020062
2012.0,13,M,379,2116190
2012.0,13,T,622,4136252
2012.0,14,F,307,2019557
2012.0,14,M,516,2115717
2012.0,14,T,823,4135274
2012.0,15,F,392,2025654
2012.0,15,M,696,2118360
2012.0,15,T,1088,4144014
2012.0,16,F,497,2035449
2012.0,16,M,962,2138825
2012.0,16,T,1459,4174274
2012.0,17,F,520,2075821
2012.0,17,M,1319,2189881
2012.0,17,T,1839,4265702
2012.0,18,F,701,2116371
2012.0,18,M,1971,2237646
2012.0,18,T,2672,4354017
2012.0,19,F,740,2144546
2012.0,19,M,2276,2278149
2012.0,19,T,3016,4422695
2012.0,20,F,856,2208792
2012.0,20,M,2553,2334982
2012.0,20,T,3409,4543774
2012.0,21,F,938,2261030
2012.0,21,M,2857,2366479
2012.0,21,T,3795,4627509
2012.0,22,F,1009,2261968
2012.0,22,M,3086,2361771
2012.0,22,T,4095,4623739
2012.0,23,F,1009,2173970
2012.0,23,M,2830,2269569
2012.0,23,T,3839,4443539
2012.0,24,F,1064,2127987
2012.0,24,M,2906,2216655
2012.0,24,T,3970,4344642
2012.0,25,F,1066,2095941
2012.0,25,M,2891,2179197
2012.0,25,T,3957,4275138
2012.0,26,F,1144,2111487
2012.0,26,M,2983,2187301
2012.0,26,T,4127,4298788
2012.0,27,F,1167,2139336
2012.0,27,M,2948,2200238
2012.0,27,T,4115,4339574
2012.0,28,F,1294,2083043
2012.0,28,M,2990,2123571
2012.0,28,T,4284,4206614
2012.0,29,F,1370,2123633
2012.0,29,M,3139,2154579
2012.0,29,T,4509,4278212
2012.0,30,F,1497,2131196
2012.0,30,M,3089,2152214
2012.0,30,T,4586,4283410
2012.0,31,F,1486,2114263
2012.0,31,M,3208,2127915
2012.0,31,T,4694,4242178
2012.0,32,F,1507,2151063
2012.0,32,M,3159,2180995
2012.0,32,T,4666,4332058
2012.0,33,F,1639,2028414
2012.0,33,M,3189,2037148
2012.0,33,T,4828,4065562
2012.0,34,F,1638,1992153
2012.0,34,M,3187,1995634
2012.0,34,T,4825,3987787
2012.0,35,F,1783,1978944
2012.0,35,M,3228,1971623
2012.0,35,T,5011,3950567
2012.0,36,F,1833,1920986
2012.0,36,M,3339,1915483
2012.0,36,T,5172,3836469
2012.0,37,F,1923,1979730
2012.0,37,M,3481,1979762
2012.0,37,T,5404,3959492
2012.0,38,F,2096,1927815
2012.0,38,M,3526,1911189
2012.0,38,T,5622,3839004
2012.0,39,F,2369,1966111
2012.0,39,M,3794,1936556
2012.0,39,T,6163,3902667
2012.0,40,F,2654,2055091
2012.0,40,M,4355,2029390
2012.0,40,T,7009,4084481
2012.0,41,F,3036,2177317
2012.0,41,M,4888,2147646
2012.0,41,T,7924,4324963
2012.0,42,F,3295,2198171
2012.0,42,M,5142,2185851
2012.0,42,T,8437,4384022
2012.0,43,F,3508,2089016
2012.0,43,M,5398,2069535
2012.0,43,T,8906,4158551
2012.0,44,F,3736,2049632
2012.0,44,M,5778,2026572
2012.0,44,T,9514,4076204
2012.0,45,F,4176,2060421
2012.0,45,M,6260,2024091
2012.0,45,T,10436,4084512
2012.0,46,F,4666,2100030
2012.0,46,M,7167,2065705
2012.0,46,T,11833,4165735
2012.0,47,F,5404,2230790
2012.0,47,M,8320,2190557
2012.0,47,T,13724,4421347
2012.0,48,F,6159,2283327
2012.0,48,M,9404,2224991
2012.0,48,T,15563,4508318
2012.0,49,F,6687,2288286
2012.0,49,M,10236,2221281
2012.0,49,T,16923,4509567
2012.0,50,F,7385,2288813
2012.0,50,M,11516,2216795
2012.0,50,T,18901,4505608
2012.0,51,F,8173,2324789
2012.0,51,M,12718,2241462
2012.0,51,T,20891,4566251
2012.0,52,F,8648,2342152
2012.0,52,M,13670,2267371
2012.0,52,T,22318,4609523
2012.0,53,F,9119,2275082
2012.0,53,M,14419,2184843
2012.0,53,T,23538,4459925
2012.0,54,F,9832,2268178
2012.0,54,M,15504,2169774
2012.0,54,T,25336,4437952
2012.0,55,F,10465,2251970
2012.0,55,M,16982,2141280
2012.0,55,T,27447,4393250
2012.0,56,F,11110,2179804
2012.0,56,M,17497,2060591
2012.0,56,T,28607,4240395
2012.0,57,F,11452,2165714
2012.0,57,M,18287,2041891
2012.0,57,T,29739,4207605
2012.0,58,F,11875,2089942
2012.0,58,M,19214,1950176
2012.0,58,T,31089,4040118
2012.0,59,F,12333,2016678
2012.0,59,M,19763,1874471
2012.0,59,T,32096,3891149
2012.0,60,F,12860,1942997
2012.0,60,M,20375,1802492
2012.0,60,T,33235,3745489
2012.0,61,F,13443,1893029
2012.0,61,M,20848,1742427
2012.0,61,T,34291,3635456
2012.0,62,F,13856,1851190
2012.0,62,M,21706,1703249
2012.0,62,T,35562,3554439
2012.0,63,F,15102,1803760
2012.0,63,M,22438,1650927
2012.0,63,T,37540,3454687
2012.0,64,F,16159,1788224
2012.0,64,M,23841,1635390
2012.0,64,T,40000,3423614
2012.0,65,F,17897,1866012
2012.0,65,M,25435,1704827
2012.0,65,T,43332,3570839
2012.0,66,F,15381,1388112
2012.0,66,M,21560,1252872
2012.0,66,T,36941,2640984
2012.0,67,F,15983,1377451
2012.0,67,M,22227,1231618
2012.0,67,T,38210,2609069
2012.0,68,F,17908,1350715
2012.0,68,M,23802,1196231
2012.0,68,T,41710,2546946
2012.0,69,F,19406,1388207
2012.0,69,M,25891,1221308
2012.0,69,T,45297,2609515
2012.0,70,F,19152,1219998
2012.0,70,M,24721,1059582
2012.0,70,T,43873,2279580
2012.0,71,F,19421,1126530
2012.0,71,M,24478,961546
2012.0,71,T,43899,2088076
2012.0,72,F,19729,1072341
2012.0,72,M,24875,907557
2012.0,72,T,44604,1979898
2012.0,73,F,20487,1012526
2012.0,73,M,25535,855045
2012.0,73,T,46022,1867571
2012.0,74,F,22047,980638
2012.0,74,M,26411,812276
2012.0,74,T,48458,1792914
2012.0,75,F,22852,913735
2012.0,75,M,26619,744120
2012.0,75,T,49471,1657855
2012.0,76,F,24558,882203
2012.0,76,M,27670,705802
2012.0,76,T,52228,1588005
2012.0,77,F,26267,857778
2012.0,77,M,29068,670017
2012.0,77,T,55335,1527795
2012.0,78,F,26622,779324
2012.0,78,M,28667,598648
2012.0,78,T,55289,1377972
2012.0,79,F,29213,765091
2012.0,79,M,30400,572865
2012.0,79,T,59613,1337956
2012.0,80,F,31478,741823
2012.0,80,M,31593,541837
2012.0,80,T,63071,1283660
2012.0,81,F,33702,718468
2012.0,81,M,33010,509952
2012.0,81,T,66712,1228420
2012.0,82,F,36596,702105
2012.0,82,M,34147,482074
2012.0,82,T,70743,1184179
2012.0,83,F,37835,645544
2012.0,83,M,34486,429149
2012.0,83,T,72321,1074693
2012.0,84,F,40624,618413
2012.0,84,M,35021,393686
2012.0,84,T,75645,1012099
2012.0,85,F,42498,Not Applicable
2012.0,85,M,34609,Not Applicable
2012.0,85,T,77107,Not Applicable
2012.0,86,F,43897,Not Applicable
2012.0,86,M,33604,Not Applicable
2012.0,86,T,77501,Not Applicable
2012.0,87,F,45483,Not Applicable
2012.0,87,M,32911,Not Applicable
2012.0,87,T,78394,Not Applicable
2012.0,88,F,45966,Not Applicable
2012.0,88,M,31445,Not Applicable
2012.0,88,T,77411,Not Applicable
2012.0,89,F,45092,Not Applicable
2012.0,89,M,28757,Not Applicable
2012.0,89,T,73849,Not Applicable
2012.0,90,F,44870,Not Applicable
2012.0,90,M,27030,Not Applicable
2012.0,90,T,71900,Not Applicable
2012.0,91,F,41546,Not Applicable
2012.0,91,M,23789,Not Applicable
2012.0,91,T,65335,Not Applicable
2012.0,92,F,37422,Not Applicable
2012.0,92,M,19602,Not Applicable
2012.0,92,T,57024,Not Applicable
2012.0,93,F,31890,Not Applicable
2012.0,93,M,15708,Not Applicable
2012.0,93,T,47598,Not Applicable
2012.0,94,F,29296,Not Applicable
2012.0,94,M,13120,Not Applicable
2012.0,94,T,42416,Not Applicable
2012.0,95,F,24426,Not Applicable
2012.0,95,M,9970,Not Applicable
2012.0,95,T,34396,Not Applicable
2012.0,96,F,20095,Not Applicable
2012.0,96,M,7545,Not Applicable
2012.0,96,T,27640,Not Applicable
2012.0,97,F,16581,Not Applicable
2012.0,97,M,5457,Not Applicable
2012.0,97,T,22038,Not Applicable
2012.0,98,F,12816,Not Applicable
2012.0,98,M,3907,Not Applicable
2012.0,98,T,16723,Not Applicable
2012.0,99,F,9456,Not Applicable
2012.0,99,M,2556,Not Applicable
2012.0,99,T,12012,Not Applicable
2012.0,100,F,19870,Not Applicable
2012.0,100,M,4093,Not Applicable
2012.0,100,T,23963,Not Applicable
2012.0,NS,F,47,Not Applicable
2012.0,NS,M,100,Not Applicable
2012.0,NS,T,147,Not Applicable
2013.0,0,F,10321,1925056
2013.0,0,M,13119,2016727
2013.0,0,T,23440,3941783
2013.0,1,F,728,1933929
2013.0,1,M,929,2022013
2013.0,1,T,1657,3955942
2013.0,2,F,426,1948680
2013.0,2,M,589,2040455
2013.0,2,T,1015,3989135
2013.0,3,F,320,1953120
2013.0,3,M,431,2036418
2013.0,3,T,751,3989538
2013.0,4,F,271,1954885
2013.0,4,M,374,2036805
2013.0,4,T,645,3991690
2013.0,5,F,250,2017560
2013.0,5,M,315,2104237
2013.0,5,T,565,4121797
2013.0,6,F,226,2025310
2013.0,6,M,275,2116881
2013.0,6,T,501,4142191
2013.0,7,F,190,2007933
2013.0,7,M,252,2100120
2013.0,7,T,442,4108053
2013.0,8,F,195,2002750
2013.0,8,M,260,2092455
2013.0,8,T,455,4095205
2013.0,9,F,183,2008054
2013.0,9,M,281,2095281
2013.0,9,T,464,4103335
2013.0,10,F,194,1994285
2013.0,10,M,232,2078973
2013.0,10,T,426,4073258
2013.0,11,F,198,1985604
2013.0,11,M,259,2070314
2013.0,11,T,457,4055918
2013.0,12,F,232,2032890
2013.0,12,M,324,2122985
2013.0,12,T,556,4155875
2013.0,13,F,293,2059475
2013.0,13,M,381,2158489
2013.0,13,T,674,4217964
2013.0,14,F,302,2025677
2013.0,14,M,498,2121762
2013.0,14,T,800,4147439
2013.0,15,F,348,2025522
2013.0,15,M,698,2121923
2013.0,15,T,1046,4147445
2013.0,16,F,422,2032193
2013.0,16,M,931,2125923
2013.0,16,T,1353,4158116
2013.0,17,F,539,2042940
2013.0,17,M,1301,2148248
2013.0,17,T,1840,4191188
2013.0,18,F,655,2084906
2013.0,18,M,1729,2200703
2013.0,18,T,2384,4285609
2013.0,19,F,757,2127213
2013.0,19,M,2100,2249393
2013.0,19,T,2857,4376606
2013.0,20,F,861,2156114
2013.0,20,M,2411,2289607
2013.0,20,T,3272,4445721
2013.0,21,F,894,2220785
2013.0,21,M,2787,2347878
2013.0,21,T,3681,4568663
2013.0,22,F,976,2274176
2013.0,22,M,2933,2381555
2013.0,22,T,3909,4655731
2013.0,23,F,1067,2276399
2013.0,23,M,3025,2376407
2013.0,23,T,4092,4652806
2013.0,24,F,1103,2188999
2013.0,24,M,2949,2283518
2013.0,24,T,4052,4472517
2013.0,25,F,1050,2143108
2013.0,25,M,2913,2229093
2013.0,25,T,3963,4372201
2013.0,26,F,1170,2110001
2013.0,26,M,2986,2190519
2013.0,26,T,4156,4300520
2013.0,27,F,1234,2123971
2013.0,27,M,3056,2198276
2013.0,27,T,4290,4322247
2013.0,28,F,1279,2150401
2013.0,28,M,3014,2209844
2013.0,28,T,4293,4360245
2013.0,29,F,1300,2092838
2013.0,29,M,3054,2132147
2013.0,29,T,4354,4224985
2013.0,30,F,1404,2132415
2013.0,30,M,3203,2162416
2013.0,30,T,4607,4294831
2013.0,31,F,1502,2138703
2013.0,31,M,3221,2158627
2013.0,31,T,4723,4297330
2013.0,32,F,1614,2120965
2013.0,32,M,3208,2133366
2013.0,32,T,4822,4254331
2013.0,33,F,1664,2156920
2013.0,33,M,3400,2185818
2013.0,33,T,5064,4342738
2013.0,34,F,1784,2033774
2013.0,34,M,3407,2041385
2013.0,34,T,5191,4075159
2013.0,35,F,1898,1997006
2013.0,35,M,3363,1999717
2013.0,35,T,5261,3996723
2013.0,36,F,1893,1983203
2013.0,36,M,3386,1974439
2013.0,36,T,5279,3957642
2013.0,37,F,2007,1924842
2013.0,37,M,3435,1917837
2013.0,37,T,5442,3842679
2013.0,38,F,2163,1982996
2013.0,38,M,3576,1981305
2013.0,38,T,5739,3964301
2013.0,39,F,2316,1930454
2013.0,39,M,3784,1911971
2013.0,39,T,6100,3842425
2013.0,40,F,2596,1968259
2013.0,40,M,4146,1936508
2013.0,40,T,6742,3904767
2013.0,41,F,2890,2056391
2013.0,41,M,4564,2028536
2013.0,41,T,7454,4084927
2013.0,42,F,3337,2177715
2013.0,42,M,5329,2145858
2013.0,42,T,8666,4323573
2013.0,43,F,3622,2197973
2013.0,43,M,5597,2182953
2013.0,43,T,9219,4380926
2013.0,44,F,3779,2088590
2013.0,44,M,5892,2066137
2013.0,44,T,9671,4154727
2013.0,45,F,4126,2048451
2013.0,45,M,6220,2021957
2013.0,45,T,10346,4070408
2013.0,46,F,4486,2058350
2013.0,46,M,7100,2018553
2013.0,46,T,11586,4076903
2013.0,47,F,5151,2097185
2013.0,47,M,7960,2059088
2013.0,47,T,13111,4156273
2013.0,48,F,5756,2227171
2013.0,48,M,9052,2182629
2013.0,48,T,14808,4409800
2013.0,49,F,6783,2279031
2013.0,49,M,10199,2215891
2013.0,49,T,16982,4494922
2013.0,50,F,7282,2283376
2013.0,50,M,11307,2211106
2013.0,50,T,18589,4494482
2013.0,51,F,8081,2283411
2013.0,51,M,12453,2205825
2013.0,51,T,20534,4489236
2013.0,52,F,8749,2318522
2013.0,52,M,13472,2229385
2013.0,52,T,22221,4547907
2013.0,53,F,9353,2335280
2013.0,53,M,14622,2253981
2013.0,53,T,23975,4589261
2013.0,54,F,9960,2267671
2013.0,54,M,15612,2170669
2013.0,54,T,25572,4438340
2013.0,55,F,10694,2260195
2013.0,55,M,16879,2154967
2013.0,55,T,27573,4415162
2013.0,56,F,11397,2243717
2013.0,56,M,18074,2125826
2013.0,56,T,29471,4369543
2013.0,57,F,11907,2171182
2013.0,57,M,18656,2044395
2013.0,57,T,30563,4215577
2013.0,58,F,12323,2156648
2013.0,58,M,19912,2024760
2013.0,58,T,32235,4181408
2013.0,59,F,12664,2080306
2013.0,59,M,20475,1932434
2013.0,59,T,33139,4012740
2013.0,60,F,13300,2006745
2013.0,60,M,21148,1856051
2013.0,60,T,34448,3862796
2013.0,61,F,13757,1932477
2013.0,61,M,21784,1783516
2013.0,61,T,35541,3715993
2013.0,62,F,14272,1881064
2013.0,62,M,22432,1722456
2013.0,62,T,36704,3603520
2013.0,63,F,15109,1837353
2013.0,63,M,23058,1681878
2013.0,63,T,38167,3519231
2013.0,64,F,16379,1789989
2013.0,64,M,23907,1630472
2013.0,64,T,40286,3420461
2013.0,65,F,17798,1775062
2013.0,65,M,25036,1616005
2013.0,65,T,42834,3391067
2013.0,66,F,19252,1851206
2013.0,66,M,27466,1683234
2013.0,66,T,46718,3534440
2013.0,67,F,16422,1373271
2013.0,67,M,22837,1231339
2013.0,67,T,39259,2604610
2013.0,68,F,17386,1361259
2013.0,68,M,23613,1208652
2013.0,68,T,40999,2569911
2013.0,69,F,19327,1334729
2013.0,69,M,25372,1173960
2013.0,69,T,44699,2508689
2013.0,70,F,21123,1371215
2013.0,70,M,27596,1198287
2013.0,70,T,48719,2569502
2013.0,71,F,20607,1202131
2013.0,71,M,26559,1036368
2013.0,71,T,47166,2238499
2013.0,72,F,20718,1107284
2013.0,72,M,25971,937562
2013.0,72,T,46689,2044846
2013.0,73,F,21322,1051844
2013.0,73,M,26303,882726
2013.0,73,T,47625,1934570
2013.0,74,F,22576,991123
2013.0,74,M,27145,829509
2013.0,74,T,49721,1820632
2013.0,75,F,23565,957852
2013.0,75,M,27945,785563
2013.0,75,T,51510,1743415
2013.0,76,F,24641,890198
2013.0,76,M,28156,717131
2013.0,76,T,52797,1607329
2013.0,77,F,26270,857089
2013.0,77,M,29587,677689
2013.0,77,T,55857,1534778
2013.0,78,F,28026,830640
2013.0,78,M,30527,640522
2013.0,78,T,58553,1471162
2013.0,79,F,28646,751755
2013.0,79,M,29951,569442
2013.0,79,T,58597,1321197
2013.0,80,F,31091,735180
2013.0,80,M,31636,542197
2013.0,80,T,62727,1277377
2013.0,81,F,33263,709462
2013.0,81,M,33025,509698
2013.0,81,T,66288,1219160
2013.0,82,F,35797,683692
2013.0,82,M,34661,476629
2013.0,82,T,70458,1160321
2013.0,83,F,38500,664014
2013.0,83,M,34784,447106
2013.0,83,T,73284,1111120
2013.0,84,F,39874,606120
2013.0,84,M,35068,394540
2013.0,84,T,74942,1000660
2013.0,85,F,42949,Not Applicable
2013.0,85,M,35041,Not Applicable
2013.0,85,T,77990,Not Applicable
2013.0,86,F,43693,Not Applicable
2013.0,86,M,34794,Not Applicable
2013.0,86,T,78487,Not Applicable
2013.0,87,F,45237,Not Applicable
2013.0,87,M,33487,Not Applicable
2013.0,87,T,78724,Not Applicable
2013.0,88,F,46317,Not Applicable
2013.0,88,M,31927,Not Applicable
2013.0,88,T,78244,Not Applicable
2013.0,89,F,45776,Not Applicable
2013.0,89,M,30037,Not Applicable
2013.0,89,T,75813,Not Applicable
2013.0,90,F,44039,Not Applicable
2013.0,90,M,27340,Not Applicable
2013.0,90,T,71379,Not Applicable
2013.0,91,F,42634,Not Applicable
2013.0,91,M,24468,Not Applicable
2013.0,91,T,67102,Not Applicable
2013.0,92,F,39388,Not Applicable
2013.0,92,M,21530,Not Applicable
2013.0,92,T,60918,Not Applicable
2013.0,93,F,34835,Not Applicable
2013.0,93,M,17525,Not Applicable
2013.0,93,T,52360,Not Applicable
2013.0,94,F,29241,Not Applicable
2013.0,94,M,13187,Not Applicable
2013.0,94,T,42428,Not Applicable
2013.0,95,F,25327,Not Applicable
2013.0,95,M,10726,Not Applicable
2013.0,95,T,36053,Not Applicable
2013.0,96,F,20696,Not Applicable
2013.0,96,M,7783,Not Applicable
2013.0,96,T,28479,Not Applicable
2013.0,97,F,16709,Not Applicable
2013.0,97,M,5662,Not Applicable
2013.0,97,T,22371,Not Applicable
2013.0,98,F,13496,Not Applicable
2013.0,98,M,3943,Not Applicable
2013.0,98,T,17439,Not Applicable
2013.0,99,F,9757,Not Applicable
2013.0,99,M,2665,Not Applicable
2013.0,99,T,12422,Not Applicable
2013.0,100,F,20642,Not Applicable
2013.0,100,M,4347,Not Applicable
2013.0,100,T,24989,Not Applicable
2013.0,NS,F,37,Not Applicable
2013.0,NS,M,95,Not Applicable
2013.0,NS,T,132,Not Applicable
2014.0,0,F,10329,1930493
2014.0,0,M,12886,2017857
2014.0,0,T,23215,3948350
2014.0,1,F,663,1938870
2014.0,1,M,793,2023253
2014.0,1,T,1456,3962123
2014.0,2,F,425,1935270
2014.0,2,M,566,2022502
2014.0,2,T,991,3957772
2014.0,3,F,312,1956572
2014.0,3,M,429,2048618
2014.0,3,T,741,4005190
2014.0,4,F,258,1959950
2014.0,4,M,384,2043498
2014.0,4,T,642,4003448
2014.0,5,F,241,1961391
2014.0,5,M,292,2043467
2014.0,5,T,533,4004858
2014.0,6,F,202,2024024
2014.0,6,M,271,2110328
2014.0,6,T,473,4134352
2014.0,7,F,188,2031760
2014.0,7,M,273,2122240
2014.0,7,T,461,4154000
2014.0,8,F,188,2014402
2014.0,8,M,254,2105122
2014.0,8,T,442,4119524
2014.0,9,F,181,2009560
2014.0,9,M,267,2097272
2014.0,9,T,448,4106832
2014.0,10,F,165,2015380
2014.0,10,M,256,2099874
2014.0,10,T,421,4115254
2014.0,11,F,189,2001949
2014.0,11,M,279,2083687
2014.0,11,T,468,4085636
2014.0,12,F,222,1993547
2014.0,12,M,310,2075243
2014.0,12,T,532,4068790
2014.0,13,F,259,2041159
2014.0,13,M,421,2128187
2014.0,13,T,680,4169346
2014.0,14,F,287,2068252
2014.0,14,M,505,2164228
2014.0,14,T,792,4232480
2014.0,15,F,367,2035299
2014.0,15,M,654,2128424
2014.0,15,T,1021,4163723
2014.0,16,F,439,2036296
2014.0,16,M,995,2130938
2014.0,16,T,1434,4167234
2014.0,17,F,544,2045897
2014.0,17,M,1258,2138809
2014.0,17,T,1802,4184706
2014.0,18,F,645,2060528
2014.0,18,M,1800,2165062
2014.0,18,T,2445,4225590
2014.0,19,F,763,2105604
2014.0,19,M,2121,2220790
2014.0,19,T,2884,4326394
2014.0,20,F,819,2149317
2014.0,20,M,2370,2269570
2014.0,20,T,3189,4418887
2014.0,21,F,975,2179012
2014.0,21,M,2722,2310734
2014.0,21,T,3697,4489746
2014.0,22,F,1039,2244480
2014.0,22,M,2987,2367842
2014.0,22,T,4026,4612322
2014.0,23,F,1012,2298701
2014.0,23,M,3058,2399883
2014.0,23,T,4070,4698584
2014.0,24,F,1071,2301237
2014.0,24,M,3152,2391398
2014.0,24,T,4223,4692635
2014.0,25,F,1139,2213758
2014.0,25,M,3112,2295836
2014.0,25,T,4251,4509594
2014.0,26,F,1242,2166446
2014.0,26,M,3099,2240026
2014.0,26,T,4341,4406472
2014.0,27,F,1201,2132116
2014.0,27,M,3034,2200429
2014.0,27,T,4235,4332545
2014.0,28,F,1312,2144666
2014.0,28,M,3165,2207185
2014.0,28,T,4477,4351851
2014.0,29,F,1412,2169563
2014.0,29,M,3209,2217913
2014.0,29,T,4621,4387476
2014.0,30,F,1367,2110672
2014.0,30,M,3153,2140108
2014.0,30,T,4520,4250780
2014.0,31,F,1518,2148981
2014.0,31,M,3423,2169725
2014.0,31,T,4941,4318706
2014.0,32,F,1651,2154232
2014.0,32,M,3368,2165840
2014.0,32,T,5019,4320072
2014.0,33,F,1779,2135416
2014.0,33,M,3441,2140697
2014.0,33,T,5220,4276113
2014.0,34,F,1859,2170440
2014.0,34,M,3693,2192455
2014.0,34,T,5552,4362895
2014.0,35,F,2027,2046713
2014.0,35,M,3592,2047326
2014.0,35,T,5619,4094039
2014.0,36,F,1978,2009423
2014.0,36,M,3658,2004990
2014.0,36,T,5636,4014413
2014.0,37,F,2191,1995155
2014.0,37,M,3653,1979035
2014.0,37,T,5844,3974190
2014.0,38,F,2243,1936610
2014.0,38,M,3640,1922571
2014.0,38,T,5883,3859181
2014.0,39,F,2386,1993913
2014.0,39,M,3957,1985914
2014.0,39,T,6343,3979827
2014.0,40,F,2530,1940627
2014.0,40,M,4093,1916261
2014.0,40,T,6623,3856888
2014.0,41,F,2930,1977497
2014.0,41,M,4623,1939916
2014.0,41,T,7553,3917413
2014.0,42,F,3306,2064604
2014.0,42,M,4938,2031325
2014.0,42,T,8244,4095929
2014.0,43,F,3658,2184835
2014.0,43,M,5576,2147656
2014.0,43,T,9234,4332491
2014.0,44,F,4054,2204527
2014.0,44,M,5963,2184235
2014.0,44,T,10017,4388762
2014.0,45,F,4180,2094227
2014.0,45,M,6376,2067223
2014.0,45,T,10556,4161450
2014.0,46,F,4501,2053539
2014.0,46,M,6863,2022698
2014.0,46,T,11364,4076237
2014.0,47,F,4929,2062844
2014.0,47,M,7625,2019306
2014.0,47,T,12554,4082150
2014.0,48,F,5640,2100753
2014.0,48,M,8591,2058243
2014.0,48,T,14231,4158996
2014.0,49,F,6485,2229216
2014.0,49,M,9826,2179993
2014.0,49,T,16311,4409209
2014.0,50,F,7206,2279824
2014.0,50,M,11064,2211607
2014.0,50,T,18270,4491431
2014.0,51,F,8153,2283261
2014.0,51,M,12268,2205405
2014.0,51,T,20421,4488666
2014.0,52,F,8708,2282051
2014.0,52,M,13248,2198124
2014.0,52,T,21956,4480175
2014.0,53,F,9584,2316131
2014.0,53,M,14762,2219617
2014.0,53,T,24346,4535748
2014.0,54,F,10154,2331961
2014.0,54,M,15754,2242828
2014.0,54,T,25908,4574789
2014.0,55,F,11028,2263367
2014.0,55,M,17023,2158258
2014.0,55,T,28051,4421625
2014.0,56,F,11703,2254749
2014.0,56,M,18230,2140722
2014.0,56,T,29933,4395471
2014.0,57,F,12409,2237030
2014.0,57,M,19492,2110149
2014.0,57,T,31901,4347179
2014.0,58,F,12721,2163798
2014.0,58,M,20199,2027959
2014.0,58,T,32920,4191757
2014.0,59,F,13317,2148517
2014.0,59,M,21048,2006900
2014.0,59,T,34365,4155417
2014.0,60,F,13950,2071358
2014.0,60,M,21923,1914009
2014.0,60,T,35873,3985367
2014.0,61,F,14487,1997348
2014.0,61,M,22921,1837080
2014.0,61,T,37408,3834428
2014.0,62,F,15106,1922318
2014.0,62,M,23310,1763504
2014.0,62,T,38416,3685822
2014.0,63,F,15636,1870552
2014.0,63,M,23948,1701827
2014.0,63,T,39584,3572379
2014.0,64,F,16253,1826662
2014.0,64,M,24104,1661474
2014.0,64,T,40357,3488136
2014.0,65,F,17247,1776761
2014.0,65,M,25236,1607688
2014.0,65,T,42483,3384449
2014.0,66,F,18776,1758649
2014.0,66,M,26739,1589127
2014.0,66,T,45515,3347776
2014.0,67,F,20820,1832245
2014.0,67,M,28743,1653257
2014.0,67,T,49563,3485502
2014.0,68,F,17638,1361047
2014.0,68,M,24301,1211480
2014.0,68,T,41939,2572527
2014.0,69,F,18551,1347458
2014.0,69,M,24783,1187554
2014.0,69,T,43334,2535012
2014.0,70,F,20463,1317238
2014.0,70,M,26678,1149247
2014.0,70,T,47141,2466485
2014.0,71,F,22721,1350392
2014.0,71,M,29102,1169356
2014.0,71,T,51823,2519748
2014.0,72,F,22015,1183338
2014.0,72,M,27953,1010896
2014.0,72,T,49968,2194234
2014.0,73,F,22035,1089183
2014.0,73,M,27479,913008
2014.0,73,T,49514,2002191
2014.0,74,F,22627,1032934
2014.0,74,M,27634,857432
2014.0,74,T,50261,1890366
2014.0,75,F,24000,971263
2014.0,75,M,28656,803434
2014.0,75,T,52656,1774697
2014.0,76,F,25278,936270
2014.0,76,M,29307,758378
2014.0,76,T,54585,1694648
2014.0,77,F,26054,867417
2014.0,77,M,29653,689822
2014.0,77,T,55707,1557239
2014.0,78,F,27740,832296
2014.0,78,M,30434,649209
2014.0,78,T,58174,1481505
2014.0,79,F,29741,803512
2014.0,79,M,31209,610723
2014.0,79,T,60950,1414235
2014.0,80,F,30461,724040
2014.0,80,M,31140,540032
2014.0,80,T,61601,1264072
2014.0,81,F,32751,704919
2014.0,81,M,32497,511090
2014.0,81,T,65248,1216009
2014.0,82,F,34962,676658
2014.0,82,M,33631,476976
2014.0,82,T,68593,1153634
2014.0,83,F,37073,648016
2014.0,83,M,34540,442449
2014.0,83,T,71613,1090465
2014.0,84,F,40014,624921
2014.0,84,M,35363,411265
2014.0,84,T,75377,1036186
2014.0,85,F,40829,Not Applicable
2014.0,85,M,34341,Not Applicable
2014.0,85,T,75170,Not Applicable
2014.0,86,F,42888,Not Applicable
2014.0,86,M,34590,Not Applicable
2014.0,86,T,77478,Not Applicable
2014.0,87,F,44472,Not Applicable
2014.0,87,M,33579,Not Applicable
2014.0,87,T,78051,Not Applicable
2014.0,88,F,44108,Not Applicable
2014.0,88,M,31952,Not Applicable
2014.0,88,T,76060,Not Applicable
2014.0,89,F,44633,Not Applicable
2014.0,89,M,30147,Not Applicable
2014.0,89,T,74780,Not Applicable
2014.0,90,F,44337,Not Applicable
2014.0,90,M,27636,Not Applicable
2014.0,90,T,71973,Not Applicable
2014.0,91,F,41927,Not Applicable
2014.0,91,M,24624,Not Applicable
2014.0,91,T,66551,Not Applicable
2014.0,92,F,39888,Not Applicable
2014.0,92,M,21966,Not Applicable
2014.0,92,T,61854,Not Applicable
2014.0,93,F,35792,Not Applicable
2014.0,93,M,18714,Not Applicable
2014.0,93,T,54506,Not Applicable
2014.0,94,F,31035,Not Applicable
2014.0,94,M,14447,Not Applicable
2014.0,94,T,45482,Not Applicable
2014.0,95,F,24839,Not Applicable
2014.0,95,M,10651,Not Applicable
2014.0,95,T,35490,Not Applicable
2014.0,96,F,21551,Not Applicable
2014.0,96,M,8462,Not Applicable
2014.0,96,T,30013,Not Applicable
2014.0,97,F,16782,Not Applicable
2014.0,97,M,6070,Not Applicable
2014.0,97,T,22852,Not Applicable
2014.0,98,F,13130,Not Applicable
2014.0,98,M,4258,Not Applicable
2014.0,98,T,17388,Not Applicable
2014.0,99,F,9879,Not Applicable
2014.0,99,M,2785,Not Applicable
2014.0,99,T,12664,Not Applicable
2014.0,100,F,21351,Not Applicable
2014.0,100,M,4563,Not Applicable
2014.0,100,T,25914,Not Applicable
2014.0,NS,F,53,Not Applicable
2014.0,NS,M,110,Not Applicable
2014.0,NS,T,163,Not Applicable
2015.0,0,F,10447,1942904
2015.0,0,M,13008,2035134
2015.0,0,T,23455,3978038
2015.0,1,F,678,1939269
2015.0,1,M,913,2029295
2015.0,1,T,1591,3968564
2015.0,2,F,442,1939979
2015.0,2,M,565,2026604
2015.0,2,T,1007,3966583
2015.0,3,F,316,1943417
2015.0,3,M,462,2030644
2015.0,3,T,778,3974061
2015.0,4,F,248,1964111
2015.0,4,M,341,2055924
2015.0,4,T,589,4020035
2015.0,5,F,222,1967310
2015.0,5,M,321,2050848
2015.0,5,T,543,4018158
2015.0,6,F,233,1968544
2015.0,6,M,283,2050663
2015.0,6,T,516,4019207
2015.0,7,F,207,2031242
2015.0,7,M,241,2117118
2015.0,7,T,448,4148360
2015.0,8,F,195,2039062
2015.0,8,M,269,2128825
2015.0,8,T,464,4167887
2015.0,9,F,168,2021886
2015.0,9,M,263,2111678
2015.0,9,T,431,4133564
2015.0,10,F,167,2017346
2015.0,10,M,274,2103943
2015.0,10,T,441,4121289
2015.0,11,F,198,2023586
2015.0,11,M,266,2106742
2015.0,11,T,464,4130328
2015.0,12,F,225,2010241
2015.0,12,M,293,2090780
2015.0,12,T,518,4101021
2015.0,13,F,291,2001602
2015.0,13,M,394,2082704
2015.0,13,T,685,4084306
2015.0,14,F,352,2049167
2015.0,14,M,549,2136219
2015.0,14,T,901,4185386
2015.0,15,F,368,2076753
2015.0,15,M,723,2172989
2015.0,15,T,1091,4249742
2015.0,16,F,486,2045025
2015.0,16,M,988,2139271
2015.0,16,T,1474,4184296
2015.0,17,F,569,2049112
2015.0,17,M,1409,2145174
2015.0,17,T,1978,4194286
2015.0,18,F,743,2061954
2015.0,18,M,1841,2156041
2015.0,18,T,2584,4217995
2015.0,19,F,833,2078192
2015.0,19,M,2226,2184392
2015.0,19,T,3059,4262584
2015.0,20,F,866,2123067
2015.0,20,M,2500,2240373
2015.0,20,T,3366,4363440
2015.0,21,F,993,2166784
2015.0,21,M,2851,2290006
2015.0,21,T,3844,4456790
2015.0,22,F,1021,2197776
2015.0,22,M,3134,2331696
2015.0,22,T,4155,4529472
2015.0,23,F,1088,2264424
2015.0,23,M,3251,2387842
2015.0,23,T,4339,4652266
2015.0,24,F,1181,2319408
2015.0,24,M,3423,2417937
2015.0,24,T,4604,4737345
2015.0,25,F,1285,2322049
2015.0,25,M,3471,2407515
2015.0,25,T,4756,4729564
2015.0,26,F,1260,2233433
2015.0,26,M,3296,2310983
2015.0,26,T,4556,4544416
2015.0,27,F,1327,2185163
2015.0,27,M,3412,2254603
2015.0,27,T,4739,4439766
2015.0,28,F,1386,2149931
2015.0,28,M,3364,2214738
2015.0,28,T,4750,4364669
2015.0,29,F,1467,2161579
2015.0,29,M,3630,2221560
2015.0,29,T,5097,4383139
2015.0,30,F,1601,2185746
2015.0,30,M,3506,2231463
2015.0,30,T,5107,4417209
2015.0,31,F,1641,2125468
2015.0,31,M,3575,2152765
2015.0,31,T,5216,4278233
2015.0,32,F,1848,2162451
2015.0,32,M,3738,2181163
2015.0,32,T,5586,4343614
2015.0,33,F,1926,2166123
2015.0,33,M,3832,2175631
2015.0,33,T,5758,4341754
2015.0,34,F,1995,2146121
2015.0,34,M,3957,2148717
2015.0,34,T,5952,4294838
2015.0,35,F,2064,2180134
2015.0,35,M,4026,2199270
2015.0,35,T,6090,4379404
2015.0,36,F,2243,2055478
2015.0,36,M,3949,2053297
2015.0,36,T,6192,4108775
2015.0,37,F,2206,2017940
2015.0,37,M,4015,2010463
2015.0,37,T,6221,4028403
2015.0,38,F,2387,2003325
2015.0,38,M,4058,1983816
2015.0,38,T,6445,3987141
2015.0,39,F,2327,1944284
2015.0,39,M,4142,1926578
2015.0,39,T,6469,3870862
2015.0,40,F,2602,2000626
2015.0,40,M,4282,1989213
2015.0,40,T,6884,3989839
2015.0,41,F,2833,1946164
2015.0,41,M,4547,1919064
2015.0,41,T,7380,3865228
2015.0,42,F,3182,1981947
2015.0,42,M,4933,1942311
2015.0,42,T,8115,3924258
2015.0,43,F,3488,2068346
2015.0,43,M,5401,2032362
2015.0,43,T,8889,4100708
2015.0,44,F,4086,2187962
2015.0,44,M,6317,2147203
2015.0,44,T,10403,4335165
2015.0,45,F,4386,2206861
2015.0,45,M,6635,2182484
2015.0,45,T,11021,4389345
2015.0,46,F,4655,2095675
2015.0,46,M,7135,2064898
2015.0,46,T,11790,4160573
2015.0,47,F,4891,2054083
2015.0,47,M,7407,2019602
2015.0,47,T,12298,4073685
2015.0,48,F,5534,2062616
2015.0,48,M,8202,2015073
2015.0,48,T,13736,4077689
2015.0,49,F,6104,2099680
2015.0,49,M,9428,2052872
2015.0,49,T,15532,4152552
2015.0,50,F,7051,2227286
2015.0,50,M,10767,2173002
2015.0,50,T,17818,4400288
2015.0,51,F,7852,2276939
2015.0,51,M,12164,2202725
2015.0,51,T,20016,4479664
2015.0,52,F,8731,2279256
2015.0,52,M,13209,2195088
2015.0,52,T,21940,4474344
2015.0,53,F,9482,2277046
2015.0,53,M,14524,2186448
2015.0,53,T,24006,4463494
2015.0,54,F,10261,2309943
2015.0,54,M,16076,2206584
2015.0,54,T,26337,4516527
2015.0,55,F,10922,2324887
2015.0,55,M,17123,2228498
2015.0,55,T,28045,4553385
2015.0,56,F,11834,2255835
2015.0,56,M,18224,2143285
2015.0,56,T,30058,4399120
2015.0,57,F,12584,2246694
2015.0,57,M,19693,2124551
2015.0,57,T,32277,4371245
2015.0,58,F,13361,2228294
2015.0,58,M,20611,2092228
2015.0,58,T,33972,4320522
2015.0,59,F,13716,2154665
2015.0,59,M,21521,2009005
2015.0,59,T,35237,4163670
2015.0,60,F,14201,2138784
2015.0,60,M,22515,1987008
2015.0,60,T,36716,4125792
2015.0,61,F,14911,2060944
2015.0,61,M,23323,1893657
2015.0,61,T,38234,3954601
2015.0,62,F,15645,1986021
2015.0,62,M,24065,1815914
2015.0,62,T,39710,3801935
2015.0,63,F,16212,1909879
2015.0,63,M,25306,1741514
2015.0,63,T,41518,3651393
2015.0,64,F,16773,1857069
2015.0,64,M,25245,1679087
2015.0,64,T,42018,3536156
2015.0,65,F,17507,1812107
2015.0,65,M,25976,1637936
2015.0,65,T,43483,3450043
2015.0,66,F,18684,1760795
2015.0,66,M,26986,1583339
2015.0,66,T,45670,3344134
2015.0,67,F,20246,1741227
2015.0,67,M,28284,1562960
2015.0,67,T,48530,3304187
2015.0,68,F,22174,1812428
2015.0,68,M,30528,1623929
2015.0,68,T,52702,3436357
2015.0,69,F,19241,1344721
2015.0,69,M,25856,1188026
2015.0,69,T,45097,2532747
2015.0,70,F,20339,1329818
2015.0,70,M,26504,1162672
2015.0,70,T,46843,2492490
2015.0,71,F,22047,1298089
2015.0,71,M,28756,1123102
2015.0,71,T,50803,2421191
2015.0,72,F,24821,1328954
2015.0,72,M,30898,1140651
2015.0,72,T,55719,2469605
2015.0,73,F,23855,1162411
2015.0,73,M,29580,983641
2015.0,73,T,53435,2146052
2015.0,74,F,23755,1067619
2015.0,74,M,28979,886092
2015.0,74,T,52734,1953711
2015.0,75,F,24903,1010164
2015.0,75,M,29511,829659
2015.0,75,T,54414,1839823
2015.0,76,F,25854,947283
2015.0,76,M,30203,774758
2015.0,76,T,56057,1722041
2015.0,77,F,27548,910536
2015.0,77,M,31079,728549
2015.0,77,T,58627,1639085
2015.0,78,F,28172,840960
2015.0,78,M,31046,659853
2015.0,78,T,59218,1500813
2015.0,79,F,30209,803984
2015.0,79,M,31880,618087
2015.0,79,T,62089,1422071
2015.0,80,F,32182,772956
2015.0,80,M,33120,578240
2015.0,80,T,65302,1351196
2015.0,81,F,32253,693056
2015.0,81,M,32996,507988
2015.0,81,T,65249,1201044
2015.0,82,F,35303,671319
2015.0,82,M,33750,477629
2015.0,82,T,69053,1148948
2015.0,83,F,37496,640387
2015.0,83,M,34644,442175
2015.0,83,T,72140,1082562
2015.0,84,F,39800,608958
2015.0,84,M,35617,406633
2015.0,84,T,75417,1015591
2015.0,85,F,42054,Not Applicable
2015.0,85,M,35498,Not Applicable
2015.0,85,T,77552,Not Applicable
2015.0,86,F,43027,Not Applicable
2015.0,86,M,34676,Not Applicable
2015.0,86,T,77703,Not Applicable
2015.0,87,F,45252,Not Applicable
2015.0,87,M,34900,Not Applicable
2015.0,87,T,80152,Not Applicable
2015.0,88,F,45915,Not Applicable
2015.0,88,M,33152,Not Applicable
2015.0,88,T,79067,Not Applicable
2015.0,89,F,45567,Not Applicable
2015.0,89,M,30706,Not Applicable
2015.0,89,T,76273,Not Applicable
2015.0,90,F,45974,Not Applicable
2015.0,90,M,28690,Not Applicable
2015.0,90,T,74664,Not Applicable
2015.0,91,F,43774,Not Applicable
2015.0,91,M,25871,Not Applicable
2015.0,91,T,69645,Not Applicable
2015.0,92,F,40511,Not Applicable
2015.0,92,M,22541,Not Applicable
2015.0,92,T,63052,Not Applicable
2015.0,93,F,37836,Not Applicable
2015.0,93,M,19604,Not Applicable
2015.0,93,T,57440,Not Applicable
2015.0,94,F,33025,Not Applicable
2015.0,94,M,15970,Not Applicable
2015.0,94,T,48995,Not Applicable
2015.0,95,F,28012,Not Applicable
2015.0,95,M,12316,Not Applicable
2015.0,95,T,40328,Not Applicable
2015.0,96,F,21971,Not Applicable
2015.0,96,M,8722,Not Applicable
2015.0,96,T,30693,Not Applicable
2015.0,97,F,18143,Not Applicable
2015.0,97,M,6574,Not Applicable
2015.0,97,T,24717,Not Applicable
2015.0,98,F,14032,Not Applicable
2015.0,98,M,4474,Not Applicable
2015.0,98,T,18506,Not Applicable
2015.0,99,F,10313,Not Applicable
2015.0,99,M,3071,Not Applicable
2015.0,99,T,13384,Not Applicable
2015.0,100,F,22591,Not Applicable
2015.0,100,M,4939,Not Applicable
2015.0,100,T,27530,Not Applicable
2015.0,NS,F,43,Not Applicable
2015.0,NS,M,95,Not Applicable
2015.0,NS,T,138,Not Applicable
2016.0,0,F,10294,1939667
2016.0,0,M,12867,2030478
2016.0,0,T,23161,3970145
2016.0,1,F,694,1953850
2016.0,1,M,874,2041158
2016.0,1,T,1568,3995008
2016.0,2,F,474,1949132
2016.0,2,M,572,2043022
2016.0,2,T,1046,3992154
2016.0,3,F,323,1947408
2016.0,3,M,468,2034666
2016.0,3,T,791,3982074
2016.0,4,F,298,1950127
2016.0,4,M,342,2037529
2016.0,4,T,640,3987656
2016.0,5,F,256,1970381
2016.0,5,M,290,2062134
2016.0,5,T,546,4032515
2016.0,6,F,206,1973241
2016.0,6,M,282,2056414
2016.0,6,T,488,4029655
2016.0,7,F,240,1974326
2016.0,7,M,271,2055665
2016.0,7,T,511,4029991
2016.0,8,F,194,2037098
2016.0,8,M,289,2122016
2016.0,8,T,483,4159114
2016.0,9,F,217,2044830
2016.0,9,M,245,2133694
2016.0,9,T,462,4178524
2016.0,10,F,189,2027418
2016.0,10,M,276,2116601
2016.0,10,T,465,4144019
2016.0,11,F,227,2022731
2016.0,11,M,279,2108491
2016.0,11,T,506,4131222
2016.0,12,F,221,2028493
2016.0,12,M,313,2111065
2016.0,12,T,534,4139558
2016.0,13,F,258,2014600
2016.0,13,M,387,2095103
2016.0,13,T,645,4109703
2016.0,14,F,354,2006259
2016.0,14,M,509,2087472
2016.0,14,T,863,4093731
2016.0,15,F,399,2054841
2016.0,15,M,771,2142150
2016.0,15,T,1170,4196991
2016.0,16,F,507,2084083
2016.0,16,M,1073,2181141
2016.0,16,T,1580,4265224
2016.0,17,F,613,2054585
2016.0,17,M,1442,2150416
2016.0,17,T,2055,4205001
2016.0,18,F,776,2060801
2016.0,18,M,2040,2158502
2016.0,18,T,2816,4219303
2016.0,19,F,804,2073843
2016.0,19,M,2387,2169637
2016.0,19,T,3191,4243480
2016.0,20,F,901,2088855
2016.0,20,M,2602,2197366
2016.0,20,T,3503,4286221
2016.0,21,F,1032,2133830
2016.0,21,M,3150,2253024
2016.0,21,T,4182,4386854
2016.0,22,F,1107,2178862
2016.0,22,M,3275,2302042
2016.0,22,T,4382,4480904
2016.0,23,F,1198,2210629
2016.0,23,M,3524,2342323
2016.0,23,T,4722,4552952
2016.0,24,F,1225,2277787
2016.0,24,M,3749,2396310
2016.0,24,T,4974,4674097
2016.0,25,F,1379,2332540
2016.0,25,M,3924,2425812
2016.0,25,T,5303,4758352
2016.0,26,F,1476,2333494
2016.0,26,M,3798,2413760
2016.0,26,T,5274,4747254
2016.0,27,F,1536,2243248
2016.0,27,M,3927,2315958
2016.0,27,T,5463,4559206
2016.0,28,F,1564,2193389
2016.0,28,M,4030,2258118
2016.0,28,T,5594,4451507
2016.0,29,F,1587,2156739
2016.0,29,M,3832,2217826
2016.0,29,T,5419,4374565
2016.0,30,F,1725,2167435
2016.0,30,M,3960,2224720
2016.0,30,T,5685,4392155
2016.0,31,F,1907,2190224
2016.0,31,M,4011,2233583
2016.0,31,T,5918,4423807
2016.0,32,F,1977,2128886
2016.0,32,M,4147,2154190
2016.0,32,T,6124,4283076
2016.0,33,F,2022,2164564
2016.0,33,M,4219,2181222
2016.0,33,T,6241,4345786
2016.0,34,F,2186,2166986
2016.0,34,M,4409,2174549
2016.0,34,T,6595,4341535
2016.0,35,F,2318,2146149
2016.0,35,M,4468,2146976
2016.0,35,T,6786,4293125
2016.0,36,F,2461,2179618
2016.0,36,M,4564,2195944
2016.0,36,T,7025,4375562
2016.0,37,F,2441,2054543
2016.0,37,M,4560,2048955
2016.0,37,T,7001,4103498
2016.0,38,F,2606,2016225
2016.0,38,M,4567,2005894
2016.0,38,T,7173,4022119
2016.0,39,F,2642,2000928
2016.0,39,M,4650,1978673
2016.0,39,T,7292,3979601
2016.0,40,F,2739,1941028
2016.0,40,M,4597,1921122
2016.0,40,T,7336,3862150
2016.0,41,F,2863,1996568
2016.0,41,M,4927,1983028
2016.0,41,T,7790,3979596
2016.0,42,F,3134,1941928
2016.0,42,M,4954,1912625
2016.0,42,T,8088,3854553
2016.0,43,F,3495,1977320
2016.0,43,M,5708,1934987
2016.0,43,T,9203,3912307
2016.0,44,F,3878,2063086
2016.0,44,M,6220,2024559
2016.0,44,T,10098,4087645
2016.0,45,F,4549,2181652
2016.0,45,M,6937,2137964
2016.0,45,T,11486,4319616
2016.0,46,F,4860,2199725
2016.0,46,M,7499,2172236
2016.0,46,T,12359,4371961
2016.0,47,F,4931,2088622
2016.0,47,M,7800,2054342
2016.0,47,T,12731,4142964
2016.0,48,F,5386,2046863
2016.0,48,M,8380,2008211
2016.0,48,T,13766,4055074
2016.0,49,F,6090,2054806
2016.0,49,M,9153,2003202
2016.0,49,T,15243,4058008
2016.0,50,F,6721,2091455
2016.0,50,M,10279,2039838
2016.0,50,T,17000,4131293
2016.0,51,F,7660,2217966
2016.0,51,M,11557,2157926
2016.0,51,T,19217,4375892
2016.0,52,F,8543,2266189
2016.0,52,M,13268,2186447
2016.0,52,T,21811,4452636
2016.0,53,F,9477,2267892
2016.0,53,M,14413,2177713
2016.0,53,T,23890,4445605
2016.0,54,F,10213,2265370
2016.0,54,M,15800,2168260
2016.0,54,T,26013,4433630
2016.0,55,F,11212,2297597
2016.0,55,M,17335,2186968
2016.0,55,T,28547,4484565
2016.0,56,F,11931,2311661
2016.0,56,M,18283,2207097
2016.0,56,T,30214,4518758
2016.0,57,F,12662,2241986
2016.0,57,M,19808,2120821
2016.0,57,T,32470,4362807
2016.0,58,F,13403,2232174
2016.0,58,M,20868,2100779
2016.0,58,T,34271,4332953
2016.0,59,F,14288,2213284
2016.0,59,M,22356,2067741
2016.0,59,T,36644,4281025
2016.0,60,F,14892,2139267
2016.0,60,M,22875,1984701
2016.0,60,T,37767,4123968
2016.0,61,F,15278,2122487
2016.0,61,M,24337,1961475
2016.0,61,T,39615,4083962
2016.0,62,F,16291,2044245
2016.0,62,M,24890,1867184
2016.0,62,T,41181,3911429
2016.0,63,F,16695,1968870
2016.0,63,M,25337,1788512
2016.0,63,T,42032,3757382
2016.0,64,F,17409,1892535
2016.0,64,M,26295,1713760
2016.0,64,T,43704,3606295
2016.0,65,F,17934,1839731
2016.0,65,M,26756,1651159
2016.0,65,T,44690,3490890
2016.0,66,F,18641,1794239
2016.0,66,M,27052,1609408
2016.0,66,T,45693,3403647
2016.0,67,F,20160,1741373
2016.0,67,M,28132,1553893
2016.0,67,T,48292,3295266
2016.0,68,F,21599,1719694
2016.0,68,M,29863,1532242
2016.0,68,T,51462,3251936
2016.0,69,F,23932,1788127
2016.0,69,M,32586,1590217
2016.0,69,T,56518,3378344
2016.0,70,F,20393,1325617
2016.0,70,M,26854,1161594
2016.0,70,T,47247,2487211
2016.0,71,F,21484,1310054
2016.0,71,M,28167,1135596
2016.0,71,T,49651,2445650
2016.0,72,F,23542,1276783
2016.0,72,M,29906,1094469
2016.0,72,T,53448,2371252
2016.0,73,F,26233,1304712
2016.0,73,M,32437,1108935
2016.0,73,T,58670,2413647
2016.0,74,F,25420,1138891
2016.0,74,M,30989,953596
2016.0,74,T,56409,2092487
2016.0,75,F,25708,1043735
2016.0,75,M,30756,856476
2016.0,75,T,56464,1900211
2016.0,76,F,25901,984932
2016.0,76,M,30677,799334
2016.0,76,T,56578,1784266
2016.0,77,F,27585,920921
2016.0,77,M,31459,743645
2016.0,77,T,59044,1664566
2016.0,78,F,28945,882532
2016.0,78,M,31783,696383
2016.0,78,T,60728,1578915
2016.0,79,F,29905,812156
2016.0,79,M,32176,627781
2016.0,79,T,62081,1439937
2016.0,80,F,31952,773313
2016.0,80,M,33035,584947
2016.0,80,T,64987,1358260
2016.0,81,F,33568,740254
2016.0,81,M,33672,544044
2016.0,81,T,67240,1284298
2016.0,82,F,34222,660414
2016.0,82,M,32898,474695
2016.0,82,T,67120,1135109
2016.0,83,F,36058,636001
2016.0,83,M,33700,443081
2016.0,83,T,69758,1079082
2016.0,84,F,38253,602402
2016.0,84,M,34663,406488
2016.0,84,T,72916,1008890
2016.0,85,F,41051,Not Applicable
2016.0,85,M,34866,Not Applicable
2016.0,85,T,75917,Not Applicable
2016.0,86,F,42459,Not Applicable
2016.0,86,M,35058,Not Applicable
2016.0,86,T,77517,Not Applicable
2016.0,87,F,43269,Not Applicable
2016.0,87,M,33753,Not Applicable
2016.0,87,T,77022,Not Applicable
2016.0,88,F,44814,Not Applicable
2016.0,88,M,32916,Not Applicable
2016.0,88,T,77730,Not Applicable
2016.0,89,F,44823,Not Applicable
2016.0,89,M,31470,Not Applicable
2016.0,89,T,76293,Not Applicable
2016.0,90,F,44061,Not Applicable
2016.0,90,M,28742,Not Applicable
2016.0,90,T,72803,Not Applicable
2016.0,91,F,43368,Not Applicable
2016.0,91,M,26088,Not Applicable
2016.0,91,T,69456,Not Applicable
2016.0,92,F,40362,Not Applicable
2016.0,92,M,22897,Not Applicable
2016.0,92,T,63259,Not Applicable
2016.0,93,F,36549,Not Applicable
2016.0,93,M,19433,Not Applicable
2016.0,93,T,55982,Not Applicable
2016.0,94,F,33094,Not Applicable
2016.0,94,M,16177,Not Applicable
2016.0,94,T,49271,Not Applicable
2016.0,95,F,28427,Not Applicable
2016.0,95,M,12795,Not Applicable
2016.0,95,T,41222,Not Applicable
2016.0,96,F,23356,Not Applicable
2016.0,96,M,9608,Not Applicable
2016.0,96,T,32964,Not Applicable
2016.0,97,F,17890,Not Applicable
2016.0,97,M,6496,Not Applicable
2016.0,97,T,24386,Not Applicable
2016.0,98,F,14343,Not Applicable
2016.0,98,M,4867,Not Applicable
2016.0,98,T,19210,Not Applicable
2016.0,99,F,10451,Not Applicable
2016.0,99,M,3143,Not Applicable
2016.0,99,T,13594,Not Applicable
2016.0,100,F,22790,Not Applicable
2016.0,100,M,5046,Not Applicable
2016.0,100,T,27836,Not Applicable
2016.0,NS,F,40,Not Applicable
2016.0,NS,M,97,Not Applicable
2016.0,NS,T,137,Not Applicable
2017.0,0,F,9867,1924145
2017.0,0,M,12468,2015150
2017.0,0,T,22335,3939295
2017.0,1,F,658,1943534
2017.0,1,M,859,2031718
2017.0,1,T,1517,3975252
2017.0,2,F,405,1965150
2017.0,2,M,587,2056625
2017.0,2,T,992,4021775
2017.0,3,F,312,1956281
2017.0,3,M,461,2050474
2017.0,3,T,773,4006755
2017.0,4,F,273,1953782
2017.0,4,M,325,2042001
2017.0,4,T,598,3995783
2017.0,5,F,211,1956268
2017.0,5,M,300,2045050
2017.0,5,T,511,4001318
2017.0,6,F,213,1976331
2017.0,6,M,242,2069201
2017.0,6,T,455,4045532
2017.0,7,F,219,1979376
2017.0,7,M,267,2063003
2017.0,7,T,486,4042379
2017.0,8,F,206,1980666
2017.0,8,M,248,2062172
2017.0,8,T,454,4042838
2017.0,9,F,206,2043456
2017.0,9,M,242,2128715
2017.0,9,T,448,4172171
2017.0,10,F,200,2051237
2017.0,10,M,294,2140682
2017.0,10,T,494,4191919
2017.0,11,F,218,2034143
2017.0,11,M,304,2123819
2017.0,11,T,522,4157962
2017.0,12,F,218,2029693
2017.0,12,M,383,2116260
2017.0,12,T,601,4145953
2017.0,13,F,274,2035757
2017.0,13,M,428,2119558
2017.0,13,T,702,4155315
2017.0,14,F,337,2022552
2017.0,14,M,561,2104753
2017.0,14,T,898,4127305
2017.0,15,F,423,2015751
2017.0,15,M,796,2098809
2017.0,15,T,1219,4114560
2017.0,16,F,512,2066782
2017.0,16,M,1169,2155909
2017.0,16,T,1681,4222691
2017.0,17,F,551,2098704
2017.0,17,M,1411,2197871
2017.0,17,T,1962,4296575
2017.0,18,F,744,2071758
2017.0,18,M,2018,2169468
2017.0,18,T,2762,4241226
2017.0,19,F,807,2078174
2017.0,19,M,2455,2178434
2017.0,19,T,3262,4256608
2017.0,20,F,904,2089336
2017.0,20,M,2633,2187409
2017.0,20,T,3537,4276745
2017.0,21,F,1028,2104329
2017.0,21,M,2864,2213975
2017.0,21,T,3892,4318304
2017.0,22,F,1087,2150615
2017.0,22,M,3115,2270148
2017.0,22,T,4202,4420763
2017.0,23,F,1207,2196524
2017.0,23,M,3387,2318784
2017.0,23,T,4594,4515308
2017.0,24,F,1259,2228689
2017.0,24,M,3655,2358826
2017.0,24,T,4914,4587515
2017.0,25,F,1413,2295484
2017.0,25,M,3851,2413370
2017.0,25,T,5264,4708854
2017.0,26,F,1413,2350352
2017.0,26,M,4102,2443974
2017.0,26,T,5515,4794326
2017.0,27,F,1665,2351456
2017.0,27,M,4147,2432679
2017.0,27,T,5812,4784135
2017.0,28,F,1745,2260383
2017.0,28,M,4170,2335023
2017.0,28,T,5915,4595406
2017.0,29,F,1655,2210555
2017.0,29,M,4115,2277184
2017.0,29,T,5770,4487739
2017.0,30,F,1786,2174279
2017.0,30,M,4033,2236352
2017.0,30,T,5819,4410631
2017.0,31,F,1916,2183649
2017.0,31,M,4244,2241759
2017.0,31,T,6160,4425408
2017.0,32,F,2028,2204770
2017.0,32,M,4432,2248948
2017.0,32,T,6460,4453718
2017.0,33,F,2166,2142863
2017.0,33,M,4453,2168114
2017.0,33,T,6619,4310977
2017.0,34,F,2279,2177520
2017.0,34,M,4602,2193958
2017.0,34,T,6881,4371478
2017.0,35,F,2385,2179052
2017.0,35,M,4661,2185895
2017.0,35,T,7046,4364947
2017.0,36,F,2460,2157640
2017.0,36,M,4809,2156347
2017.0,36,T,7269,4313987
2017.0,37,F,2662,2190170
2017.0,37,M,4920,2204181
2017.0,37,T,7582,4394351
2017.0,38,F,2519,2063849
2017.0,38,M,4831,2056619
2017.0,38,T,7350,4120468
2017.0,39,F,2770,2025301
2017.0,39,M,4884,2012943
2017.0,39,T,7654,4038244
2017.0,40,F,2898,2009156
2017.0,40,M,5074,1985267
2017.0,40,T,7972,3994423
2017.0,41,F,2956,1948683
2017.0,41,M,5045,1927055
2017.0,41,T,8001,3875738
2017.0,42,F,3277,2003193
2017.0,42,M,5236,1987507
2017.0,42,T,8513,3990700
2017.0,43,F,3436,1947353
2017.0,43,M,5464,1916102
2017.0,43,T,8900,3863455
2017.0,44,F,3641,1981873
2017.0,44,M,5868,1937184
2017.0,44,T,9509,3919057
2017.0,45,F,4140,2066554
2017.0,45,M,6870,2025025
2017.0,45,T,11010,4091579
2017.0,46,F,4863,2183846
2017.0,46,M,7680,2136737
2017.0,46,T,12543,4320583
2017.0,47,F,5251,2201202
2017.0,47,M,8282,2169762
2017.0,47,T,13533,4370964
2017.0,48,F,5441,2089271
2017.0,48,M,8450,2050739
2017.0,48,T,13891,4140010
2017.0,49,F,5780,2046810
2017.0,49,M,8941,2003912
2017.0,49,T,14721,4050722
2017.0,50,F,6490,2053593
2017.0,50,M,9935,1997485
2017.0,50,T,16425,4051078
2017.0,51,F,7200,2089015
2017.0,51,M,11297,2032379
2017.0,51,T,18497,4121394
2017.0,52,F,8160,2214239
2017.0,52,M,12566,2148966
2017.0,52,T,20726,4363205
2017.0,53,F,9047,2261664
2017.0,53,M,14244,2175762
2017.0,53,T,23291,4437426
2017.0,54,F,9966,2262401
2017.0,54,M,15539,2165590
2017.0,54,T,25505,4427991
2017.0,55,F,10959,2258814
2017.0,55,M,17001,2154452
2017.0,55,T,27960,4413266
2017.0,56,F,11882,2290060
2017.0,56,M,18374,2171286
2017.0,56,T,30256,4461346
2017.0,57,F,12929,2303341
2017.0,57,M,19776,2190232
2017.0,57,T,32705,4493573
2017.0,58,F,13554,2232903
2017.0,58,M,20854,2102988
2017.0,58,T,34408,4335891
2017.0,59,F,14387,2222318
2017.0,59,M,22382,2081562
2017.0,59,T,36769,4303880
2017.0,60,F,15369,2202546
2017.0,60,M,23683,2047375
2017.0,60,T,39052,4249921
2017.0,61,F,15902,2128409
2017.0,61,M,24309,1963253
2017.0,61,T,40211,4091662
2017.0,62,F,16467,2111180
2017.0,62,M,25388,1938979
2017.0,62,T,41855,4050159
2017.0,63,F,17301,2032205
2017.0,63,M,26512,1843702
2017.0,63,T,43813,3875907
2017.0,64,F,17921,1956079
2017.0,64,M,27056,1763974
2017.0,64,T,44977,3720053
2017.0,65,F,18620,1878995
2017.0,65,M,27527,1688983
2017.0,65,T,46147,3567978
2017.0,66,F,19061,1825058
2017.0,66,M,27805,1626011
2017.0,66,T,46866,3451069
2017.0,67,F,19936,1778116
2017.0,67,M,28708,1583631
2017.0,67,T,48644,3361747
2017.0,68,F,21697,1723919
2017.0,68,M,29696,1527330
2017.0,68,T,51393,3251249
2017.0,69,F,23515,1700425
2017.0,69,M,31522,1503913
2017.0,69,T,55037,3204338
2017.0,70,F,25874,1765955
2017.0,70,M,34188,1558707
2017.0,70,T,60062,3324662
2017.0,71,F,21865,1307666
2017.0,71,M,28792,1136177
2017.0,71,T,50657,2443843
2017.0,72,F,23530,1290521
2017.0,72,M,29455,1108765
2017.0,72,T,52985,2399286
2017.0,73,F,25389,1255382
2017.0,73,M,31658,1066091
2017.0,73,T,57047,2321473
2017.0,74,F,28192,1280269
2017.0,74,M,34580,1077532
2017.0,74,T,62772,2357801
2017.0,75,F,27378,1115294
2017.0,75,M,32363,923942
2017.0,75,T,59741,2039236
2017.0,76,F,27440,1019726
2017.0,76,M,31884,827432
2017.0,76,T,59324,1847158
2017.0,77,F,28187,959502
2017.0,77,M,32283,769612
2017.0,77,T,60470,1729114
2017.0,78,F,29753,894185
2017.0,78,M,32945,713055
2017.0,78,T,62698,1607240
2017.0,79,F,31235,853738
2017.0,79,M,34030,664775
2017.0,79,T,65265,1518513
2017.0,80,F,32267,782413
2017.0,80,M,33752,596081
2017.0,80,T,66019,1378494
2017.0,81,F,33792,741699
2017.0,81,M,34438,552132
2017.0,81,T,68230,1293831
2017.0,82,F,35949,706475
2017.0,82,M,35325,510165
2017.0,82,T,71274,1216640
2017.0,83,F,36345,626409
2017.0,83,M,34510,441701
2017.0,83,T,70855,1068110
2017.0,84,F,38742,599235
2017.0,84,M,35141,408980
2017.0,84,T,73883,1008215
2017.0,85,F,40257,Not Applicable
2017.0,85,M,35384,Not Applicable
2017.0,85,T,75641,Not Applicable
2017.0,86,F,42520,Not Applicable
2017.0,86,M,35686,Not Applicable
2017.0,86,T,78206,Not Applicable
2017.0,87,F,44273,Not Applicable
2017.0,87,M,35162,Not Applicable
2017.0,87,T,79435,Not Applicable
2017.0,88,F,44242,Not Applicable
2017.0,88,M,33508,Not Applicable
2017.0,88,T,77750,Not Applicable
2017.0,89,F,44878,Not Applicable
2017.0,89,M,32211,Not Applicable
2017.0,89,T,77089,Not Applicable
2017.0,90,F,45156,Not Applicable
2017.0,90,M,29853,Not Applicable
2017.0,90,T,75009,Not Applicable
2017.0,91,F,43444,Not Applicable
2017.0,91,M,26409,Not Applicable
2017.0,91,T,69853,Not Applicable
2017.0,92,F,41763,Not Applicable
2017.0,92,M,24090,Not Applicable
2017.0,92,T,65853,Not Applicable
2017.0,93,F,37919,Not Applicable
2017.0,93,M,20246,Not Applicable
2017.0,93,T,58165,Not Applicable
2017.0,94,F,33888,Not Applicable
2017.0,94,M,16675,Not Applicable
2017.0,94,T,50563,Not Applicable
2017.0,95,F,30096,Not Applicable
2017.0,95,M,13694,Not Applicable
2017.0,95,T,43790,Not Applicable
2017.0,96,F,24926,Not Applicable
2017.0,96,M,10480,Not Applicable
2017.0,96,T,35406,Not Applicable
2017.0,97,F,19849,Not Applicable
2017.0,97,M,7532,Not Applicable
2017.0,97,T,27381,Not Applicable
2017.0,98,F,14709,Not Applicable
2017.0,98,M,4971,Not Applicable
2017.0,98,T,19680,Not Applicable
2017.0,99,F,11323,Not Applicable
2017.0,99,M,3528,Not Applicable
2017.0,99,T,14851,Not Applicable
2017.0,100,F,23926,Not Applicable
2017.0,100,M,5437,Not Applicable
2017.0,100,T,29363,Not Applicable
2017.0,NS,F,38,Not Applicable
2017.0,NS,M,91,Not Applicable
2017.0,NS,T,129,Not Applicable
2018.0,0,F,9399,1879703
2018.0,0,M,12068,1968505
2018.0,0,T,21467,3848208
2018.0,1,F,617,1911513
2018.0,1,M,831,2001387
2018.0,1,T,1448,3912900
2018.0,2,F,435,1951366
2018.0,2,M,612,2040071
2018.0,2,T,1047,3991437
2018.0,3,F,291,1972327
2018.0,3,M,454,2064235
2018.0,3,T,745,4036562
2018.0,4,F,244,1963164
2018.0,4,M,346,2058004
2018.0,4,T,590,4021168
2018.0,5,F,230,1960607
2018.0,5,M,294,2049511
2018.0,5,T,524,4010118
2018.0,6,F,212,1963030
2018.0,6,M,248,2052229
2018.0,6,T,460,4015259
2018.0,7,F,176,1983207
2018.0,7,M,243,2076156
2018.0,7,T,419,4059363
2018.0,8,F,221,1986003
2018.0,8,M,236,2069621
2018.0,8,T,457,4055624
2018.0,9,F,205,1986805
2018.0,9,M,265,2068473
2018.0,9,T,470,4055278
2018.0,10,F,222,2049181
2018.0,10,M,249,2134896
2018.0,10,T,471,4184077
2018.0,11,F,247,2056222
2018.0,11,M,247,2146785
2018.0,11,T,494,4203007
2018.0,12,F,252,2038862
2018.0,12,M,337,2129623
2018.0,12,T,589,4168485
2018.0,13,F,283,2034962
2018.0,13,M,393,2121925
2018.0,13,T,676,4156887
2018.0,14,F,321,2041460
2018.0,14,M,569,2125611
2018.0,14,T,890,4167071
2018.0,15,F,397,2029592
2018.0,15,M,789,2111626
2018.0,15,T,1186,4141218
2018.0,16,F,472,2023998
2018.0,16,M,1021,2106746
2018.0,16,T,1493,4130744
2018.0,17,F,594,2076491
2018.0,17,M,1434,2165445
2018.0,17,T,2028,4241936
2018.0,18,F,730,2109928
2018.0,18,M,1971,2209794
2018.0,18,T,2701,4319722
2018.0,19,F,807,2082304
2018.0,19,M,2165,2181297
2018.0,19,T,2972,4263601
2018.0,20,F,890,2087209
2018.0,20,M,2383,2186613
2018.0,20,T,3273,4273822
2018.0,21,F,946,2098900
2018.0,21,M,2775,2193614
2018.0,21,T,3721,4292514
2018.0,22,F,1010,2115157
2018.0,22,M,2950,2219586
2018.0,22,T,3960,4334743
2018.0,23,F,1110,2162394
2018.0,23,M,3142,2276330
2018.0,23,T,4252,4438724
2018.0,24,F,1190,2208372
2018.0,24,M,3378,2325404
2018.0,24,T,4568,4533776
2018.0,25,F,1298,2240559
2018.0,25,M,3546,2365722
2018.0,25,T,4844,4606281
2018.0,26,F,1458,2307677
2018.0,26,M,3772,2421037
2018.0,26,T,5230,4728714
2018.0,27,F,1582,2362325
2018.0,27,M,4117,2451655
2018.0,27,T,5699,4813980
2018.0,28,F,1687,2362288
2018.0,28,M,4142,2439423
2018.0,28,T,5829,4801711
2018.0,29,F,1807,2270069
2018.0,29,M,4052,2341001
2018.0,29,T,5859,4611070
2018.0,30,F,1902,2218983
2018.0,30,M,4198,2282299
2018.0,30,T,6100,4501282
2018.0,31,F,1870,2180487
2018.0,31,M,4089,2241062
2018.0,31,T,5959,4421549
2018.0,32,F,2064,2188295
2018.0,32,M,4235,2245454
2018.0,32,T,6299,4433749
2018.0,33,F,2140,2209229
2018.0,33,M,4338,2252017
2018.0,33,T,6478,4461246
2018.0,34,F,2172,2147153
2018.0,34,M,4375,2171039
2018.0,34,T,6547,4318192
2018.0,35,F,2393,2180901
2018.0,35,M,4697,2195500
2018.0,35,T,7090,4376401
2018.0,36,F,2509,2181088
2018.0,36,M,4696,2185835
2018.0,36,T,7205,4366923
2018.0,37,F,2584,2158541
2018.0,37,M,4879,2154545
2018.0,37,T,7463,4313086
2018.0,38,F,2711,2190232
2018.0,38,M,5124,2201174
2018.0,38,T,7835,4391406
2018.0,39,F,2897,2062635
2018.0,39,M,5127,2053136
2018.0,39,T,8024,4115771
2018.0,40,F,2867,2022766
2018.0,40,M,5040,2008548
2018.0,40,T,7907,4031314
2018.0,41,F,2987,2006441
2018.0,41,M,5198,1979715
2018.0,41,T,8185,3986156
2018.0,42,F,3097,1945641
2018.0,42,M,5196,1920426
2018.0,42,T,8293,3866067
2018.0,43,F,3413,1999241
2018.0,43,M,5489,1980368
2018.0,43,T,8902,3979609
2018.0,44,F,3546,1942802
2018.0,44,M,5930,1908353
2018.0,44,T,9476,3851155
2018.0,45,F,4032,1975992
2018.0,45,M,6477,1928049
2018.0,45,T,10509,3904041
2018.0,46,F,4615,2059393
2018.0,46,M,7310,2015066
2018.0,46,T,11925,4074459
2018.0,47,F,5077,2175691
2018.0,47,M,8172,2125627
2018.0,47,T,13249,4301318
2018.0,48,F,5463,2192223
2018.0,48,M,8719,2157491
2018.0,48,T,14182,4349714
2018.0,49,F,5717,2079841
2018.0,49,M,9291,2037762
2018.0,49,T,15008,4117603
2018.0,50,F,6122,2036538
2018.0,50,M,9701,1989936
2018.0,50,T,15823,4026474
2018.0,51,F,6938,2042479
2018.0,51,M,10605,1982590
2018.0,51,T,17543,4025069
2018.0,52,F,7568,2077402
2018.0,52,M,11936,2016677
2018.0,52,T,19504,4094079
2018.0,53,F,8559,2201960
2018.0,53,M,13554,2131415
2018.0,53,T,22113,4333375
2018.0,54,F,9716,2248978
2018.0,54,M,15265,2156589
2018.0,54,T,24981,4405567
2018.0,55,F,10576,2248963
2018.0,55,M,16734,2145020
2018.0,55,T,27310,4393983
2018.0,56,F,11699,2244572
2018.0,56,M,18158,2132558
2018.0,56,T,29857,4377130
2018.0,57,F,12654,2274643
2018.0,57,M,19889,2148167
2018.0,57,T,32543,4422810
2018.0,58,F,13478,2287131
2018.0,58,M,21133,2165907
2018.0,58,T,34611,4453038
2018.0,59,F,14295,2216349
2018.0,59,M,22347,2077675
2018.0,59,T,36642,4294024
2018.0,60,F,15164,2204821
2018.0,60,M,23537,2054540
2018.0,60,T,38701,4259361
2018.0,61,F,16209,2184082
2018.0,61,M,25083,2018812
2018.0,61,T,41292,4202894
2018.0,62,F,16737,2109543
2018.0,62,M,26097,1933853
2018.0,62,T,42834,4043396
2018.0,63,F,17658,2091595
2018.0,63,M,27437,1908640
2018.0,63,T,45095,4000235
2018.0,64,F,18093,2012074
2018.0,64,M,27858,1813691
2018.0,64,T,45951,3825765
2018.0,65,F,18893,1935507
2018.0,65,M,28364,1734093
2018.0,65,T,47257,3669600
2018.0,66,F,19488,1857985
2018.0,66,M,29154,1658451
2018.0,66,T,48642,3516436
2018.0,67,F,20398,1803359
2018.0,67,M,29459,1595396
2018.0,67,T,49857,3398755
2018.0,68,F,21238,1755485
2018.0,68,M,29869,1552348
2018.0,68,T,51107,3307833
2018.0,69,F,22681,1699744
2018.0,69,M,31702,1494525
2018.0,69,T,54383,3194269
2018.0,70,F,24851,1674714
2018.0,70,M,33290,1469752
2018.0,70,T,58141,3144466
2018.0,71,F,27574,1738342
2018.0,71,M,36251,1522210
2018.0,71,T,63825,3260552
2018.0,72,F,23635,1285319
2018.0,72,M,30308,1106964
2018.0,72,T,53943,2392283
2018.0,73,F,24854,1266423
2018.0,73,M,31179,1078210
2018.0,73,T,56033,2344633
2018.0,74,F,27255,1229353
2018.0,74,M,33335,1034136
2018.0,74,T,60590,2263489
2018.0,75,F,30233,1251144
2018.0,75,M,36291,1042460
2018.0,75,T,66524,2293604
2018.0,76,F,29114,1087069
2018.0,76,M,34251,890943
2018.0,76,T,63365,1978012
2018.0,77,F,29172,991039
2018.0,77,M,33845,795142
2018.0,77,T,63017,1786181
2018.0,78,F,29931,929716
2018.0,78,M,33257,736686
2018.0,78,T,63188,1666402
2018.0,79,F,31323,863424
2018.0,79,M,34328,679443
2018.0,79,T,65651,1542867
2018.0,80,F,32969,821411
2018.0,80,M,35018,630172
2018.0,80,T,67987,1451583
2018.0,81,F,33960,749613
2018.0,81,M,34624,561875
2018.0,81,T,68584,1311488
2018.0,82,F,35918,707051
2018.0,82,M,35372,517114
2018.0,82,T,71290,1224165
2018.0,83,F,37682,669490
2018.0,83,M,35491,474179
2018.0,83,T,73173,1143669
2018.0,84,F,37715,589377
2018.0,84,M,34711,407026
2018.0,84,T,72426,996403
2018.0,85,F,39910,Not Applicable
2018.0,85,M,35113,Not Applicable
2018.0,85,T,75023,Not Applicable
2018.0,86,F,41504,Not Applicable
2018.0,86,M,35139,Not Applicable
2018.0,86,T,76643,Not Applicable
2018.0,87,F,43316,Not Applicable
2018.0,87,M,34673,Not Applicable
2018.0,87,T,77989,Not Applicable
2018.0,88,F,44841,Not Applicable
2018.0,88,M,34258,Not Applicable
2018.0,88,T,79099,Not Applicable
2018.0,89,F,44546,Not Applicable
2018.0,89,M,31816,Not Applicable
2018.0,89,T,76362,Not Applicable
2018.0,90,F,44795,Not Applicable
2018.0,90,M,29999,Not Applicable
2018.0,90,T,74794,Not Applicable
2018.0,91,F,43599,Not Applicable
2018.0,91,M,27236,Not Applicable
2018.0,91,T,70835,Not Applicable
2018.0,92,F,40559,Not Applicable
2018.0,92,M,23641,Not Applicable
2018.0,92,T,64200,Not Applicable
2018.0,93,F,38039,Not Applicable
2018.0,93,M,20766,Not Applicable
2018.0,93,T,58805,Not Applicable
2018.0,94,F,34273,Not Applicable
2018.0,94,M,17162,Not Applicable
2018.0,94,T,51435,Not Applicable
2018.0,95,F,29842,Not Applicable
2018.0,95,M,13731,Not Applicable
2018.0,95,T,43573,Not Applicable
2018.0,96,F,25380,Not Applicable
2018.0,96,M,10958,Not Applicable
2018.0,96,T,36338,Not Applicable
2018.0,97,F,20824,Not Applicable
2018.0,97,M,8084,Not Applicable
2018.0,97,T,28908,Not Applicable
2018.0,98,F,15743,Not Applicable
2018.0,98,M,5564,Not Applicable
2018.0,98,T,21307,Not Applicable
2018.0,99,F,11237,Not Applicable
2018.0,99,M,3483,Not Applicable
2018.0,99,T,14720,Not Applicable
2018.0,100,F,24554,Not Applicable
2018.0,100,M,5695,Not Applicable
2018.0,100,T,30249,Not Applicable
2018.0,NS,F,35,Not Applicable
2018.0,NS,M,109,Not Applicable
2018.0,NS,T,144,Not Applicable
2019.0,0,F,9247,1847935
2019.0,0,M,11674,1935117
2019.0,0,T,20921,3783052
2019.0,1,F,649,1871014
2019.0,1,M,825,1958585
2019.0,1,T,1474,3829599
2019.0,2,F,401,1916500
2019.0,2,M,515,2005544
2019.0,2,T,916,3922044
2019.0,3,F,320,1955655
2019.0,3,M,390,2043010
2019.0,3,T,710,3998665
2019.0,4,F,265,1976372
2019.0,4,M,311,2066951
2019.0,4,T,576,4043323
2019.0,5,F,245,1967081
2019.0,5,M,291,2061200
2019.0,5,T,536,4028281
2019.0,6,F,224,1964271
2019.0,6,M,266,2052956
2019.0,6,T,490,4017227
2019.0,7,F,196,1966584
2019.0,7,M,243,2055735
2019.0,7,T,439,4022319
2019.0,8,F,184,1986471
2019.0,8,M,251,2079723
2019.0,8,T,435,4066194
2019.0,9,F,194,1988726
2019.0,9,M,239,2073148
2019.0,9,T,433,4061874
2019.0,10,F,189,1989162
2019.0,10,M,291,2071778
2019.0,10,T,480,4060940
2019.0,11,F,212,2051224
2019.0,11,M,324,2138037
2019.0,11,T,536,4189261
2019.0,12,F,250,2058568
2019.0,12,M,351,2149819
2019.0,12,T,601,4208387
2019.0,13,F,293,2042234
2019.0,13,M,394,2132987
2019.0,13,T,687,4175221
2019.0,14,F,324,2038819
2019.0,14,M,536,2125640
2019.0,14,T,860,4164459
2019.0,15,F,383,2045739
2019.0,15,M,754,2129720
2019.0,15,T,1137,4175459
2019.0,16,F,445,2034255
2019.0,16,M,1040,2116165
2019.0,16,T,1485,4150420
2019.0,17,F,533,2029872
2019.0,17,M,1353,2112553
2019.0,17,T,1886,4142425
2019.0,18,F,760,2083442
2019.0,18,M,1972,2172385
2019.0,18,T,2732,4255827
2019.0,19,F,776,2115655
2019.0,19,M,2242,2214784
2019.0,19,T,3018,4330439
2019.0,20,F,861,2086544
2019.0,20,M,2452,2183139
2019.0,20,T,3313,4269683
2019.0,21,F,950,2091237
2019.0,21,M,2871,2187086
2019.0,21,T,3821,4278323
2019.0,22,F,973,2103476
2019.0,22,M,2909,2195296
2019.0,22,T,3882,4298772
2019.0,23,F,1167,2119886
2019.0,23,M,2979,2221758
2019.0,23,T,4146,4341644
2019.0,24,F,1175,2167045
2019.0,24,M,3176,2277473
2019.0,24,T,4351,4444518
2019.0,25,F,1271,2213205
2019.0,25,M,3481,2325853
2019.0,25,T,4752,4539058
2019.0,26,F,1390,2245334
2019.0,26,M,3696,2365886
2019.0,26,T,5086,4611220
2019.0,27,F,1519,2312599
2019.0,27,M,3864,2421270
2019.0,27,T,5383,4733869
2019.0,28,F,1628,2366969
2019.0,28,M,4129,2451756
2019.0,28,T,5757,4818725
2019.0,29,F,1719,2366339
2019.0,29,M,4272,2439805
2019.0,29,T,5991,4806144
2019.0,30,F,1882,2273519
2019.0,30,M,4301,2340865
2019.0,30,T,6183,4614384
2019.0,31,F,1943,2220984
2019.0,31,M,4282,2281327
2019.0,31,T,6225,4502311
2019.0,32,F,1994,2181619
2019.0,32,M,4269,2239886
2019.0,32,T,6263,4421505
2019.0,33,F,2273,2189693
2019.0,33,M,4410,2243280
2019.0,33,T,6683,4432973
2019.0,34,F,2208,2210880
2019.0,34,M,4647,2249252
2019.0,34,T,6855,4460132
2019.0,35,F,2327,2148244
2019.0,35,M,4671,2167622
2019.0,35,T,6998,4315866
2019.0,36,F,2472,2181076
2019.0,36,M,4854,2191368
2019.0,36,T,7326,4372444
2019.0,37,F,2626,2180124
2019.0,37,M,5066,2181162
2019.0,37,T,7692,4361286
2019.0,38,F,2896,2156217
2019.0,38,M,5281,2149359
2019.0,38,T,8177,4305576
2019.0,39,F,3076,2186919
2019.0,39,M,5369,2195430
2019.0,39,T,8445,4382349
2019.0,40,F,3011,2058650
2019.0,40,M,5628,2046663
2019.0,40,T,8639,4105313
2019.0,41,F,3071,2018752
2019.0,41,M,5385,2001502
2019.0,41,T,8456,4020254
2019.0,42,F,3136,2002157
2019.0,42,M,5655,1972584
2019.0,42,T,8791,3974741
2019.0,43,F,3370,1940751
2019.0,43,M,5558,1913289
2019.0,43,T,8928,3854040
2019.0,44,F,3565,1994174
2019.0,44,M,5969,1973101
2019.0,44,T,9534,3967275
2019.0,45,F,3861,1937417
2019.0,45,M,6309,1900492
2019.0,45,T,10170,3837909
2019.0,46,F,4261,1970074
2019.0,46,M,6937,1919298
2019.0,46,T,11198,3889372
2019.0,47,F,4786,2052817
2019.0,47,M,7793,2005221
2019.0,47,T,12579,4058038
2019.0,48,F,5542,2168043
2019.0,48,M,8843,2114614
2019.0,48,T,14385,4282657
2019.0,49,F,5931,2184045
2019.0,49,M,9476,2145730
2019.0,49,T,15407,4329775
2019.0,50,F,6211,2071196
2019.0,50,M,9940,2025376
2019.0,50,T,16151,4096572
2019.0,51,F,6545,2027460
2019.0,51,M,10653,1976883
2019.0,51,T,17198,4004343
2019.0,52,F,7183,2033163
2019.0,52,M,11605,1968619
2019.0,52,T,18788,4001782
2019.0,53,F,8043,2067526
2019.0,53,M,12550,2001325
2019.0,53,T,20593,4068851
2019.0,54,F,9183,2191195
2019.0,54,M,14741,2114408
2019.0,54,T,23924,4305603
2019.0,55,F,10259,2236979
2019.0,55,M,16534,2137586
2019.0,55,T,26793,4374565
2019.0,56,F,11173,2235893
2019.0,56,M,17793,2125123
2019.0,56,T,28966,4361016
2019.0,57,F,12317,2230590
2019.0,57,M,19341,2111795
2019.0,57,T,31658,4342385
2019.0,58,F,13439,2259796
2019.0,58,M,20908,2125774
2019.0,58,T,34347,4385570
2019.0,59,F,14210,2271644
2019.0,59,M,22479,2142211
2019.0,59,T,36689,4413855
2019.0,60,F,15391,2199986
2019.0,60,M,23299,2052677
2019.0,60,T,38690,4252663
2019.0,61,F,16341,2187221
2019.0,61,M,25181,2027951
2019.0,61,T,41522,4215172
2019.0,62,F,17321,2165425
2019.0,62,M,26654,1991220
2019.0,62,T,43975,4156645
2019.0,63,F,17837,2090246
2019.0,63,M,27524,1905842
2019.0,63,T,45361,3996088
2019.0,64,F,18724,2071538
2019.0,64,M,28212,1879040
2019.0,64,T,46936,3950578
2019.0,65,F,19046,1991169
2019.0,65,M,29113,1783428
2019.0,65,T,48159,3774597
2019.0,66,F,19793,1914181
2019.0,66,M,29767,1703888
2019.0,66,T,49560,3618069
2019.0,67,F,20479,1836574
2019.0,67,M,30240,1627863
2019.0,67,T,50719,3464437
2019.0,68,F,21517,1781346
2019.0,68,M,30695,1564129
2019.0,68,T,52212,3345475
2019.0,69,F,22639,1731958
2019.0,69,M,31123,1520465
2019.0,69,T,53762,3252423
2019.0,70,F,24422,1674584
2019.0,70,M,32921,1462120
2019.0,70,T,57343,3136704
2019.0,71,F,26607,1647705
2019.0,71,M,34789,1435378
2019.0,71,T,61396,3083083
2019.0,72,F,29424,1707812
2019.0,72,M,37706,1483236
2019.0,72,T,67130,3191048
2019.0,73,F,25287,1259662
2019.0,73,M,31566,1074771
2019.0,73,T,56853,2334433
2019.0,74,F,26098,1238863
2019.0,74,M,32327,1044301
2019.0,74,T,58425,2283164
2019.0,75,F,28571,1199896
2019.0,75,M,34576,998390
2019.0,75,T,63147,2198286
2019.0,76,F,31604,1218702
2019.0,76,M,37415,1003690
2019.0,76,T,69019,2222392
2019.0,77,F,30493,1056331
2019.0,77,M,35401,854930
2019.0,77,T,65894,1911261
2019.0,78,F,30611,960647
2019.0,78,M,34513,760170
2019.0,78,T,65124,1720817
2019.0,79,F,31718,898590
2019.0,79,M,34591,701319
2019.0,79,T,66309,1599909
2019.0,80,F,33085,831640
2019.0,80,M,35264,643638
2019.0,80,T,68349,1475278
2019.0,81,F,34649,788013
2019.0,81,M,35972,593628
2019.0,81,T,70621,1381641
2019.0,82,F,35705,715575
2019.0,82,M,35419,525766
2019.0,82,T,71124,1241341
2019.0,83,F,37703,671025
2019.0,83,M,35821,480165
2019.0,83,T,73524,1151190
2019.0,84,F,38788,631230
2019.0,84,M,36128,436527
2019.0,84,T,74916,1067757
2019.0,85,F,38617,Not Applicable
2019.0,85,M,34590,Not Applicable
2019.0,85,T,73207,Not Applicable
2019.0,86,F,40701,Not Applicable
2019.0,86,M,34592,Not Applicable
2019.0,86,T,75293,Not Applicable
2019.0,87,F,42209,Not Applicable
2019.0,87,M,34712,Not Applicable
2019.0,87,T,76921,Not Applicable
2019.0,88,F,43076,Not Applicable
2019.0,88,M,33815,Not Applicable
2019.0,88,T,76891,Not Applicable
2019.0,89,F,44433,Not Applicable
2019.0,89,M,32171,Not Applicable
2019.0,89,T,76604,Not Applicable
2019.0,90,F,43295,Not Applicable
2019.0,90,M,29487,Not Applicable
2019.0,90,T,72782,Not Applicable
2019.0,91,F,42575,Not Applicable
2019.0,91,M,27308,Not Applicable
2019.0,91,T,69883,Not Applicable
2019.0,92,F,40611,Not Applicable
2019.0,92,M,24250,Not Applicable
2019.0,92,T,64861,Not Applicable
2019.0,93,F,37326,Not Applicable
2019.0,93,M,20790,Not Applicable
2019.0,93,T,58116,Not Applicable
2019.0,94,F,34401,Not Applicable
2019.0,94,M,17440,Not Applicable
2019.0,94,T,51841,Not Applicable
2019.0,95,F,29725,Not Applicable
2019.0,95,M,14151,Not Applicable
2019.0,95,T,43876,Not Applicable
2019.0,96,F,25132,Not Applicable
2019.0,96,M,10902,Not Applicable
2019.0,96,T,36034,Not Applicable
2019.0,97,F,20719,Not Applicable
2019.0,97,M,8259,Not Applicable
2019.0,97,T,28978,Not Applicable
2019.0,98,F,16217,Not Applicable
2019.0,98,M,5978,Not Applicable
2019.0,98,T,22195,Not Applicable
2019.0,99,F,11769,Not Applicable
2019.0,99,M,3764,Not Applicable
2019.0,99,T,15533,Not Applicable
2019.0,100,F,24775,Not Applicable
2019.0,100,M,5956,Not Applicable
2019.0,100,T,30731,Not Applicable
2019.0,NS,F,44,Not Applicable
2019.0,NS,M,103,Not Applicable
2019.0,NS,T,147,Not Applicable
2020.0,0,F,8723,1826869
2020.0,0,M,10859,1908141
2020.0,0,T,19582,3735010
2020.0,1,F,579,1847230
2020.0,1,M,785,1926654
2020.0,1,T,1364,3773884
2020.0,2,F,377,1884480
2020.0,2,M,512,1968545
2020.0,2,T,889,3853025
2020.0,3,F,309,1916691
2020.0,3,M,416,2004835
2020.0,3,T,725,3921526
2020.0,4,F,238,1964865
2020.0,4,M,313,2052982
2020.0,4,T,551,4017847
2020.0,5,F,210,1981945
2020.0,5,M,306,2072391
2020.0,5,T,516,4054336
2020.0,6,F,198,1972968
2020.0,6,M,252,2067201
2020.0,6,T,450,4040169
2020.0,7,F,201,1970498
2020.0,7,M,240,2059255
2020.0,7,T,441,4029753
2020.0,8,F,192,1972830
2020.0,8,M,213,2061955
2020.0,8,T,405,4034785
2020.0,9,F,164,1992717
2020.0,9,M,234,2085951
2020.0,9,T,398,4078668
2020.0,10,F,181,1994965
2020.0,10,M,275,2079208
2020.0,10,T,456,4074173
2020.0,11,F,203,1995208
2020.0,11,M,323,2077786
2020.0,11,T,526,4072994
2020.0,12,F,264,2057048
2020.0,12,M,353,2143929
2020.0,12,T,617,4200977
2020.0,13,F,303,2064369
2020.0,13,M,497,2155552
2020.0,13,T,800,4219921
2020.0,14,F,345,2047865
2020.0,14,M,669,2138493
2020.0,14,T,1014,4186358
2020.0,15,F,433,2044536
2020.0,15,M,899,2131384
2020.0,15,T,1332,4175920
2020.0,16,F,524,2051722
2020.0,16,M,1269,2136152
2020.0,16,T,1793,4187874
2020.0,17,F,593,2040904
2020.0,17,M,1636,2123989
2020.0,17,T,2229,4164893
2020.0,18,F,831,2037848
2020.0,18,M,2328,2122009
2020.0,18,T,3159,4159857
2020.0,19,F,946,2091322
2020.0,19,M,2819,2181063
2020.0,19,T,3765,4272385
2020.0,20,F,974,2123140
2020.0,20,M,3009,2221432
2020.0,20,T,3983,4344572
2020.0,21,F,1163,2094326
2020.0,21,M,3413,2188824
2020.0,21,T,4576,4283150
2020.0,22,F,1168,2100049
2020.0,22,M,3517,2192971
2020.0,22,T,4685,4293020
2020.0,23,F,1338,2113597
2020.0,23,M,3694,2201623
2020.0,23,T,5032,4315220
2020.0,24,F,1362,2130797
2020.0,24,M,3900,2227996
2020.0,24,T,5262,4358793
2020.0,25,F,1563,2177731
2020.0,25,M,4143,2283275
2020.0,25,T,5706,4461006
2020.0,26,F,1613,2223511
2020.0,26,M,4349,2332000
2020.0,26,T,5962,4555511
2020.0,27,F,1819,2255755
2020.0,27,M,4714,2372863
2020.0,27,T,6533,4628618
2020.0,28,F,1951,2322743
2020.0,28,M,5019,2428258
2020.0,28,T,6970,4751001
2020.0,29,F,2196,2376377
2020.0,29,M,5329,2458730
2020.0,29,T,7525,4835107
2020.0,30,F,2336,2375032
2020.0,30,M,5570,2446049
2020.0,30,T,7906,4821081
2020.0,31,F,2307,2281303
2020.0,31,M,5637,2346037
2020.0,31,T,7944,4627340
2020.0,32,F,2527,2228352
2020.0,32,M,5522,2286384
2020.0,32,T,8049,4514736
2020.0,33,F,2653,2188527
2020.0,33,M,5692,2244172
2020.0,33,T,8345,4432699
2020.0,34,F,2689,2195936
2020.0,34,M,5857,2246611
2020.0,34,T,8546,4442547
2020.0,35,F,2860,2215833
2020.0,35,M,5925,2250914
2020.0,35,T,8785,4466747
2020.0,36,F,2980,2151567
2020.0,36,M,6071,2167794
2020.0,36,T,9051,4319361
2020.0,37,F,3282,2183495
2020.0,37,M,6489,2190946
2020.0,37,T,9771,4374441
2020.0,38,F,3342,2182398
2020.0,38,M,6530,2180264
2020.0,38,T,9872,4362662
2020.0,39,F,3551,2157423
2020.0,39,M,7051,2147670
2020.0,39,T,10602,4305093
2020.0,40,F,3714,2186513
2020.0,40,M,7231,2192444
2020.0,40,T,10945,4378957
2020.0,41,F,3947,2057329
2020.0,41,M,7171,2042821
2020.0,41,T,11118,4100150
2020.0,42,F,3867,2016979
2020.0,42,M,7124,1997308
2020.0,42,T,10991,4014287
2020.0,43,F,4143,2000043
2020.0,43,M,7395,1967767
2020.0,43,T,11538,3967810
2020.0,44,F,4310,1938744
2020.0,44,M,7507,1907940
2020.0,44,T,11817,3846684
2020.0,45,F,4725,1991382
2020.0,45,M,8018,1966590
2020.0,45,T,12743,3957972
2020.0,46,F,4986,1933297
2020.0,46,M,8443,1893397
2020.0,46,T,13429,3826694
2020.0,47,F,5510,1964957
2020.0,47,M,9253,1911966
2020.0,47,T,14763,3876923
2020.0,48,F,6121,2046809
2020.0,48,M,10562,1996639
2020.0,48,T,16683,4043448
2020.0,49,F,6935,2161257
2020.0,49,M,11878,2104312
2020.0,49,T,18813,4265569
2020.0,50,F,7503,2176827
2020.0,50,M,12657,2133843
2020.0,50,T,20160,4310670
2020.0,51,F,7879,2063731
2020.0,51,M,13097,2012703
2020.0,51,T,20976,4076434
2020.0,52,F,8378,2019631
2020.0,52,M,14021,1964096
2020.0,52,T,22399,3983727
2020.0,53,F,9133,2024943
2020.0,53,M,15089,1955019
2020.0,53,T,24222,3979962
2020.0,54,F,10128,2058607
2020.0,54,M,16826,1986127
2020.0,54,T,26954,4044734
2020.0,55,F,11416,2180669
2020.0,55,M,19091,2097187
2020.0,55,T,30507,4277856
2020.0,56,F,12646,2225298
2020.0,56,M,21168,2118583
2020.0,56,T,33814,4343881
2020.0,57,F,14072,2223160
2020.0,57,M,22489,2104702
2020.0,57,T,36561,4327862
2020.0,58,F,14885,2216957
2020.0,58,M,24355,2089658
2020.0,58,T,39240,4306615
2020.0,59,F,16549,2245087
2020.0,59,M,26557,2101798
2020.0,59,T,43106,4346885
2020.0,60,F,17950,2255469
2020.0,60,M,28354,2116626
2020.0,60,T,46304,4372095
2020.0,61,F,18791,2182788
2020.0,61,M,30080,2026188
2020.0,61,T,48871,4208976
2020.0,62,F,19903,2168833
2020.0,62,M,31422,1999600
2020.0,62,T,51325,4168433
2020.0,63,F,21307,2145780
2020.0,63,M,33504,1960712
2020.0,63,T,54811,4106492
2020.0,64,F,21903,2070202
2020.0,64,M,34107,1874380
2020.0,64,T,56010,3944582
2020.0,65,F,23040,2050844
2020.0,65,M,34987,1846576
2020.0,65,T,58027,3897420
2020.0,66,F,23754,1969842
2020.0,66,M,36153,1750568
2020.0,66,T,59907,3720410
2020.0,67,F,24675,1892051
2020.0,67,M,36489,1670185
2020.0,67,T,61164,3562236
2020.0,68,F,25638,1813435
2020.0,68,M,37251,1593647
2020.0,68,T,62889,3407082
2020.0,69,F,26545,1757144
2020.0,69,M,37856,1529375
2020.0,69,T,64401,3286519
2020.0,70,F,28093,1706943
2020.0,70,M,39186,1485086
2020.0,70,T,67279,3192029
2020.0,71,F,30411,1648341
2020.0,71,M,40638,1426391
2020.0,71,T,71049,3074732
2020.0,72,F,32904,1619075
2020.0,72,M,43199,1398098
2020.0,72,T,76103,3017173
2020.0,73,F,36024,1675385
2020.0,73,M,46529,1442000
2020.0,73,T,82553,3117385
2020.0,74,F,31424,1232798
2020.0,74,M,39711,1041614
2020.0,74,T,71135,2274412
2020.0,75,F,32471,1210107
2020.0,75,M,39754,1009458
2020.0,75,T,72225,2219565
2020.0,76,F,35223,1168898
2020.0,76,M,42877,961529
2020.0,76,T,78100,2130427
2020.0,77,F,38868,1183942
2020.0,77,M,46442,963155
2020.0,77,T,85310,2147097
2020.0,78,F,37865,1023052
2020.0,78,M,44183,816776
2020.0,78,T,82048,1839828
2020.0,79,F,38013,927150
2020.0,79,M,42495,722766
2020.0,79,T,80508,1649916
2020.0,80,F,39250,863701
2020.0,80,M,42411,663256
2020.0,80,T,81661,1526957
2020.0,81,F,40652,795451
2020.0,81,M,42685,604941
2020.0,81,T,83337,1400392
2020.0,82,F,42717,749775
2020.0,82,M,42913,554034
2020.0,82,T,85630,1303809
2020.0,83,F,43079,676482
2020.0,83,M,42570,486767
2020.0,83,T,85649,1163249
2020.0,84,F,45088,629714
2020.0,84,M,42528,440593
2020.0,84,T,87616,1070307
2020.0,85,F,47065,Not Applicable
2020.0,85,M,42593,Not Applicable
2020.0,85,T,89658,Not Applicable
2020.0,86,F,46597,Not Applicable
2020.0,86,M,39831,Not Applicable
2020.0,86,T,86428,Not Applicable
2020.0,87,F,47976,Not Applicable
2020.0,87,M,39480,Not Applicable
2020.0,87,T,87456,Not Applicable
2020.0,88,F,49222,Not Applicable
2020.0,88,M,38795,Not Applicable
2020.0,88,T,88017,Not Applicable
2020.0,89,F,50496,Not Applicable
2020.0,89,M,37196,Not Applicable
2020.0,89,T,87692,Not Applicable
2020.0,90,F,50353,Not Applicable
2020.0,90,M,34852,Not Applicable
2020.0,90,T,85205,Not Applicable
2020.0,91,F,47827,Not Applicable
2020.0,91,M,31528,Not Applicable
2020.0,91,T,79355,Not Applicable
2020.0,92,F,46246,Not Applicable
2020.0,92,M,28214,Not Applicable
2020.0,92,T,74460,Not Applicable
2020.0,93,F,43524,Not Applicable
2020.0,93,M,24433,Not Applicable
2020.0,93,T,67957,Not Applicable
2020.0,94,F,38592,Not Applicable
2020.0,94,M,20117,Not Applicable
2020.0,94,T,58709,Not Applicable
2020.0,95,F,34265,Not Applicable
2020.0,95,M,16436,Not Applicable
2020.0,95,T,50701,Not Applicable
2020.0,96,F,29225,Not Applicable
2020.0,96,M,12916,Not Applicable
2020.0,96,T,42141,Not Applicable
2020.0,97,F,23833,Not Applicable
2020.0,97,M,9535,Not Applicable
2020.0,97,T,33368,Not Applicable
2020.0,98,F,18959,Not Applicable
2020.0,98,M,6880,Not Applicable
2020.0,98,T,25839,Not Applicable
2020.0,99,F,14392,Not Applicable
2020.0,99,M,4795,Not Applicable
2020.0,99,T,19187,Not Applicable
2020.0,100,F,29313,Not Applicable
2020.0,100,M,7319,Not Applicable
2020.0,100,T,36632,Not Applicable
2020.0,NS,F,37,Not Applicable
2020.0,NS,M,79,Not Applicable
2020.0,NS,T,116,Not Applicable
2021.0,0,F,9011,1742991
2021.0,0,M,10909,1821502
2021.0,0,T,19920,3564493
2021.0,1,F,703,1809581
2021.0,1,M,787,1893355
2021.0,1,T,1490,3702936
2021.0,2,F,431,1843468
2021.0,2,M,529,1923960
2021.0,2,T,960,3767428
2021.0,3,F,297,1885193
2021.0,3,M,440,1971550
2021.0,3,T,737,3856743
2021.0,4,F,280,1921753
2021.0,4,M,349,2013985
2021.0,4,T,629,3935738
2021.0,5,F,228,1975431
2021.0,5,M,312,2064722
2021.0,5,T,540,4040153
2021.0,6,F,216,1994218
2021.0,6,M,301,2082411
2021.0,6,T,517,4076629
2021.0,7,F,206,1983343
2021.0,7,M,264,2081253
2021.0,7,T,470,4064596
2021.0,8,F,194,1981053
2021.0,8,M,243,2070502
2021.0,8,T,437,4051555
2021.0,9,F,187,1981345
2021.0,9,M,255,2077270
2021.0,9,T,442,4058615
2021.0,10,F,204,1998492
2021.0,10,M,290,2104997
2021.0,10,T,494,4103489
2021.0,11,F,228,2043610
2021.0,11,M,295,2145796
2021.0,11,T,523,4189406
2021.0,12,F,263,2088339
2021.0,12,M,340,2190976
2021.0,12,T,603,4279315
2021.0,13,F,347,2167137
2021.0,13,M,508,2275444
2021.0,13,T,855,4442581
2021.0,14,F,408,2161983
2021.0,14,M,686,2271010
2021.0,14,T,1094,4432993
2021.0,15,F,461,2127399
2021.0,15,M,944,2228527
2021.0,15,T,1405,4355926
2021.0,16,F,608,2105977
2021.0,16,M,1336,2204485
2021.0,16,T,1944,4310462
2021.0,17,F,725,2118503
2021.0,17,M,1869,2214872
2021.0,17,T,2594,4333375
2021.0,18,F,948,2099535
2021.0,18,M,2523,2193245
2021.0,18,T,3471,4292780
2021.0,19,F,961,2090276
2021.0,19,M,3032,2181847
2021.0,19,T,3993,4272123
2021.0,20,F,1168,2127613
2021.0,20,M,3095,2219066
2021.0,20,T,4263,4346679
2021.0,21,F,1251,2128553
2021.0,21,M,3527,2218825
2021.0,21,T,4778,4347378
2021.0,22,F,1319,2096897
2021.0,22,M,3747,2182026
2021.0,22,T,5066,4278923
2021.0,23,F,1422,2094961
2021.0,23,M,3790,2176169
2021.0,23,T,5212,4271130
2021.0,24,F,1533,2102735
2021.0,24,M,4048,2177152
2021.0,24,T,5581,4279887
2021.0,25,F,1618,2115712
2021.0,25,M,4410,2193434
2021.0,25,T,6028,4309146
2021.0,26,F,1793,2155774
2021.0,26,M,4684,2231579
2021.0,26,T,6477,4387353
2021.0,27,F,1940,2202305
2021.0,27,M,5021,2278881
2021.0,27,T,6961,4481186
2021.0,28,F,2106,2240275
2021.0,28,M,5419,2314500
2021.0,28,T,7525,4554775
2021.0,29,F,2345,2299353
2021.0,29,M,5859,2360664
2021.0,29,T,8204,4660017
2021.0,30,F,2566,2339946
2021.0,30,M,6180,2390865
2021.0,30,T,8746,4730811
2021.0,31,F,2746,2349670
2021.0,31,M,6441,2395705
2021.0,31,T,9187,4745375
2021.0,32,F,2925,2281836
2021.0,32,M,6552,2330455
2021.0,32,T,9477,4612291
2021.0,33,F,3113,2242827
2021.0,33,M,6614,2288929
2021.0,33,T,9727,4531756
2021.0,34,F,3212,2214045
2021.0,34,M,6730,2268350
2021.0,34,T,9942,4482395
2021.0,35,F,3394,2217584
2021.0,35,M,7065,2275283
2021.0,35,T,10459,4492867
2021.0,36,F,3566,2219461
2021.0,36,M,7211,2270793
2021.0,36,T,10777,4490254
2021.0,37,F,3711,2176987
2021.0,37,M,7278,2220050
2021.0,37,T,10989,4397037
2021.0,38,F,3998,2211320
2021.0,38,M,7787,2251810
2021.0,38,T,11785,4463130
2021.0,39,F,4254,2210133
2021.0,39,M,8139,2245897
2021.0,39,T,12393,4456030
2021.0,40,F,4474,2180066
2021.0,40,M,8394,2211730
2021.0,40,T,12868,4391796
2021.0,41,F,4687,2172448
2021.0,41,M,8743,2200412
2021.0,41,T,13430,4372860
2021.0,42,F,4986,2089932
2021.0,42,M,8755,2103818
2021.0,42,T,13741,4193750
2021.0,43,F,5021,2044334
2021.0,43,M,8992,2054668
2021.0,43,T,14013,4099002
2021.0,44,F,5259,2023976
2021.0,44,M,9225,2023152
2021.0,44,T,14484,4047128
2021.0,45,F,5363,1954576
2021.0,45,M,9325,1953729
2021.0,45,T,14688,3908305
2021.0,46,F,5928,1977932
2021.0,46,M,10107,1973854
2021.0,46,T,16035,3951786
2021.0,47,F,6188,1941473
2021.0,47,M,10423,1933736
2021.0,47,T,16611,3875209
2021.0,48,F,6820,1969820
2021.0,48,M,11530,1957672
2021.0,48,T,18350,3927492
2021.0,49,F,7622,2061952
2021.0,49,M,12838,2056766
2021.0,49,T,20460,4118718
2021.0,50,F,8741,2180365
2021.0,50,M,14741,2185720
2021.0,50,T,23482,4366085
2021.0,51,F,9135,2147628
2021.0,51,M,15371,2150184
2021.0,51,T,24506,4297812
2021.0,52,F,9602,2070356
2021.0,52,M,16185,2065837
2021.0,52,T,25787,4136193
2021.0,53,F,10070,2029005
2021.0,53,M,16870,2017818
2021.0,53,T,26940,4046823
2021.0,54,F,10794,2043370
2021.0,54,M,18384,2016643
2021.0,54,T,29178,4060013
2021.0,55,F,12087,2076192
2021.0,55,M,20006,2043325
2021.0,55,T,32093,4119517
2021.0,56,F,13746,2167890
2021.0,56,M,22540,2112327
2021.0,56,T,36286,4280217
2021.0,57,F,15098,2222646
2021.0,57,M,24615,2160708
2021.0,57,T,39713,4383354
2021.0,58,F,16266,2229834
2021.0,58,M,26770,2155074
2021.0,58,T,43036,4384908
2021.0,59,F,18120,2240693
2021.0,59,M,28360,2158625
2021.0,59,T,46480,4399318
2021.0,60,F,19143,2241594
2021.0,60,M,30885,2149550
2021.0,60,T,50028,4391144
2021.0,61,F,20748,2204967
2021.0,61,M,32366,2107829
2021.0,61,T,53114,4312796
2021.0,62,F,21997,2171608
2021.0,62,M,34110,2057162
2021.0,62,T,56107,4228770
2021.0,63,F,23256,2157812
2021.0,63,M,35900,2032381
2021.0,63,T,59156,4190193
2021.0,64,F,24749,2126510
2021.0,64,M,37409,1986337
2021.0,64,T,62158,4112847
2021.0,65,F,25180,2043120
2021.0,65,M,37837,1885037
2021.0,65,T,63017,3928157
2021.0,66,F,26016,2002460
2021.0,66,M,38526,1831984
2021.0,66,T,64542,3834444
2021.0,67,F,26931,1939336
2021.0,67,M,39329,1755898
2021.0,67,T,66260,3695234
2021.0,68,F,27766,1864295
2021.0,68,M,40062,1672912
2021.0,68,T,67828,3537207
2021.0,69,F,28923,1796896
2021.0,69,M,40414,1602382
2021.0,69,T,69337,3399278
2021.0,70,F,30043,1718203
2021.0,70,M,41395,1511446
2021.0,70,T,71438,3229649
2021.0,71,F,31469,1641434
2021.0,71,M,41775,1434955
2021.0,71,T,73244,3076389
2021.0,72,F,33446,1598909
2021.0,72,M,43540,1389149
2021.0,72,T,76986,2988058
2021.0,73,F,35970,1561465
2021.0,73,M,46312,1355565
2021.0,73,T,82282,2917030
2021.0,74,F,39581,1630918
2021.0,74,M,49751,1429758
2021.0,74,T,89332,3060676
2021.0,75,F,33769,1169050
2021.0,75,M,41639,988507
2021.0,75,T,75408,2157557
2021.0,76,F,35166,1123672
2021.0,76,M,41684,936373
2021.0,76,T,76850,2060045
2021.0,77,F,38030,1093377
2021.0,77,M,44048,899595
2021.0,77,T,82078,1992972
2021.0,78,F,41616,1102037
2021.0,78,M,47651,895904
2021.0,78,T,89267,1997941
2021.0,79,F,40041,944223
2021.0,79,M,45223,752031
2021.0,79,T,85264,1696254
2021.0,80,F,40029,847558
2021.0,80,M,43264,660054
2021.0,80,T,83293,1507612
2021.0,81,F,40523,776106
2021.0,81,M,42671,590165
2021.0,81,T,83194,1366271
2021.0,82,F,41714,717079
2021.0,82,M,42490,537272
2021.0,82,T,84204,1254351
2021.0,83,F,43182,669481
2021.0,83,M,42581,487006
2021.0,83,T,85763,1156487
2021.0,84,F,43194,594978
2021.0,84,M,41138,421607
2021.0,84,T,84332,1016585
2021.0,85,F,44522,Not Applicable
2021.0,85,M,40880,Not Applicable
2021.0,85,T,85402,Not Applicable
2021.0,86,F,45616,Not Applicable
2021.0,86,M,40031,Not Applicable
2021.0,86,T,85647,Not Applicable
2021.0,87,F,44605,Not Applicable
2021.0,87,M,37742,Not Applicable
2021.0,87,T,82347,Not Applicable
2021.0,88,F,45008,Not Applicable
2021.0,88,M,36391,Not Applicable
2021.0,88,T,81399,Not Applicable
2021.0,89,F,45374,Not Applicable
2021.0,89,M,34731,Not Applicable
2021.0,89,T,80105,Not Applicable
2021.0,90,F,45666,Not Applicable
2021.0,90,M,32684,Not Applicable
2021.0,90,T,78350,Not Applicable
2021.0,91,F,44324,Not Applicable
2021.0,91,M,29980,Not Applicable
2021.0,91,T,74304,Not Applicable
2021.0,92,F,41564,Not Applicable
2021.0,92,M,26244,Not Applicable
2021.0,92,T,67808,Not Applicable
2021.0,93,F,39157,Not Applicable
2021.0,93,M,22807,Not Applicable
2021.0,93,T,61964,Not Applicable
2021.0,94,F,35650,Not Applicable
2021.0,94,M,18849,Not Applicable
2021.0,94,T,54499,Not Applicable
2021.0,95,F,30960,Not Applicable
2021.0,95,M,15283,Not Applicable
2021.0,95,T,46243,Not Applicable
2021.0,96,F,26490,Not Applicable
2021.0,96,M,11648,Not Applicable
2021.0,96,T,38138,Not Applicable
2021.0,97,F,21499,Not Applicable
2021.0,97,M,9032,Not Applicable
2021.0,97,T,30531,Not Applicable
2021.0,98,F,16701,Not Applicable
2021.0,98,M,6384,Not Applicable
2021.0,98,T,23085,Not Applicable
2021.0,99,F,12974,Not Applicable
2021.0,99,M,4488,Not Applicable
2021.0,99,T,17462,Not Applicable
2021.0,100,F,26615,Not Applicable
2021.0,100,M,6881,Not Applicable
2021.0,100,T,33496,Not Applicable
2021.0,NS,F,23,Not Applicable
2021.0,NS,M,70,Not Applicable
2021.0,NS,T,93,Not Applicable
2022.0,0,F,9182,1800246
2022.0,0,M,11371,1882867
2022.0,0,T,20553,3683113
2022.0,1,F,705,1754223
2022.0,1,M,909,1834594
2022.0,1,T,1614,3588817
2022.0,2,F,442,1805213
2022.0,2,M,613,1888149
2022.0,2,T,1055,3693362
2022.0,3,F,380,1831463
2022.0,3,M,461,1911373
2022.0,3,T,841,3742836
2022.0,4,F,276,1872113
2022.0,4,M,370,1958112
2022.0,4,T,646,3830225
2022.0,5,F,267,1907645
2022.0,5,M,357,1999653
2022.0,5,T,624,3907298
2022.0,6,F,231,1959962
2022.0,6,M,301,2048936
2022.0,6,T,532,4008898
2022.0,7,F,217,1978127
2022.0,7,M,244,2065602
2022.0,7,T,461,4043729
2022.0,8,F,215,1966982
2022.0,8,M,271,2064359
2022.0,8,T,486,4031341
2022.0,9,F,214,1964533
2022.0,9,M,250,2053396
2022.0,9,T,464,4017929
2022.0,10,F,220,1964625
2022.0,10,M,266,2059922
2022.0,10,T,486,4024547
2022.0,11,F,227,1981375
2022.0,11,M,329,2087189
2022.0,11,T,556,4068564
2022.0,12,F,304,2025551
2022.0,12,M,350,2127260
2022.0,12,T,654,4152811
2022.0,13,F,345,2069159
2022.0,13,M,482,2171725
2022.0,13,T,827,4240884
2022.0,14,F,412,2147276
2022.0,14,M,737,2255757
2022.0,14,T,1149,4403033
2022.0,15,F,458,2143465
2022.0,15,M,1002,2253101
2022.0,15,T,1460,4396566
2022.0,16,F,582,2111146
2022.0,16,M,1334,2214662
2022.0,16,T,1916,4325808
2022.0,17,F,732,2093454
2022.0,17,M,1815,2197612
2022.0,17,T,2547,4291066
2022.0,18,F,835,2110558
2022.0,18,M,2396,2216084
2022.0,18,T,3231,4326642
2022.0,19,F,958,2095126
2022.0,19,M,2633,2200584
2022.0,19,T,3591,4295710
2022.0,20,F,1061,2179323
2022.0,20,M,2830,2258683
2022.0,20,T,3891,4438006
2022.0,21,F,1138,2318111
2022.0,21,M,3123,2405533
2022.0,21,T,4261,4723644
2022.0,22,F,1175,2278884
2022.0,22,M,3359,2384589
2022.0,22,T,4534,4663473
2022.0,23,F,1330,2186432
2022.0,23,M,3467,2297375
2022.0,23,T,4797,4483807
2022.0,24,F,1326,2141041
2022.0,24,M,3678,2255808
2022.0,24,T,5004,4396849
2022.0,25,F,1528,2119081
2022.0,25,M,3863,2227227
2022.0,25,T,5391,4346308
2022.0,26,F,1563,2122455
2022.0,26,M,4184,2229098
2022.0,26,T,5747,4351553
2022.0,27,F,1731,2159227
2022.0,27,M,4459,2260402
2022.0,27,T,6190,4419629
2022.0,28,F,1865,2202012
2022.0,28,M,4723,2301832
2022.0,28,T,6588,4503844
2022.0,29,F,2131,2237647
2022.0,29,M,5248,2334183
2022.0,29,T,7379,4571830
2022.0,30,F,2275,2294467
2022.0,30,M,5517,2378345
2022.0,30,T,7792,4672812
2022.0,31,F,2480,2332395
2022.0,31,M,5790,2406868
2022.0,31,T,8270,4739263
2022.0,32,F,2611,2340646
2022.0,32,M,6238,2410880
2022.0,32,T,8849,4751526
2022.0,33,F,2794,2272102
2022.0,33,M,6298,2342421
2022.0,33,T,9092,4614523
2022.0,34,F,2880,2231706
2022.0,34,M,6191,2298306
2022.0,34,T,9071,4530012
2022.0,35,F,2880,2201295
2022.0,35,M,6247,2275255
2022.0,35,T,9127,4476550
2022.0,36,F,3142,2203445
2022.0,36,M,6676,2279725
2022.0,36,T,9818,4483170
2022.0,37,F,3295,2204702
2022.0,37,M,6890,2274047
2022.0,37,T,10185,4478749
2022.0,38,F,3500,2161619
2022.0,38,M,6770,2221480
2022.0,38,T,10270,4383099
2022.0,39,F,3778,2194588
2022.0,39,M,7294,2251793
2022.0,39,T,11072,4446381
2022.0,40,F,4002,2192925
2022.0,40,M,7514,2245861
2022.0,40,T,11516,4438786
2022.0,41,F,4156,2162758
2022.0,41,M,7835,2212461
2022.0,41,T,11991,4375219
2022.0,42,F,4363,2154948
2022.0,42,M,7933,2201177
2022.0,42,T,12296,4356125
2022.0,43,F,4478,2072048
2022.0,43,M,7988,2103878
2022.0,43,T,12466,4175926
2022.0,44,F,4525,2026848
2022.0,44,M,8339,2054512
2022.0,44,T,12864,4081360
2022.0,45,F,4742,2006186
2022.0,45,M,8429,2022952
2022.0,45,T,13171,4029138
2022.0,46,F,4912,1937381
2022.0,46,M,8433,1954487
2022.0,46,T,13345,3891868
2022.0,47,F,5350,1960166
2022.0,47,M,9264,1975285
2022.0,47,T,14614,3935451
2022.0,48,F,5675,1924101
2022.0,48,M,9624,1935301
2022.0,48,T,15299,3859402
2022.0,49,F,6339,1951275
2022.0,49,M,10375,1956964
2022.0,49,T,16714,3908239
2022.0,50,F,7056,2040909
2022.0,50,M,11660,2053180
2022.0,50,T,18716,4094089
2022.0,51,F,7870,2156241
2022.0,51,M,13156,2178352
2022.0,51,T,21026,4334593
2022.0,52,F,8419,2123555
2022.0,52,M,14024,2141727
2022.0,52,T,22443,4265282
2022.0,53,F,8685,2046824
2022.0,53,M,14551,2055311
2022.0,53,T,23236,4102135
2022.0,54,F,9389,2005377
2022.0,54,M,15331,2006071
2022.0,54,T,24720,4011448
2022.0,55,F,10306,2018767
2022.0,55,M,16922,2002636
2022.0,55,T,27228,4021403
2022.0,56,F,11342,2050086
2022.0,56,M,18343,2025685
2022.0,56,T,29685,4075771
2022.0,57,F,12992,2138607
2022.0,57,M,20526,2089903
2022.0,57,T,33518,4228510
2022.0,58,F,14391,2190300
2022.0,58,M,22995,2132414
2022.0,58,T,37386,4322714
2022.0,59,F,15770,2195331
2022.0,59,M,24736,2123285
2022.0,59,T,40506,4318616
2022.0,60,F,16993,2204049
2022.0,60,M,26822,2123424
2022.0,60,T,43815,4327473
2022.0,61,F,18500,2203294
2022.0,61,M,28385,2110242
2022.0,61,T,46885,4313536
2022.0,62,F,19723,2165443
2022.0,62,M,30164,2065836
2022.0,62,T,49887,4231279
2022.0,63,F,21064,2131251
2022.0,63,M,31688,2012947
2022.0,63,T,52752,4144198
2022.0,64,F,22182,2116406
2022.0,64,M,33697,1985531
2022.0,64,T,55879,4101937
2022.0,65,F,23411,2083789
2022.0,65,M,34838,1936851
2022.0,65,T,58249,4020640
2022.0,66,F,24270,1999568
2022.0,66,M,35077,1833694
2022.0,66,T,59347,3833262
2022.0,67,F,24749,1957925
2022.0,67,M,36135,1779401
2022.0,67,T,60884,3737326
2022.0,68,F,25871,1895177
2022.0,68,M,37067,1703295
2022.0,68,T,62938,3598472
2022.0,69,F,27139,1821062
2022.0,69,M,37608,1620660
2022.0,69,T,64747,3441722
2022.0,70,F,28533,1755076
2022.0,70,M,38582,1550197
2022.0,70,T,67115,3305273
2022.0,71,F,29216,1679574
2022.0,71,M,39436,1461923
2022.0,71,T,68652,3141497
2022.0,72,F,30871,1603593
2022.0,72,M,39971,1385218
2022.0,72,T,70842,2988811
2022.0,73,F,33225,1560510
2022.0,73,M,41940,1337885
2022.0,73,T,75165,2898395
2022.0,74,F,36311,1521493
2022.0,74,M,44331,1301548
2022.0,74,T,80642,2823041
2022.0,75,F,39505,1588461
2022.0,75,M,48375,1370943
2022.0,75,T,87880,2959404
2022.0,76,F,34082,1138462
2022.0,76,M,40026,944972
2022.0,76,T,74108,2083434
2022.0,77,F,35375,1093450
2022.0,77,M,40495,892694
2022.0,77,T,75870,1986144
2022.0,78,F,38561,1061874
2022.0,78,M,43235,853900
2022.0,78,T,81796,1915774
2022.0,79,F,41860,1069067
2022.0,79,M,46078,847177
2022.0,79,T,87938,1916244
2022.0,80,F,40776,915428
2022.0,80,M,43738,708405
2022.0,80,T,84514,1623833
2022.0,81,F,40304,822329
2022.0,81,M,41904,619177
2022.0,81,T,82208,1441506
2022.0,82,F,40766,752661
2022.0,82,M,41117,550678
2022.0,82,T,81883,1303339
2022.0,83,F,42321,695102
2022.0,83,M,41464,498171
2022.0,83,T,83785,1193273
2022.0,84,F,43846,648866
2022.0,84,M,41075,448728
2022.0,84,T,84921,1097594
2022.0,85,F,43977,Not Applicable
2022.0,85,M,39709,Not Applicable
2022.0,85,T,83686,Not Applicable
2022.0,86,F,44784,Not Applicable
2022.0,86,M,38934,Not Applicable
2022.0,86,T,83718,Not Applicable
2022.0,87,F,45329,Not Applicable
2022.0,87,M,38050,Not Applicable
2022.0,87,T,83379,Not Applicable
2022.0,88,F,44475,Not Applicable
2022.0,88,M,35065,Not Applicable
2022.0,88,T,79540,Not Applicable
2022.0,89,F,44654,Not Applicable
2022.0,89,M,33457,Not Applicable
2022.0,89,T,78111,Not Applicable
2022.0,90,F,44409,Not Applicable
2022.0,90,M,31735,Not Applicable
2022.0,90,T,76144,Not Applicable
2022.0,91,F,43422,Not Applicable
2022.0,91,M,29234,Not Applicable
2022.0,91,T,72656,Not Applicable
2022.0,92,F,41942,Not Applicable
2022.0,92,M,26223,Not Applicable
2022.0,92,T,68165,Not Applicable
2022.0,93,F,38121,Not Applicable
2022.0,93,M,22524,Not Applicable
2022.0,93,T,60645,Not Applicable
2022.0,94,F,35346,Not Applicable
2022.0,94,M,19060,Not Applicable
2022.0,94,T,54406,Not Applicable
2022.0,95,F,31366,Not Applicable
2022.0,95,M,15394,Not Applicable
2022.0,95,T,46760,Not Applicable
2022.0,96,F,26295,Not Applicable
2022.0,96,M,11921,Not Applicable
2022.0,96,T,38216,Not Applicable
2022.0,97,F,22019,Not Applicable
2022.0,97,M,8860,Not Applicable
2022.0,97,T,30879,Not Applicable
2022.0,98,F,17430,Not Applicable
2022.0,98,M,6537,Not Applicable
2022.0,98,T,23967,Not Applicable
2022.0,99,F,13112,Not Applicable
2022.0,99,M,4462,Not Applicable
2022.0,99,T,17574,Not Applicable
2022.0,100,F,28009,Not Applicable
2022.0,100,M,7436,Not Applicable
2022.0,100,T,35445,Not Applicable
2022.0,NS,F,16,Not Applicable
2022.0,NS,M,87,Not Applicable
2022.0,NS,T,103,Not Applicable
2023.0,0,F,9038,1784146
2023.0,0,M,11107,1864508
2023.0,0,T,20145,3648654
2023.0,1,F,699,1806761
2023.0,1,M,892,1887461
2023.0,1,T,1591,3694222
2023.0,2,F,419,1764724
2023.0,2,M,627,1847159
2023.0,2,T,1046,3611883
2023.0,3,F,345,1832223
2023.0,3,M,457,1915584
2023.0,3,T,802,3747807
2023.0,4,F,267,1863907
2023.0,4,M,353,1944687
2023.0,4,T,620,3808594
2023.0,5,F,271,1904677
2023.0,5,M,335,1991400
2023.0,5,T,606,3896077
2023.0,6,F,221,1940157
2023.0,6,M,277,2032840
2023.0,6,T,498,3972997
2023.0,7,F,205,1992913
2023.0,7,M,265,2082645
2023.0,7,T,470,4075558
2023.0,8,F,210,2010922
2023.0,8,M,247,2099576
2023.0,8,T,457,4110498
2023.0,9,F,200,1999368
2023.0,9,M,271,2098259
2023.0,9,T,471,4097627
2023.0,10,F,195,1996583
2023.0,10,M,260,2086861
2023.0,10,T,455,4083444
2023.0,11,F,234,1996442
2023.0,11,M,301,2093367
2023.0,11,T,535,4089809
2023.0,12,F,246,2013129
2023.0,12,M,357,2120895
2023.0,12,T,603,4134024
2023.0,13,F,300,2057895
2023.0,13,M,513,2161119
2023.0,13,T,813,4219014
2023.0,14,F,405,2102597
2023.0,14,M,692,2205676
2023.0,14,T,1097,4308273
2023.0,15,F,509,2181907
2023.0,15,M,1038,2290485
2023.0,15,T,1547,4472392
2023.0,16,F,579,2178189
2023.0,16,M,1463,2287751
2023.0,16,T,2042,4465940
2023.0,17,F,687,2146325
2023.0,17,M,1810,2248723
2023.0,17,T,2497,4395048
2023.0,18,F,831,2128851
2023.0,18,M,2334,2228634
2023.0,18,T,3165,4357485
2023.0,19,F,901,2143573
2023.0,19,M,2625,2241042
2023.0,19,T,3526,4384615
2023.0,20,F,915,2124351
2023.0,20,M,2716,2219541
2023.0,20,T,3631,4343892
2023.0,21,F,1016,2115763
2023.0,21,M,2961,2206893
2023.0,21,T,3977,4322656
2023.0,22,F,1134,2156136
2023.0,22,M,3123,2246218
2023.0,22,T,4257,4402354
2023.0,23,F,1157,2159282
2023.0,23,M,3256,2245959
2023.0,23,T,4413,4405241
2023.0,24,F,1314,2128829
2023.0,24,M,3342,2208200
2023.0,24,T,4656,4337029
2023.0,25,F,1280,2128333
2023.0,25,M,3586,2201762
2023.0,25,T,4866,4330095
2023.0,26,F,1397,2137861
2023.0,26,M,3727,2202223
2023.0,26,T,5124,4340084
2023.0,27,F,1464,2151129
2023.0,27,M,4036,2217412
2023.0,27,T,5500,4368541
2023.0,28,F,1630,2190074
2023.0,28,M,4309,2253574
2023.0,28,T,5939,4443648
2023.0,29,F,1843,2235065
2023.0,29,M,4503,2300927
2023.0,29,T,6346,4535992
2023.0,30,F,2033,2270957
2023.0,30,M,4940,2336026
2023.0,30,T,6973,4606983
2023.0,31,F,2213,2327816
2023.0,31,M,5343,2380812
2023.0,31,T,7556,4708628
2023.0,32,F,2427,2366074
2023.0,32,M,5598,2409471
2023.0,32,T,8025,4775545
2023.0,33,F,2611,2373133
2023.0,33,M,5937,2412004
2023.0,33,T,8548,4785137
2023.0,34,F,2718,2302887
2023.0,34,M,5854,2344976
2023.0,34,T,8572,4647863
2023.0,35,F,2808,2260999
2023.0,35,M,6018,2301606
2023.0,35,T,8826,4562605
2023.0,36,F,2722,2230154
2023.0,36,M,6103,2278841
2023.0,36,T,8825,4508995
2023.0,37,F,3076,2231923
2023.0,37,M,6437,2283377
2023.0,37,T,9513,4515300
2023.0,38,F,3270,2231776
2023.0,38,M,6505,2276417
2023.0,38,T,9775,4508193
2023.0,39,F,3295,2187712
2023.0,39,M,6749,2223839
2023.0,39,T,10044,4411551
2023.0,40,F,3765,2220019
2023.0,40,M,7108,2252586
2023.0,40,T,10873,4472605
2023.0,41,F,3863,2216440
2023.0,41,M,7289,2244111
2023.0,41,T,11152,4460551
2023.0,42,F,4062,2184254
2023.0,42,M,7605,2208359
2023.0,42,T,11667,4392613
2023.0,43,F,4216,2174636
2023.0,43,M,7952,2195356
2023.0,43,T,12168,4369992
2023.0,44,F,4445,2090544
2023.0,44,M,8048,2097744
2023.0,44,T,12493,4188288
2023.0,45,F,4471,2044425
2023.0,45,M,8166,2047099
2023.0,45,T,12637,4091524
2023.0,46,F,4708,2023001
2023.0,46,M,8231,2014051
2023.0,46,T,12939,4037052
2023.0,47,F,4789,1952527
2023.0,47,M,8309,1943954
2023.0,47,T,13098,3896481
2023.0,48,F,5137,1973769
2023.0,48,M,8642,1961182
2023.0,48,T,13779,3934951
2023.0,49,F,5371,1936933
2023.0,49,M,9447,1920069
2023.0,49,T,14818,3857002
2023.0,50,F,6016,1963376
2023.0,50,M,9997,1941532
2023.0,50,T,16013,3904908
2023.0,51,F,6836,2052848
2023.0,51,M,11266,2036991
2023.0,51,T,18102,4089839
2023.0,52,F,7714,2168568
2023.0,52,M,12756,2161378
2023.0,52,T,20470,4329946
2023.0,53,F,8252,2134513
2023.0,53,M,13781,2123079
2023.0,53,T,22033,4257592
2023.0,54,F,8599,2056712
2023.0,54,M,14285,2037774
2023.0,54,T,22884,4094486
2023.0,55,F,9227,2014056
2023.0,55,M,14808,1988381
2023.0,55,T,24035,4002437
2023.0,56,F,9906,2026928
2023.0,56,M,16240,1984546
2023.0,56,T,26146,4011474
2023.0,57,F,11301,2057408
2023.0,57,M,18198,2007902
2023.0,57,T,29499,4065310
2023.0,58,F,12424,2145182
2023.0,58,M,20378,2071240
2023.0,58,T,32802,4216422
2023.0,59,F,13912,2196292
2023.0,59,M,22206,2114322
2023.0,59,T,36118,4310614
2023.0,60,F,15366,2200363
2023.0,60,M,24108,2105429
2023.0,60,T,39474,4305792
2023.0,61,F,16712,2208227
2023.0,61,M,25905,2104747
2023.0,61,T,42617,4312974
2023.0,62,F,18273,2205798
2023.0,62,M,27791,2091013
2023.0,62,T,46064,4296811
2023.0,63,F,19554,2165952
2023.0,63,M,29366,2044859
2023.0,63,T,48920,4210811
2023.0,64,F,20215,2130360
2023.0,64,M,30644,1991406
2023.0,64,T,50859,4121766
2023.0,65,F,21733,2113784
2023.0,65,M,31875,1963214
2023.0,65,T,53608,4076998
2023.0,66,F,22816,2079118
2023.0,66,M,33542,1913891
2023.0,66,T,56358,3993009
2023.0,67,F,23565,1994754
2023.0,67,M,34039,1812312
2023.0,67,T,57604,3807066
2023.0,68,F,24581,1951621
2023.0,68,M,35083,1757006
2023.0,68,T,59664,3708627
2023.0,69,F,25858,1886191
2023.0,69,M,35904,1678837
2023.0,69,T,61762,3565028
2023.0,70,F,26525,1809211
2023.0,70,M,36331,1595441
2023.0,70,T,62856,3404652
2023.0,71,F,28073,1740156
2023.0,71,M,37393,1523668
2023.0,71,T,65466,3263824
2023.0,72,F,29326,1660982
2023.0,72,M,37888,1433201
2023.0,72,T,67214,3094183
2023.0,73,F,30785,1580761
2023.0,73,M,38641,1353838
2023.0,73,T,69426,2934599
2023.0,74,F,33101,1533626
2023.0,74,M,40621,1303672
2023.0,74,T,73722,2837298
2023.0,75,F,35820,1490475
2023.0,75,M,42771,1263897
2023.0,75,T,78591,2754372
2023.0,76,F,39585,1551093
2023.0,76,M,46282,1326967
2023.0,76,T,85867,2878060
2023.0,77,F,33524,1104696
2023.0,77,M,38457,908720
2023.0,77,T,71981,2013416
2023.0,78,F,34896,1055637
2023.0,78,M,38638,854068
2023.0,78,T,73534,1909705
2023.0,79,F,38092,1019493
2023.0,79,M,41726,812371
2023.0,79,T,79818,1831864
2023.0,80,F,42154,1019564
2023.0,80,M,44512,800819
2023.0,80,T,86666,1820383
2023.0,81,F,40305,865416
2023.0,81,M,41681,663736
2023.0,81,T,81986,1529152
2023.0,82,F,40120,769057
2023.0,82,M,40179,574372
2023.0,82,T,80299,1343429
2023.0,83,F,40273,695974
2023.0,83,M,38910,505470
2023.0,83,T,79183,1201444
2023.0,84,F,41703,634193
2023.0,84,M,38560,452079
2023.0,84,T,80263,1086272
2023.0,85,F,42978,Not Applicable
2023.0,85,M,38404,Not Applicable
2023.0,85,T,81382,Not Applicable
2023.0,86,F,42311,Not Applicable
2023.0,86,M,36779,Not Applicable
2023.0,86,T,79090,Not Applicable
2023.0,87,F,42810,Not Applicable
2023.0,87,M,35738,Not Applicable
2023.0,87,T,78548,Not Applicable
2023.0,88,F,43592,Not Applicable
2023.0,88,M,34515,Not Applicable
2023.0,88,T,78107,Not Applicable
2023.0,89,F,41391,Not Applicable
2023.0,89,M,31401,Not Applicable
2023.0,89,T,72792,Not Applicable
2023.0,90,F,41376,Not Applicable
2023.0,90,M,29605,Not Applicable
2023.0,90,T,70981,Not Applicable
2023.0,91,F,40707,Not Applicable
2023.0,91,M,27482,Not Applicable
2023.0,91,T,68189,Not Applicable
2023.0,92,F,39338,Not Applicable
2023.0,92,M,24695,Not Applicable
2023.0,92,T,64033,Not Applicable
2023.0,93,F,36586,Not Applicable
2023.0,93,M,21719,Not Applicable
2023.0,93,T,58305,Not Applicable
2023.0,94,F,32768,Not Applicable
2023.0,94,M,17758,Not Applicable
2023.0,94,T,50526,Not Applicable
2023.0,95,F,29253,Not Applicable
2023.0,95,M,14585,Not Applicable
2023.0,95,T,43838,Not Applicable
2023.0,96,F,25134,Not Applicable
2023.0,96,M,11372,Not Applicable
2023.0,96,T,36506,Not Applicable
2023.0,97,F,20712,Not Applicable
2023.0,97,M,8660,Not Applicable
2023.0,97,T,29372,Not Applicable
2023.0,98,F,16525,Not Applicable
2023.0,98,M,6320,Not Applicable
2023.0,98,T,22845,Not Applicable
2023.0,99,F,12640,Not Applicable
2023.0,99,M,4163,Not Applicable
2023.0,99,T,16803,Not Applicable
2023.0,100,F,26679,Not Applicable
2023.0,100,M,7008,Not Applicable
2023.0,100,T,33687,Not Applicable
2023.0,NS,F,25,Not Applicable
2023.0,NS,M,55,Not Applicable
2023.0,NS,T,80,Not Applicable
2024.0,0,F,9149,1768890
2024.0,0,M,10901,1846708
2024.0,0,T,20050,3615598
2024.0,1,F,634,1811365
2024.0,1,M,827,1890459
2024.0,1,T,1461,3701824
2024.0,2,F,416,1844591
2024.0,2,M,548,1923421
2024.0,2,T,964,3768012
2024.0,3,F,315,1803599
2024.0,3,M,462,1886530
2024.0,3,T,777,3690129
2024.0,4,F,292,1869826
2024.0,4,M,349,1953925
2024.0,4,T,641,3823751
2024.0,5,F,271,1899574
2024.0,5,M,341,1980962
2024.0,5,T,612,3880536
2024.0,6,F,254,1939030
2024.0,6,M,260,2026118
2024.0,6,T,514,3965148
2024.0,7,F,207,1973535
2024.0,7,M,278,2065992
2024.0,7,T,485,4039527
2024.0,8,F,207,2024592
2024.0,8,M,253,2114905
2024.0,8,T,460,4139497
2024.0,9,F,207,2041299
2024.0,9,M,254,2131665
2024.0,9,T,461,4172964
2024.0,10,F,196,2028453
2024.0,10,M,282,2129029
2024.0,10,T,478,4157482
2024.0,11,F,233,2024174
2024.0,11,M,303,2115918
2024.0,11,T,536,4140092
2024.0,12,F,280,2023202
2024.0,12,M,347,2120925
2024.0,12,T,627,4144127
2024.0,13,F,318,2039680
2024.0,13,M,472,2147339
2024.0,13,T,790,4187019
2024.0,14,F,366,2084497
2024.0,14,M,611,2187937
2024.0,14,T,977,4272434
2024.0,15,F,441,2129396
2024.0,15,M,889,2234299
2024.0,15,T,1330,4363695
2024.0,16,F,543,2210108
2024.0,16,M,1240,2322582
2024.0,16,T,1783,4532690
2024.0,17,F,601,2211654
2024.0,17,M,1673,2326541
2024.0,17,T,2274,4538195
2024.0,18,F,761,2187878
2024.0,18,M,2038,2296205
2024.0,18,T,2799,4484083
2024.0,19,F,822,2175020
2024.0,19,M,2398,2282142
2024.0,19,T,3220,4457162
2024.0,20,F,870,2191063
2024.0,20,M,2472,2294890
2024.0,20,T,3342,4485953
2024.0,21,F,896,2174632
2024.0,21,M,2662,2274154
2024.0,21,T,3558,4448786
2024.0,22,F,1002,2169711
2024.0,22,M,2811,2263591
2024.0,22,T,3813,4433302
2024.0,23,F,1032,2214180
2024.0,23,M,2910,2307779
2024.0,23,T,3942,4521959
2024.0,24,F,1057,2220535
2024.0,24,M,2835,2311401
2024.0,24,T,3892,4531936
2024.0,25,F,1161,2193067
2024.0,25,M,3024,2273585
2024.0,25,T,4185,4466652
2024.0,26,F,1207,2194454
2024.0,26,M,3308,2264349
2024.0,26,T,4515,4458803
2024.0,27,F,1218,2205166
2024.0,27,M,3378,2261932
2024.0,27,T,4596,4467098
2024.0,28,F,1372,2219410
2024.0,28,M,3516,2276939
2024.0,28,T,4888,4496349
2024.0,29,F,1573,2257043
2024.0,29,M,3774,2313931
2024.0,29,T,5347,4570974
2024.0,30,F,1720,2299194
2024.0,30,M,4148,2360996
2024.0,30,T,5868,4660190
2024.0,31,F,1989,2332671
2024.0,31,M,4394,2395120
2024.0,31,T,6383,4727791
2024.0,32,F,2098,2386418
2024.0,32,M,4668,2439207
2024.0,32,T,6766,4825625
2024.0,33,F,2273,2421773
2024.0,33,M,5102,2466382
2024.0,33,T,7375,4888155
2024.0,34,F,2565,2426217
2024.0,34,M,5339,2466010
2024.0,34,T,7904,4892227
2024.0,35,F,2586,2352246
2024.0,35,M,5496,2394777
2024.0,35,T,8082,4747023
2024.0,36,F,2715,2306669
2024.0,36,M,5530,2347897
2024.0,36,T,8245,4654566
2024.0,37,F,2851,2271990
2024.0,37,M,5759,2322699
2024.0,37,T,8610,4594689
2024.0,38,F,2924,2269843
2024.0,38,M,5905,2323812
2024.0,38,T,8829,4593655
2024.0,39,F,3184,2267111
2024.0,39,M,6090,2313028
2024.0,39,T,9274,4580139
2024.0,40,F,3402,2220064
2024.0,40,M,6428,2256977
2024.0,40,T,9830,4477041
2024.0,41,F,3438,2248766
2024.0,41,M,6830,2281929
2024.0,41,T,10268,4530695
2024.0,42,F,3840,2242335
2024.0,42,M,7023,2269685
2024.0,42,T,10863,4512020
2024.0,43,F,4082,2208071
2024.0,43,M,7396,2230545
2024.0,43,T,11478,4438616
2024.0,44,F,4315,2196181
2024.0,44,M,7636,2214599
2024.0,44,T,11951,4410780
2024.0,45,F,4466,2109822
2024.0,45,M,7658,2114981
2024.0,45,T,12124,4224803
2024.0,46,F,4664,2061588
2024.0,46,M,7876,2062679
2024.0,46,T,12540,4124267
2024.0,47,F,4783,2038781
2024.0,47,M,7936,2027390
2024.0,47,T,12719,4066171
2024.0,48,F,4897,1967259
2024.0,48,M,8100,1954823
2024.0,48,T,12997,3922082
2024.0,49,F,5134,1986794
2024.0,49,M,8780,1969932
2024.0,49,T,13914,3956726
2024.0,50,F,5692,1947800
2024.0,50,M,9371,1927166
2024.0,50,T,15063,3874966
2024.0,51,F,6320,1972711
2024.0,51,M,10369,1946542
2024.0,51,T,16689,3919253
2024.0,52,F,6964,2060421
2024.0,52,M,11723,2038621
2024.0,52,T,18687,4099042
2024.0,53,F,7879,2173954
2024.0,53,M,13222,2159848
2024.0,53,T,21101,4333802
2024.0,54,F,8328,2138781
2024.0,54,M,13608,2120463
2024.0,54,T,21936,4259244
2024.0,55,F,8793,2060411
2024.0,55,M,14411,2034591
2024.0,55,T,23204,4095002
2024.0,56,F,9579,2017453
2024.0,56,M,15021,1983793
2024.0,56,T,24600,4001246
2024.0,57,F,10373,2029269
2024.0,57,M,16344,1977468
2024.0,57,T,26717,4006737
2024.0,58,F,11613,2057734
2024.0,58,M,18302,1997765
2024.0,58,T,29915,4055499
2024.0,59,F,13099,2143076
2024.0,59,M,20599,2058368
2024.0,59,T,33698,4201444
2024.0,60,F,14680,2192297
2024.0,60,M,22728,2099540
2024.0,60,T,37408,4291837
2024.0,61,F,16071,2194527
2024.0,61,M,24540,2088565
2024.0,61,T,40611,4283092
2024.0,62,F,17403,2200624
2024.0,62,M,26495,2085253
2024.0,62,T,43898,4285877
2024.0,63,F,18891,2196358
2024.0,63,M,28839,2068780
2024.0,63,T,47730,4265138
2024.0,64,F,20332,2154968
2024.0,64,M,30083,2020885
2024.0,64,T,50415,4175853
2024.0,65,F,21449,2117906
2024.0,65,M,31256,1966346
2024.0,65,T,52705,4084252
2024.0,66,F,22714,2099476
2024.0,66,M,32588,1936692
2024.0,66,T,55302,4036168
2024.0,67,F,24089,2063658
2024.0,67,M,34269,1885438
2024.0,67,T,58358,3949096
2024.0,68,F,24762,1977874
2024.0,68,M,34952,1782940
2024.0,68,T,59714,3760814
2024.0,69,F,25884,1932972
2024.0,69,M,35824,1726169
2024.0,69,T,61708,3659141
2024.0,70,F,27262,1866165
2024.0,70,M,37205,1646984
2024.0,70,T,64467,3513149
2024.0,71,F,28211,1787163
2024.0,71,M,37851,1561643
2024.0,71,T,66062,3348806
2024.0,72,F,29630,1715269
2024.0,72,M,38672,1486706
2024.0,72,T,68302,3201975
2024.0,73,F,30636,1633762
2024.0,73,M,39008,1394167
2024.0,73,T,69644,3027929
2024.0,74,F,32423,1551048
2024.0,74,M,39731,1312584
2024.0,74,T,72154,2863632
2024.0,75,F,34978,1501042
2024.0,75,M,42083,1260414
2024.0,75,T,77061,2761456
2024.0,76,F,38194,1454489
2024.0,76,M,44346,1217874
2024.0,76,T,82540,2672363
2024.0,77,F,41554,1509318
2024.0,77,M,47840,1274581
2024.0,77,T,89394,2783899
2024.0,78,F,35852,1071762
2024.0,78,M,39672,869250
2024.0,78,T,75524,1941012
2024.0,79,F,36912,1020847
2024.0,79,M,40465,813749
2024.0,79,T,77377,1834596
2024.0,80,F,40169,981562
2024.0,80,M,42810,769804
2024.0,80,T,82979,1751366
2024.0,81,F,44589,976906
2024.0,81,M,45650,754156
2024.0,81,T,90239,1731062
2024.0,82,F,42440,824680
2024.0,82,M,42484,620463
2024.0,82,T,84924,1445143
2024.0,83,F,41732,728127
2024.0,83,M,39832,532352
2024.0,83,T,81564,1260479
2024.0,84,F,41915,654149
2024.0,84,M,39427,464288
2024.0,84,T,81342,1118437
2024.0,85,F,43168,Not Applicable
2024.0,85,M,38734,Not Applicable
2024.0,85,T,81902,Not Applicable
2024.0,86,F,43600,Not Applicable
2024.0,86,M,38170,Not Applicable
2024.0,86,T,81770,Not Applicable
2024.0,87,F,43264,Not Applicable
2024.0,87,M,35882,Not Applicable
2024.0,87,T,79146,Not Applicable
2024.0,88,F,43839,Not Applicable
2024.0,88,M,34674,Not Applicable
2024.0,88,T,78513,Not Applicable
2024.0,89,F,43062,Not Applicable
2024.0,89,M,32767,Not Applicable
2024.0,89,T,75829,Not Applicable
2024.0,90,F,40835,Not Applicable
2024.0,90,M,29426,Not Applicable
2024.0,90,T,70261,Not Applicable
2024.0,91,F,39844,Not Applicable
2024.0,91,M,27407,Not Applicable
2024.0,91,T,67251,Not Applicable
2024.0,92,F,38220,Not Applicable
2024.0,92,M,24761,Not Applicable
2024.0,92,T,62981,Not Applicable
2024.0,93,F,36171,Not Applicable
2024.0,93,M,21585,Not Applicable
2024.0,93,T,57756,Not Applicable
2024.0,94,F,32832,Not Applicable
2024.0,94,M,18154,Not Applicable
2024.0,94,T,50986,Not Applicable
2024.0,95,F,28812,Not Applicable
2024.0,95,M,14375,Not Applicable
2024.0,95,T,43187,Not Applicable
2024.0,96,F,25306,Not Applicable
2024.0,96,M,11627,Not Applicable
2024.0,96,T,36933,Not Applicable
2024.0,97,F,20505,Not Applicable
2024.0,97,M,8664,Not Applicable
2024.0,97,T,29169,Not Applicable
2024.0,98,F,16451,Not Applicable
2024.0,98,M,6311,Not Applicable
2024.0,98,T,22762,Not Applicable
2024.0,99,F,12633,Not Applicable
2024.0,99,M,4358,Not Applicable
2024.0,99,T,16991,Not Applicable
2024.0,100,F,27426,Not Applicable
2024.0,100,M,7377,Not Applicable
2024.0,100,T,34803,Not Applicable
2024.0,NS,F,19,Not Applicable
2024.0,NS,M,38,Not Applicable
2024.0,NS,T,57,Not Applicable
