Year,Single-Year Ages Code,Sex Code,Deaths,Population,qx,px,lx,dx,Lx,Tx,ex,Cumulative Survival
2015,20,F,866,2123067,0.000408,0.999592,100000,40.80,99979.6,5835200.547,58.35200547,1
2015,21,F,993,2166784,0.000458,0.999542,99959.20995,45.78,99936.31929,5735220.947,57.37561301,0.9995921
2015,22,F,1021,2197776,0.000465,0.999535,99913.40036,46.46,99890.17049,5635284.627,56.40168994,0.999134004
2015,23,F,1088,2264424,0.00048,0.99952,99866.98454,47.94,99843.01646,5535394.457,55.42767194,0.998669845
2015,24,F,1181,2319408,0.000509,0.999491,99819.00091,50.81,99793.59697,5435551.441,54.45407579,0.998190009
2015,25,F,1285,2322049,0.000553,0.999447,99768.17491,55.17,99740.58901,5335757.844,53.48156212,0.997681749
2015,26,F,1260,2233433,0.000564,0.999436,99712.96414,56.24,99684.84508,5236017.255,52.51089765,0.997129641
2015,27,F,1327,2185163,0.000607,0.999393,99656.71068,60.49,99626.46487,5136332.409,51.54025629,0.996567107
2015,28,F,1386,2149931,0.000645,0.999355,99596.19142,64.24,99564.07165,5036705.945,50.57127058,0.995961914
2015,29,F,1467,2161579,0.000679,0.999321,99531.98455,67.58,99498.19344,4937141.873,49.60357111,0.995319846
2015,30,F,1601,2185746,0.000732,0.999268,99464.43513,72.81,99428.03115,4837643.68,48.63691905,0.994644351
2015,31,F,1641,2125468,0.000772,0.999228,99391.58011,76.73,99353.21496,4738215.648,47.67220365,0.993915801
2015,32,F,1848,2162451,0.000855,0.999145,99314.84333,84.91,99272.38623,4638862.433,46.70865178,0.993148433
2015,33,F,1926,2166123,0.000889,0.999111,99229.97027,88.22,99185.86255,4539590.047,45.74817502,0.992299703
2015,34,F,1995,2146121,0.00093,0.99907,99141.74032,92.20,99095.63941,4440404.185,44.78844299,0.991417403
2015,35,F,2064,2180134,0.000947,0.999053,99049.57973,93.80,99002.67975,4341308.545,43.82965134,0.990495797
2015,36,F,2243,2055478,0.001091,0.998909,98955.80644,107.96,98901.82605,4242305.865,42.87071187,0.989558064
2015,37,F,2206,2017940,0.001093,0.998907,98847.82286,108.04,98793.80252,4143404.039,41.91699847,0.988478229
2015,38,F,2387,2003325,0.001192,0.998808,98739.76301,117.70,98680.91411,4044610.237,40.96232474,0.98739763
2015,39,F,2327,1944284,0.001197,0.998803,98622.1127,118.05,98563.08737,3945929.323,40.01059412,0.986221127
2015,40,F,2602,2000626,0.001301,0.998699,98504.07765,128.15,98440.00075,3847366.235,39.05793879,0.985040777
2015,41,F,2833,1946164,0.001456,0.998544,98375.96394,143.24,98304.34624,3748926.235,38.10815248,0.983759639
2015,42,F,3182,1981947,0.001605,0.998395,98232.75962,157.66,98153.92783,3650621.888,37.16297804,0.982327596
2015,43,F,3488,2068346,0.001686,0.998314,98075.04771,165.35,97992.37044,3552467.961,36.22193456,0.980750477
2015,44,F,4086,2187962,0.001867,0.998133,97909.65673,182.80,97818.25807,3454475.59,35.2822766,0.979096567
2015,45,F,4386,2206861,0.001987,0.998013,97726.8113,194.18,97629.71971,3356657.332,34.34735348,0.977268113
2015,46,F,4655,2095675,0.002221,0.997779,97532.58529,216.62,97424.27535,3259027.612,33.41475675,0.975325853
2015,47,F,4891,2054083,0.002381,0.997619,97315.94188,231.71,97200.08725,3161603.337,32.488031,0.973159419
2015,48,F,5534,2062616,0.002683,0.997317,97084.2218,260.48,96953.98332,3064403.25,31.5643798,0.970842218
2015,49,F,6104,2099680,0.002907,0.997093,96823.74478,281.47,96683.01147,2967449.266,30.64794977,0.968237448
2015,50,F,7051,2227286,0.003166,0.996834,96542.26753,305.65,96389.44112,2870766.255,29.73584864,0.965422675
2015,51,F,7852,2276939,0.003448,0.996552,96236.64018,331.82,96070.72821,2774376.814,28.82869569,0.962366402
2015,52,F,8731,2279256,0.003831,0.996169,95904.76915,367.41,95721.06356,2678306.086,27.9267247,0.959047692
2015,53,F,9482,2277046,0.004164,0.995836,95537.39289,397.82,95338.48404,2582585.022,27.03219068,0.955373929
2015,54,F,10261,2309943,0.004442,0.995558,95139.55922,422.61,94928.25426,2487246.538,26.14313708,0.951395592
2015,55,F,10922,2324887,0.004698,0.995302,94716.9397,444.98,94494.44961,2392318.284,25.25755468,0.947169397
2015,56,F,11834,2255835,0.005246,0.994754,94271.97251,494.55,94024.69713,2297823.834,24.37441132,0.942719725
2015,57,F,12584,2246694,0.005601,0.994399,93777.42636,525.25,93514.80268,2203799.137,23.50031583,0.937774264
2015,58,F,13361,2228294,0.005996,0.994004,93252.16785,559.14,92972.59785,2110284.334,22.62986891,0.932521679
2015,59,F,13716,2154665,0.006366,0.993634,92693.02161,590.08,92397.97972,2017311.737,21.76336149,0.926930216
2015,60,F,14201,2138784,0.00664,0.99336,92102.96354,611.56,91797.1817,1924913.757,20.89958545,0.921029635
2015,61,F,14911,2060944,0.007235,0.992765,91491.4225,661.94,91160.45228,1833116.575,20.03593916,0.914914225
2015,62,F,15645,1986021,0.007878,0.992122,90829.47894,715.55,90471.70162,1741956.123,19.17831241,0.908294789
2015,63,F,16212,1909879,0.008488,0.991512,90113.96425,764.89,89731.52059,1651484.421,18.32662046,0.901139643
2015,64,F,16773,1857069,0.009032,0.990968,89349.03224,807.00,88945.53201,1561752.901,17.47923689,0.893490322
2015,65,F,17507,1812107,0.009661,0.990339,88542.03405,855.40,88114.33175,1472807.369,16.63399067,0.885420341
2015,66,F,18684,1760795,0.010611,0.989389,87686.61802,930.44,87221.39667,1384693.037,15.79138377,0.87686618
2015,67,F,20246,1741227,0.011627,0.988373,86756.16514,1008.71,86251.80817,1297471.64,14.95538257,0.867561651
2015,68,F,22174,1812428,0.012234,0.987766,85747.41366,1049.03,85222.89673,1211219.832,14.12543866,0.857474137
2015,69,F,19241,1344721,0.014309,0.985691,84698.34404,1211.95,84092.36974,1125996.935,13.29420248,0.84698344
2015,70,F,20339,1329818,0.015295,0.984705,83486.43403,1276.93,82847.97153,1041904.566,12.47992656,0.83486434
2015,71,F,22047,1298089,0.016984,0.983016,82209.54457,1396.25,81511.42112,959056.594,11.66600057,0.822095446
2015,72,F,24821,1328954,0.018677,0.981323,80813.28143,1509.35,80058.6066,877545.1729,10.85892266,0.808132814
2015,73,F,23855,1162411,0.020522,0.979478,79303.9241,1627.48,78490.18653,797486.5663,10.05607951,0.793039241
2015,74,F,23755,1067619,0.02225,0.97775,77676.44887,1728.30,76812.29838,718996.3797,9.256298276,0.776764489
2015,75,F,24903,1010164,0.024652,0.975348,75948.11316,1872.27,75011.97672,642184.0814,8.45556334,0.759481132
2015,76,F,25854,947283,0.027293,0.972707,74075.80742,2021.75,73064.93191,567172.1047,7.656644246,0.740758074
2015,77,F,27548,910536,0.030255,0.969745,72054.07165,2180.00,70964.07368,494107.1727,6.85744971,0.720540717
2015,78,F,28172,840960,0.0335,0.9665,69874.09681,2340.78,68703.70569,423143.0991,6.055793468,0.698740968
2015,79,F,30209,803984,0.037574,0.962426,67533.32786,2537.50,66264.57923,354439.3934,5.248362617,0.675333279
2015,80,F,32182,772956,0.041635,0.958365,64995.82177,2706.10,63642.77125,288174.8141,4.433743682,0.649958218
2015,81,F,32253,693056,0.046537,0.953463,62289.72267,2898.78,60840.33426,224532.0429,3.604640272,0.622897227
2015,82,F,35303,671319,0.052588,0.947412,59390.92311,3123.25,57829.29818,163691.7086,2.75617384,0.593909231
2015,83,F,37496,640387,0.058552,0.941448,56267.70187,3294.59,54620.40863,105862.4105,1.88140633,0.562677019
2015,84,F,39800,608958,0.065358,0.934642,52973.11009,3462.22,51242.00183,51242.00183,0.967321,0.529731101
2015,20,M,2500,2240373,0.001116,0.998884,100000,111.60,99944.2,5501048.718,55.01048718,1
2015,21,M,2851,2290006,0.001245,0.998755,99888.41144,124.36,99826.2309,5401104.518,54.07138266,0.998884114
2015,22,M,3134,2331696,0.001344,0.998656,99764.05287,134.08,99697.01143,5301278.287,53.13816084,0.997640529
2015,23,M,3251,2387842,0.001361,0.998639,99629.9614,135.60,99562.16321,5201581.276,52.20900623,0.996299614
2015,24,M,3423,2417937,0.001416,0.998584,99494.31717,140.88,99423.87519,5102019.112,51.27950277,0.994943172
2015,25,M,3471,2407515,0.001442,0.998558,99353.46608,143.27,99281.83223,5002595.237,50.35149185,0.993534661
2015,26,M,3296,2310983,0.001426,0.998574,99210.22466,141.47,99139.48777,4903313.405,49.42346842,0.992102247
2015,27,M,3412,2254603,0.001513,0.998487,99068.72777,149.89,98993.78228,4804173.917,48.49334422,0.990687278
2015,28,M,3364,2214738,0.001519,0.998481,98918.80226,150.26,98843.67343,4705180.135,47.56608478,0.989188023
2015,29,M,3630,2221560,0.001634,0.998366,98768.55296,161.39,98687.85905,4606336.462,46.63768298,0.98768553
2015,30,M,3506,2231463,0.001571,0.998429,98607.16643,154.91,98529.7105,4507648.603,45.71319475,0.986071664
2015,31,M,3575,2152765,0.001661,0.998339,98452.23815,163.53,98370.47357,4409118.892,44.78434391,0.984522382
2015,32,M,3738,2181163,0.001714,0.998286,98288.74295,168.47,98204.5095,4310748.418,43.85800743,0.98288743
2015,33,M,3832,2175631,0.001761,0.998239,98120.29918,172.79,98033.90426,4212543.909,42.93244053,0.981202992
2015,34,M,3957,2148717,0.001842,0.998158,97947.47714,180.42,97857.26751,4114510.005,42.00730968,0.979474771
2015,35,M,4026,2199270,0.001831,0.998169,97767.10058,179.01,97677.5948,4016652.737,41.0838893,0.977671006
2015,36,M,3949,2053297,0.001923,0.998077,97588.1274,187.66,97494.29642,3918975.142,40.15831891,0.975881274
2015,37,M,4015,2010463,0.001997,0.998003,97400.4412,194.51,97303.18686,3821480.846,39.23473856,0.974004412
2015,38,M,4058,1983816,0.002046,0.997954,97205.92741,198.88,97106.48575,3724177.659,38.31224863,0.972059274
2015,39,M,4142,1926578,0.00215,0.99785,97007.08758,208.57,96902.80496,3627071.173,37.38975434,0.970070876
2015,40,M,4282,1989213,0.002153,0.997847,96798.52952,208.41,96694.3259,3530168.368,36.46923549,0.967985295
2015,41,M,4547,1919064,0.002369,0.997631,96590.16003,228.82,96475.74899,3433474.043,35.54683046,0.9659016
2015,42,M,4933,1942311,0.00254,0.99746,96361.30083,244.76,96238.92198,3336998.294,34.63006689,0.963613008
2015,43,M,5401,2032362,0.002657,0.997343,96116.56644,255.38,95988.87558,3240759.372,33.71696984,0.961165664
2015,44,M,6317,2147203,0.002942,0.997058,95861.13676,282.02,95720.12503,3144770.496,32.80547887,0.958611368
2015,45,M,6635,2182484,0.00304,0.99696,95579.11647,290.56,95433.83621,3049050.371,31.90080097,0.955791165
2015,46,M,7135,2064898,0.003455,0.996545,95288.54507,329.22,95123.93411,2953616.535,30.99655402,0.952885451
2015,47,M,7407,2019602,0.003668,0.996332,94959.28727,348.31,94785.13194,2858492.601,30.10229629,0.949592873
2015,48,M,8202,2015073,0.00407,0.99593,94611.01893,385.07,94418.48551,2763707.469,29.21126418,0.946110189
2015,49,M,9428,2052872,0.004593,0.995407,94225.92143,432.78,94009.5316,2669288.983,28.32860579,0.942259214
2015,50,M,10767,2173002,0.004955,0.995045,93793.18038,464.75,93560.80778,2575279.452,27.45700104,0.937931804
2015,51,M,12164,2202725,0.005522,0.994478,93328.44488,515.36,93070.76504,2481718.644,26.59123536,0.933284449
2015,52,M,13209,2195088,0.006018,0.993982,92813.06179,558.55,92533.78729,2388647.879,25.73611766,0.928130618
2015,53,M,14524,2186448,0.006643,0.993357,92254.55674,612.85,91948.13323,2296114.091,24.88889625,0.922545567
2015,54,M,16076,2206584,0.007285,0.992715,91641.73394,667.61,91307.92892,2204165.958,24.0519888,0.916417339
2015,55,M,17123,2228498,0.007684,0.992316,90974.0809,699.04,90624.55848,2112858.029,23.22483512,0.909740809
2015,56,M,18224,2143285,0.008503,0.991497,90275.06785,767.61,89891.2634,2022233.471,22.40079702,0.902750679
2015,57,M,19693,2124551,0.009269,0.990731,89507.47379,829.64,89092.6514,1932342.207,21.58861295,0.895074738
2015,58,M,20611,2092228,0.009851,0.990149,88677.8064,873.57,88241.02386,1843249.556,20.78591737,0.886778064
2015,59,M,21521,2009005,0.010712,0.989288,87804.22175,940.56,87333.94234,1755008.532,19.98774657,0.878042218
2015,60,M,22515,1987008,0.011331,0.988669,86863.6394,984.25,86371.51345,1667674.59,19.19876488,0.868636394
2015,61,M,23323,1893657,0.012316,0.987684,85879.37821,1057.69,85350.533,1581303.076,18.41307086,0.858793782
2015,62,M,24065,1815914,0.013252,0.986748,84821.65512,1124.06,84259.62683,1495952.543,17.63644604,0.848216551
2015,63,M,25306,1741514,0.014531,0.985469,83697.57483,1216.21,83089.4701,1411692.917,16.86659284,0.836975748
2015,64,M,25245,1679087,0.015035,0.984965,82481.36249,1240.11,81861.30885,1328603.446,16.10792313,0.824813625
2015,65,M,25976,1637936,0.015859,0.984141,81241.25879,1288.41,80597.05623,1246742.138,15.34616962,0.812412588
2015,66,M,26986,1583339,0.017044,0.982956,79952.85501,1362.72,79271.49678,1166145.081,14.58540888,0.79952855
2015,67,M,28284,1562960,0.018096,0.981904,78590.16026,1422.17,77879.07649,1086873.585,13.8296395,0.785901603
2015,68,M,30528,1623929,0.018799,0.981201,77167.95873,1450.68,76442.6185,1008994.508,13.07530385,0.771679587
2015,69,M,25856,1188026,0.021764,0.978236,75717.28974,1647.91,74893.33419,932551.8896,12.31623441,0.757172897
2015,70,M,26504,1162672,0.022796,0.977204,74069.39126,1688.49,73225.14834,857658.5554,11.57912251,0.740693913
2015,71,M,28756,1123102,0.025604,0.974396,72380.92267,1853.24,71454.3021,784433.4071,10.83757126,0.723809227
2015,72,M,30898,1140651,0.027088,0.972912,70527.67532,1910.45,69572.44849,712979.105,10.10921035,0.705276753
2015,73,M,29580,983641,0.030072,0.969928,68617.21882,2063.46,67585.49032,643406.6565,9.376752185,0.686172188
2015,74,M,28979,886092,0.032704,0.967296,66553.76546,2176.57,65465.47829,575821.1662,8.65196976,0.665537655
2015,75,M,29511,829659,0.03557,0.96443,64377.17254,2289.90,63232.22453,510355.6879,7.927587804,0.643771725
2015,76,M,30203,774758,0.038984,0.961016,62087.27424,2420.41,60877.06909,447123.4634,7.201531535,0.620872742
2015,77,M,31079,728549,0.042659,0.957341,59666.87723,2545.33,58394.21257,386246.3943,6.473380411,0.596668772
2015,78,M,31046,659853,0.04705,0.95295,57121.56198,2687.57,55777.77723,327852.1817,5.739552112,0.57121562
2015,79,M,31880,618087,0.051578,0.948422,54433.99973,2807.60,53030.20131,272074.4045,4.998243851,0.544339997
2015,80,M,33120,578240,0.057277,0.942723,51626.37571,2957.00,50147.87375,219044.2032,4.242873921,0.516263757
2015,81,M,32996,507988,0.064954,0.935046,48669.35861,3161.27,47088.72385,168896.3294,3.470280567,0.486693586
2015,82,M,33750,477629,0.070662,0.929338,45508.07497,3215.69,43900.22917,121807.6056,2.676615208,0.45508075
2015,83,M,34644,442175,0.078349,0.921651,42292.40437,3313.57,40635.62058,77907.37638,1.842112728,0.422924044
2015,84,M,35617,406633,0.08759,0.91241,38978.83383,3414.16,37271.7558,37271.7558,0.956205,0.389788338
2015,20,T,3366,4363440,0.000771,0.999229,100000,77.10,99961.45,5668431.428,56.68431428,1
2015,21,T,3844,4456790,0.000863,0.999137,99922.85903,86.23,99879.74232,5568469.978,55.72768866,0.99922859
2015,22,T,4155,4529472,0.000917,0.999083,99836.67515,91.55,99790.90003,5468590.236,54.77536414,0.998366752
2015,23,T,4339,4652266,0.000933,0.999067,99745.09242,93.06,99698.56133,5368799.336,53.82519787,0.997450924
2015,24,T,4604,4737345,0.000972,0.999028,99652.06379,96.86,99603.63289,5269100.774,52.87497894,0.996520638
2015,25,T,4756,4729564,0.001006,0.998994,99555.21669,100.15,99505.14042,5169497.142,51.92592928,0.995552167
2015,26,T,4556,4544416,0.001003,0.998997,99455.10501,99.75,99405.22827,5069992.001,50.97769492,0.99455105
2015,27,T,4739,4439766,0.001067,0.998933,99355.39639,106.01,99302.39029,4970586.773,50.02835229,0.993553964
2015,28,T,4750,4364669,0.001088,0.998912,99249.34458,107.98,99195.35294,4871284.383,49.08127508,0.992493446
2015,29,T,5097,4383139,0.001163,0.998837,99141.33309,115.30,99083.6824,4772089.03,48.13420277,0.991413331
2015,30,T,5107,4417209,0.001156,0.998844,99026.04508,114.47,98968.80803,4673005.347,47.18965948,0.990260451
2015,31,T,5216,4278233,0.001219,0.998781,98911.55513,120.57,98851.26854,4574036.539,46.2437026,0.989115551
2015,32,T,5586,4343614,0.001286,0.998714,98790.96267,127.05,98727.44008,4475185.271,45.29954107,0.987909627
2015,33,T,5758,4341754,0.001326,0.998674,98663.91493,130.83,98598.50075,4376457.831,44.35722861,0.986639149
2015,34,T,5952,4294838,0.001386,0.998614,98533.06762,136.57,98464.7842,4277859.33,43.41546887,0.985330676
2015,35,T,6090,4379404,0.001391,0.998609,98396.5156,136.87,98328.08082,4179394.546,42.47502587,0.983965156
2015,36,T,6192,4108775,0.001507,0.998493,98259.68539,148.08,98185.64672,4081066.465,41.53347783,0.982596854
2015,37,T,6221,4028403,0.001544,0.998456,98111.60622,151.48,98035.86406,3982880.818,40.59540937,0.981116062
2015,38,T,6445,3987141,0.001616,0.998384,97960.094,158.30,97880.94224,3884844.954,39.65742371,0.97960094
2015,39,T,6469,3870862,0.001671,0.998329,97801.74675,163.43,97720.03339,3786964.012,38.72082184,0.978017468
2015,40,T,6884,3989839,0.001725,0.998275,97638.30008,168.43,97554.08705,3689243.978,37.78480346,0.976383001
2015,41,T,7380,3865228,0.001909,0.998091,97469.83663,186.07,97376.80167,3591689.891,36.84924501,0.974698366
2015,42,T,8115,3924258,0.002068,0.997932,97283.73444,201.18,97183.14306,3494313.09,35.91878036,0.972837344
2015,43,T,8889,4100708,0.002168,0.997832,97082.56074,210.47,96977.32324,3397129.947,34.99217491,0.970825607
2015,44,T,10403,4335165,0.0024,0.9976,96872.11735,232.49,96755.87081,3300152.623,34.06710531,0.968721174
2015,45,T,11021,4389345,0.002511,0.997489,96639.65546,242.66,96518.32437,3203396.753,33.14784948,0.966396555
2015,46,T,11790,4160573,0.002834,0.997166,96397.0075,273.19,96260.41294,3106878.428,32.23002984,0.963970075
2015,47,T,12298,4073685,0.003019,0.996981,96123.84303,290.20,95978.74409,3010618.015,31.32020028,0.96123843
2015,48,T,13736,4077689,0.003369,0.996631,95833.65588,322.86,95672.22409,2914639.271,30.41352481,0.958336559
2015,49,T,15532,4152552,0.00374,0.99626,95510.83305,357.21,95332.22779,2818967.047,29.51463156,0.955108331
2015,50,T,17818,4400288,0.004049,0.995951,95153.58906,385.28,94960.95062,2723634.819,28.62356372,0.951535891
2015,51,T,20016,4479664,0.004468,0.995532,94768.28549,423.42,94556.57314,2628673.869,27.73790678,0.947682855
2015,52,T,21940,4474344,0.004904,0.995096,94344.84257,462.67,94113.50902,2534117.295,26.86015713,0.943448426
2015,53,T,24006,4463494,0.005378,0.994622,93882.2215,504.90,93629.77221,2440003.786,25.99005166,0.938822215
2015,54,T,26337,4516527,0.005831,0.994169,93377.29495,544.48,93105.05345,2346374.014,25.12788591,0.93377295
2015,55,T,28045,4553385,0.006159,0.993841,92832.78856,571.76,92546.90999,2253268.961,24.2723395,0.928327886
2015,56,T,30058,4399120,0.006833,0.993167,92261.01711,630.42,91945.80735,2160722.051,23.41966432,0.922610171
2015,57,T,32277,4371245,0.007384,0.992616,91630.62247,676.60,91292.32221,2068776.243,22.57734574,0.916306225
2015,58,T,33972,4320522,0.007863,0.992137,90954.02768,715.17,90596.44192,1977483.921,21.74157618,0.909540277
2015,59,T,35237,4163670,0.008463,0.991537,90238.86173,763.69,89857.01599,1886887.479,20.9099211,0.902388617
2015,60,T,36716,4125792,0.008899,0.991101,89475.17326,796.24,89077.05348,1797030.463,20.08412387,0.894751733
2015,61,T,38234,3954601,0.009668,0.990332,88678.92118,857.35,88250.24728,1707953.41,19.25997054,0.886789212
2015,62,T,39710,3801935,0.010445,0.989555,87821.55279,917.30,87362.90473,1619703.163,18.44311688,0.878215528
2015,63,T,41518,3651393,0.01137,0.98863,86904.28465,988.10,86410.23379,1532340.258,17.63250528,0.869042847
2015,64,T,42018,3536156,0.011882,0.988118,85916.14338,1020.86,85405.71557,1445930.024,16.82954992,0.859161434
2015,65,T,43483,3450043,0.012604,0.987396,84895.25389,1070.02,84360.244,1360524.309,16.02591719,0.848952539
2015,66,T,45670,3344134,0.013657,0.986343,83825.26713,1144.80,83252.86629,1276164.065,15.2240978,0.838252671
2015,67,T,48530,3304187,0.014687,0.985313,82680.48647,1214.33,82073.32232,1192911.198,14.4279654,0.826804865
2015,68,T,52702,3436357,0.015337,0.984663,81466.12299,1249.45,80841.40003,1110837.876,13.63558047,0.81466123
2015,69,T,45097,2532747,0.017806,0.982194,80216.71042,1428.34,79502.54105,1029996.476,12.84017346,0.802167104
2015,70,T,46843,2492490,0.018794,0.981206,78788.4063,1480.75,78048.03165,950493.9348,12.06388071,0.787884063
2015,71,T,50803,2421191,0.020983,0.979017,77307.68408,1622.15,76496.61051,872445.9032,11.28537109,0.773076841
2015,72,T,55719,2469605,0.022562,0.977438,75685.56411,1707.62,74831.75526,795949.2927,10.51652719,0.756855641
2015,73,T,53435,2146052,0.024899,0.975101,73977.9534,1841.98,73056.96487,721117.5374,9.7477357,0.739779534
2015,74,T,52734,1953711,0.026992,0.973008,72135.96079,1947.09,71162.41386,648060.5725,8.983876633,0.721359608
2015,75,T,54414,1839823,0.029576,0.970424,70188.88788,2075.91,69150.93461,576898.1587,8.219223528,0.701888879
2015,76,T,56057,1722041,0.032553,0.967447,68113.00441,2217.28,67004.36309,507747.2241,7.454482862,0.681130044
2015,77,T,58627,1639085,0.035768,0.964232,65895.74554,2356.96,64717.26603,440742.861,6.688487358,0.658957455
2015,78,T,59218,1500813,0.039457,0.960543,63538.77816,2507.05,62285.25338,376025.5949,5.91804888,0.635387782
2015,79,T,62089,1422071,0.043661,0.956339,61031.71075,2664.71,59699.35799,313740.3416,5.140611949,0.610317108
2015,80,T,65302,1351196,0.048329,0.951671,58367.00703,2820.82,56956.59749,254040.9836,4.352475765,0.58367007
2015,81,T,65249,1201044,0.054327,0.945673,55546.18585,3017.66,54037.35703,197084.3861,3.548117356,0.555461859
2015,82,T,69053,1148948,0.060101,0.939899,52528.53364,3157.02,50950.02494,143047.0291,2.723225248,0.525285336
2015,83,T,72140,1082562,0.066638,0.933362,49371.51275,3290.02,47726.50332,92097.00412,1.865387528,0.493715128
2015,84,T,75417,1015591,0.074259,0.925741,46081.48324,3421.96,44370.50081,44370.50081,0.9628705,0.460814832
2016,20,F,901,2088855,0.000431,0.999569,100000,43.10,99978.45,5830040.918,58.30040918,1
2016,21,F,1032,2133830,0.000484,0.999516,99956.86632,48.38,99932.67676,5730062.468,57.32535121,0.999568663
2016,22,F,1107,2178862,0.000508,0.999492,99908.52344,50.75,99883.14668,5630129.791,56.35284755,0.999085234
2016,23,F,1198,2210629,0.000542,0.999458,99857.76358,54.12,99830.70213,5530246.644,55.38123873,0.998577636
2016,24,F,1225,2277787,0.000538,0.999462,99803.64794,53.69,99776.80076,5430415.942,54.41099653,0.998036479
2016,25,F,1379,2332540,0.000591,0.999409,99749.97327,58.95,99720.49715,5330639.141,53.44000571,0.997499733
2016,26,F,1476,2333494,0.000633,0.999367,99691.00098,63.10,99659.44878,5230918.644,52.47132231,0.99691001
2016,27,F,1536,2243248,0.000685,0.999315,99627.94365,68.25,99593.82108,5131259.195,51.50421666,0.996279437
2016,28,F,1564,2193389,0.000713,0.999287,99559.72626,70.99,99524.23322,5031665.374,50.53916441,0.995597263
2016,29,F,1587,2156739,0.000736,0.999264,99488.73502,73.22,99452.12317,4932141.141,49.57487036,0.99488735
2016,30,F,1725,2167435,0.000796,0.999204,99415.52791,79.13,99375.96053,4832689.018,48.61100795,0.994155279
2016,31,F,1907,2190224,0.000871,0.999129,99336.40591,86.52,99293.14491,4733313.057,47.6493287,0.993364059
2016,32,F,1977,2128886,0.000929,0.999071,99249.91497,92.20,99203.81338,4634019.912,46.69041695,0.99249915
2016,33,F,2022,2164564,0.000934,0.999066,99157.74607,92.61,99111.4394,4534816.099,45.73335194,0.991577461
2016,34,F,2186,2166986,0.001009,0.998991,99065.11912,99.96,99015.14077,4435704.66,44.77564554,0.990651191
2016,35,F,2318,2146149,0.00108,0.99892,98965.18477,106.88,98911.74357,4336689.519,43.82035489,0.989651848
2016,36,F,2461,2179618,0.001129,0.998871,98858.29503,111.61,98802.48952,4237777.775,42.86719464,0.98858295
2016,37,F,2441,2054543,0.001188,0.998812,98746.67443,117.31,98688.01891,4138975.286,41.91508534,0.987466744
2016,38,F,2606,2016225,0.001293,0.998707,98629.35363,127.53,98565.58975,4040287.267,40.96434903,0.986293536
2016,39,F,2642,2000928,0.00132,0.99868,98501.87377,130.02,98436.86253,3941721.677,40.01671772,0.985018738
2016,40,F,2739,1941028,0.001411,0.998589,98371.81314,138.80,98302.41183,3843284.815,39.06896388,0.983718131
2016,41,F,2863,1996568,0.001434,0.998566,98232.99989,140.87,98162.56683,3744982.403,38.12346571,0.982329999
2016,42,F,3134,1941928,0.001614,0.998386,98092.13763,158.32,98012.97727,3646819.836,37.17749377,0.980921376
2016,43,F,3495,1977320,0.001768,0.998232,97933.83065,173.15,97847.25714,3548806.859,36.23678187,0.979338307
2016,44,F,3878,2063086,0.00188,0.99812,97760.7283,183.79,97668.83322,3450959.601,35.30006027,0.977607283
2016,45,F,4549,2181652,0.002085,0.997915,97576.96664,203.45,97475.24265,3353290.768,34.36559758,0.975769666
2016,46,F,4860,2199725,0.002209,0.997791,97373.50724,215.10,97265.9582,3255815.526,33.4363588,0.973735072
2016,47,F,4931,2088622,0.002361,0.997639,97158.37342,229.39,97043.67796,3158549.567,32.50928825,0.971583734
2016,48,F,5386,2046863,0.002631,0.997369,96928.9935,255.02,96801.48341,3061505.889,31.58503745,0.969289935
2016,49,F,6090,2054806,0.002964,0.997036,96673.94001,286.54,96530.66923,2964704.406,30.66704849,0.9667394
2016,50,F,6721,2091455,0.003214,0.996786,96387.41938,309.79,96232.5248,2868173.737,29.75672298,0.963874194
2016,51,F,7660,2217966,0.003454,0.996546,96077.67337,331.85,95911.74723,2771941.212,28.85104431,0.960776734
2016,52,F,8543,2266189,0.00377,0.99623,95745.85811,360.96,95565.37717,2676029.465,27.94929742,0.957458581
2016,53,F,9477,2267892,0.004179,0.995821,95384.91872,398.61,95185.61193,2580464.088,27.0531665,0.953849187
2016,54,F,10213,2265370,0.004508,0.995492,94986.32704,428.20,94772.22786,2485278.476,26.16459182,0.94986327
2016,55,F,11212,2297597,0.00488,0.99512,94558.09883,461.44,94327.37707,2390506.248,25.2808197,0.945580988
2016,56,F,11931,2311661,0.005161,0.994839,94096.66655,485.63,93853.8501,2296178.871,24.40234022,0.940966666
2016,57,F,12662,2241986,0.005648,0.994352,93611.01259,528.71,93346.65509,2202325.021,23.52634546,0.936110126
2016,58,F,13403,2232174,0.006004,0.993996,93082.32836,558.87,92802.89521,2108978.366,22.65712948,0.930823284
2016,59,F,14288,2213284,0.006456,0.993544,92523.41922,597.33,92224.75362,2016175.47,21.79097452,0.925234192
2016,60,F,14892,2139267,0.006961,0.993039,91926.12822,639.90,91606.17933,1923950.717,20.92931307,0.919261282
2016,61,F,15278,2122487,0.007198,0.992802,91286.20628,657.08,90957.66722,1832344.537,20.07252368,0.912862063
2016,62,F,16291,2044245,0.007969,0.992031,90629.1136,722.22,90268.0019,1741386.87,19.21443122,0.906291136
2016,63,F,16695,1968870,0.008479,0.991521,89906.87195,762.32,89525.71177,1651118.868,18.36476826,0.89906872
2016,64,F,17409,1892535,0.009199,0.990801,89144.50814,820.04,88734.48797,1561593.156,17.51754751,0.891445081
2016,65,F,17934,1839731,0.009748,0.990252,88324.48804,860.99,87893.99449,1472858.669,16.67554153,0.88324488
2016,66,F,18641,1794239,0.010389,0.989611,87463.48642,908.66,87009.15734,1384964.674,15.83477552,0.874634864
2016,67,F,20160,1741373,0.011577,0.988423,86554.79653,1002.04,86053.77409,1297955.517,14.99576648,0.865547965
2016,68,F,21599,1719694,0.01256,0.98744,85552.74544,1074.54,85015.4742,1211901.743,14.16555058,0.855527454
2016,69,F,23932,1788127,0.013384,0.986616,84478.2207,1130.66,83912.89245,1126886.268,13.3393703,0.844782207
2016,70,F,20393,1325617,0.015384,0.984616,83347.57798,1282.22,82706.46841,1042973.376,12.5135415,0.83347578
2016,71,F,21484,1310054,0.016399,0.983601,82065.3772,1345.79,81392.48214,960266.9075,11.70124284,0.820653772
2016,72,F,23542,1276783,0.018439,0.981561,80719.56049,1488.39,79975.3665,878874.4254,10.88799815,0.807195605
2016,73,F,26233,1304712,0.020106,0.979894,79231.21055,1593.02,78434.69919,798899.0589,10.08313584,0.792312106
2016,74,F,25420,1138891,0.02232,0.97768,77638.15987,1732.88,76771.71801,720464.3597,9.279771197,0.776381599
2016,75,F,25708,1043735,0.024631,0.975369,75905.27935,1869.62,74970.46788,643692.6417,8.480209114,0.759052794
2016,76,F,25901,984932,0.026297,0.973703,74035.67364,1946.92,73062.21559,568722.1738,7.681731601,0.740356736
2016,77,F,27585,920921,0.029954,0.970046,72088.73925,2159.35,71009.0662,495659.9582,6.875691868,0.720887393
2016,78,F,28945,882532,0.032798,0.967202,69929.4141,2293.54,68782.64164,424650.892,6.072564707,0.699294141
2016,79,F,29905,812156,0.036822,0.963178,67635.89172,2490.49,66390.64732,355868.2504,5.26152966,0.676358917
2016,80,F,31952,773313,0.041318,0.958682,65145.42026,2691.68,63799.58102,289477.6031,4.443560298,0.651454203
2016,81,F,33568,740254,0.045347,0.954653,62453.72043,2832.09,61037.676,225678.0221,3.61352407,0.624537204
2016,82,F,34222,660414,0.051819,0.948181,59621.65673,3089.53,58076.88941,164640.3461,2.761418503,0.596216567
2016,83,F,36058,636001,0.056695,0.943305,56532.12147,3205.09,54929.57716,106563.4566,1.885007211,0.565321215
2016,84,F,38253,602402,0.063501,0.936499,53327.03966,3386.32,51633.87949,51633.87949,0.9682495,0.533270397
2016,20,M,2602,2197366,0.001184,0.998816,100000,118.40,99940.8,5483982.756,54.83982756,1
2016,21,M,3150,2253024,0.001398,0.998602,99881.5855,139.63,99811.76827,5384041.956,53.90425001,0.998815855
2016,22,M,3275,2302042,0.001423,0.998577,99741.93896,141.93,99670.97257,5284230.188,52.97902009,0.99741939
2016,23,M,3524,2342323,0.001504,0.998496,99600.0411,149.80,99525.14187,5184559.215,52.0537859,0.996000411
2016,24,M,3749,2396310,0.001564,0.998436,99450.1939,155.54,99372.42385,5085034.073,51.13146464,0.994501939
2016,25,M,3924,2425812,0.001618,0.998382,99294.60519,160.66,99214.27585,4985661.649,50.21080088,0.992946052
2016,26,M,3798,2413760,0.001573,0.998427,99133.98597,155.94,99056.01709,4886447.374,49.29134369,0.99133986
2016,27,M,3927,2315958,0.001696,0.998304,98978.00075,167.87,98894.06741,4787391.356,48.36823658,0.989780008
2016,28,M,4030,2258118,0.001785,0.998215,98810.17102,176.38,98721.98294,4688497.289,47.44954128,0.98810171
2016,29,M,3832,2217826,0.001728,0.998272,98633.82727,170.44,98548.60764,4589775.306,46.53348079,0.986338273
2016,30,M,3960,2224720,0.00178,0.99822,98463.40596,175.26,98375.77353,4491226.698,45.61315602,0.98463406
2016,31,M,4011,2233583,0.001796,0.998204,98288.14116,176.53,98199.87841,4392850.925,44.6936006,0.982881412
2016,32,M,4147,2154190,0.001925,0.998075,98111.63833,188.86,98017.20588,4294651.047,43.773105,0.981116383
2016,33,M,4219,2181222,0.001934,0.998066,97922.76503,189.38,97828.07372,4196633.841,42.85657007,0.97922765
2016,34,M,4409,2174549,0.002028,0.997972,97733.35921,198.20,97634.25758,4098805.767,41.93865636,0.977333592
2016,35,M,4468,2146976,0.002081,0.997919,97535.20024,202.97,97433.71486,4001171.509,41.02284611,0.975352002
2016,36,M,4564,2195944,0.002078,0.997922,97332.223,202.26,97231.09482,3903737.795,40.10735268,0.97332223
2016,37,M,4560,2048955,0.002226,0.997774,97129.92992,216.21,97021.82431,3806506.7,39.18984295,0.971299299
2016,38,M,4567,2005894,0.002277,0.997723,96913.76486,220.67,96803.42854,3709484.875,38.27614045,0.969137649
2016,39,M,4650,1978673,0.00235,0.99765,96693.11254,227.23,96579.49813,3612681.447,37.36234518,0.966931125
2016,40,M,4597,1921122,0.002393,0.997607,96465.87794,230.84,96350.45652,3516101.949,36.44917792,0.964658779
2016,41,M,4927,1983028,0.002485,0.997515,96235.04739,239.14,96115.47534,3419751.492,35.53540612,0.962350474
2016,42,M,4954,1912625,0.00259,0.99741,95995.94332,248.63,95871.62857,3323636.017,34.62267156,0.959959433
2016,43,M,5708,1934987,0.00295,0.99705,95747.29871,282.45,95606.07144,3227764.388,33.7112841,0.957472987
2016,44,M,6220,2024559,0.003072,0.996928,95464.85465,293.27,95318.22063,3132158.317,32.80954366,0.954648547
2016,45,M,6937,2137964,0.003245,0.996755,95171.56045,308.83,95017.14459,3036840.096,31.9091132,0.951715605
2016,46,M,7499,2172236,0.003452,0.996548,94862.7596,327.47,94699.02648,2941822.952,31.0113575,0.948627596
2016,47,M,7800,2054342,0.003797,0.996203,94535.27408,358.95,94355.79886,2847123.925,30.11705369,0.945352741
2016,48,M,8380,2008211,0.004173,0.995827,94176.33913,393.00,93979.8402,2752768.126,29.22993346,0.941763391
2016,49,M,9153,2003202,0.004569,0.995431,93783.35367,428.50,93569.1056,2658788.286,28.35032212,0.937833537
2016,50,M,10279,2039838,0.005039,0.994961,93354.8402,470.42,93119.63268,2565219.18,27.47815941,0.933548402
2016,51,M,11557,2157926,0.005356,0.994644,92884.41343,497.49,92635.66897,2472099.548,26.6147942,0.928844134
2016,52,M,13268,2186447,0.006068,0.993932,92386.96117,560.60,92106.65913,2379463.879,25.755408,0.923869612
2016,53,M,14413,2177713,0.006618,0.993382,91826.33007,607.71,91522.47674,2287357.22,24.90960074,0.918263301
2016,54,M,15800,2168260,0.007287,0.992713,91218.58566,664.71,90886.23074,2195834.743,24.07222966,0.912185857
2016,55,M,17335,2186968,0.007926,0.992074,90553.88048,717.73,90195.01545,2104948.512,23.24526018,0.905538805
2016,56,M,18283,2207097,0.008284,0.991716,89836.10522,744.20,89464.00407,2014753.497,22.42699071,0.898361052
2016,57,M,19808,2120821,0.00934,0.99066,89091.92701,832.12,88675.86771,1925289.493,21.61014536,0.89091927
2016,58,M,20868,2100779,0.009933,0.990067,88259.82807,876.68,87821.48563,1836613.625,20.8091684,0.882598281
2016,59,M,22356,2067741,0.010812,0.989188,87383.10278,944.79,86910.70973,1748792.139,20.01293252,0.873831028
2016,60,M,22875,1984701,0.011526,0.988474,86438.33424,996.29,85940.19012,1661881.43,19.22620842,0.864383342
2016,61,M,24337,1961475,0.012407,0.987593,85442.0749,1060.08,84912.03499,1575941.239,18.44455722,0.854420749
2016,62,M,24890,1867184,0.01333,0.98667,84381.9524,1124.81,83819.54669,1491029.204,17.67000125,0.843819524
2016,63,M,25337,1788512,0.014167,0.985833,83257.12122,1179.50,82667.3694,1407209.658,16.90197352,0.832571212
2016,64,M,26295,1713760,0.015343,0.984657,82077.65713,1259.32,81447.99838,1324542.288,16.13767175,0.820776571
2016,65,M,26756,1651159,0.016204,0.983796,80818.30226,1309.58,80163.51238,1243094.29,15.38134625,0.808183023
2016,66,M,27052,1609408,0.016809,0.983191,79508.69217,1336.46,78840.46137,1162930.778,14.62646091,0.795086922
2016,67,M,28132,1553893,0.018104,0.981896,78172.25719,1415.23,77464.64192,1084090.316,13.86796743,0.781722572
2016,68,M,29863,1532242,0.01949,0.98051,76757.01049,1495.99,76009.01342,1006625.674,13.11444607,0.767570105
2016,69,M,32586,1590217,0.020492,0.979508,75261.03622,1542.25,74489.91164,930616.6609,12.36518533,0.752610362
2016,70,M,26854,1161594,0.023118,0.976882,73718.82147,1704.23,72866.70561,856126.7493,11.61340798,0.737188215
2016,71,M,28167,1135596,0.024804,0.975196,72014.57262,1786.25,71121.44789,783260.0437,10.87641036,0.720145726
2016,72,M,29906,1094469,0.027325,0.972675,70228.34366,1918.99,69268.84891,712138.5958,10.14033022,0.702283437
2016,73,M,32437,1108935,0.029251,0.970749,68309.37761,1998.12,67310.31881,642869.7469,9.411149236,0.683093776
2016,74,M,30989,953596,0.032497,0.967503,66311.2882,2154.92,65233.82923,575559.4281,8.679659884,0.663112882
2016,75,M,30756,856476,0.03591,0.96409,64156.37091,2303.86,63004.44327,510325.5988,7.954402526,0.641563709
2016,76,M,30677,799334,0.038378,0.961622,61852.51961,2373.78,60665.63161,447321.1556,7.232060365,0.618525196
2016,77,M,31459,743645,0.042304,0.957696,59478.73125,2516.19,58220.63713,386655.524,6.500735907,0.594787313
2016,78,M,31783,696383,0.04564,0.95436,56962.55565,2599.77,55662.67013,328434.8868,5.765803221,0.569625557
2016,79,M,32176,627781,0.051254,0.948746,54362.77808,2786.31,52969.62317,272772.2167,5.017628354,0.543627781
2016,80,M,33035,584947,0.056475,0.943525,51576.49313,2912.78,50120.10191,219802.5935,4.261681634,0.515764931
2016,81,M,33672,544044,0.061892,0.938108,48663.70027,3011.89,47157.7534,169682.4916,3.486839075,0.486637003
2016,82,M,32898,474695,0.069303,0.930697,45651.80396,3163.81,44069.90048,122524.7382,2.683896968,0.45651804
2016,83,M,33700,443081,0.076058,0.923942,42487.97656,3231.55,40872.2013,78454.83776,1.846518571,0.424879766
2016,84,M,34663,406488,0.085274,0.914726,39256.4121,3347.55,37582.63646,37582.63646,0.957363,0.392564121
2016,20,T,3503,4286221,0.000817,0.999183,100000,81.70,99959.15,5656938.016,56.56938016,1
2016,21,T,4182,4386854,0.000953,0.999047,99918.273,95.22,99870.66194,5556978.866,55.61524133,0.99918273
2016,22,T,4382,4480904,0.000978,0.999022,99823.02063,97.63,99774.20717,5457108.204,54.66783283,0.998230206
2016,23,T,4722,4552952,0.001037,0.998963,99725.40094,103.42,99673.69332,5357333.997,53.72085694,0.997254009
2016,24,T,4974,4674097,0.001064,0.998936,99621.9728,106.00,99568.97391,5257660.304,52.77611109,0.996219728
2016,25,T,5303,4758352,0.001114,0.998886,99515.95881,110.86,99460.52842,5158091.33,51.83180056,0.995159588
2016,26,T,5274,4747254,0.001111,0.998889,99405.0521,110.44,99349.83259,5058630.801,50.88907148,0.994050521
2016,27,T,5463,4559206,0.001198,0.998802,99294.61726,118.95,99235.13978,4959280.969,49.9451139,0.992946173
2016,28,T,5594,4451507,0.001257,0.998743,99175.63898,124.66,99113.30709,4860045.829,49.00443172,0.99175639
2016,29,T,5419,4374565,0.001239,0.998761,99051.00961,122.72,98989.64751,4760932.522,48.06546183,0.990510096
2016,30,T,5685,4392155,0.001294,0.998706,98928.31,128.01,98864.30338,4661942.874,47.12445684,0.9892831
2016,31,T,5918,4423807,0.001338,0.998662,98800.26182,132.19,98734.16444,4563078.571,46.18488339,0.988002618
2016,32,T,6124,4283076,0.00143,0.99857,98668.0906,141.10,98597.54292,4464344.407,45.24608087,0.986680906
2016,33,T,6241,4345786,0.001436,0.998564,98527.01363,141.48,98456.27123,4365746.864,44.31015112,0.985270136
2016,34,T,6595,4341535,0.001519,0.998481,98385.51861,149.45,98310.79481,4267290.592,43.37315748,0.983855186
2016,35,T,6786,4293125,0.001581,0.998419,98236.06629,155.31,98158.41068,4168979.798,42.43838292,0.982360663
2016,36,T,7025,4375562,0.001606,0.998394,98080.7878,157.52,98002.02893,4070821.387,41.50477864,0.980807878
2016,37,T,7001,4103498,0.001706,0.998294,97923.31831,167.06,97839.78972,3972819.358,40.57071826,0.979233183
2016,38,T,7173,4022119,0.001783,0.998217,97756.25081,174.30,97669.10111,3874979.568,39.63919991,0.977562508
2016,39,T,7292,3979601,0.001832,0.998168,97581.91345,178.77,97492.52842,3777310.467,38.70912481,0.975819135
2016,40,T,7336,3862150,0.001899,0.998101,97403.10977,184.97,97310.62552,3679817.939,37.77926544,0.974031098
2016,41,T,7790,3979596,0.001957,0.998043,97218.09645,190.26,97122.96854,3582507.313,36.85021044,0.972180965
2016,42,T,8088,3854553,0.002098,0.997902,97027.79347,203.56,96926.01131,3485384.345,35.92150476,0.970277935
2016,43,T,9203,3912307,0.002352,0.997648,96824.20026,227.73,96710.335,3388458.333,34.99598576,0.968242003
2016,44,T,10098,4087645,0.00247,0.99753,96596.43871,238.59,96477.14211,3291747.998,34.07732254,0.965964387
2016,45,T,11486,4319616,0.002659,0.997341,96357.80966,256.22,96229.70195,3195270.856,33.16047622,0.963578097
2016,46,T,12359,4371961,0.002827,0.997173,96101.5911,271.68,95965.7515,3099041.154,32.24755302,0.961015911
2016,47,T,12731,4142964,0.003073,0.996927,95829.92363,294.49,95682.68095,3003075.403,31.33755396,0.958299236
2016,48,T,13766,4055074,0.003395,0.996605,95535.44587,324.34,95373.27445,2907392.722,30.43260745,0.955354459
2016,49,T,15243,4058008,0.003756,0.996244,95211.12604,357.61,95032.31955,2812019.447,29.5345677,0.95211126
2016,50,T,17000,4131293,0.004115,0.995885,94853.48672,390.32,94658.32567,2716987.128,28.64404063,0.948534867
2016,51,T,19217,4375892,0.004392,0.995608,94463.17084,414.88,94255.72972,2622328.802,27.76033007,0.944631708
2016,52,T,21811,4452636,0.004898,0.995102,94048.32999,460.65,93818.00563,2528073.072,26.88057377,0.9404833
2016,53,T,23890,4445605,0.005374,0.994626,93587.63926,502.94,93336.16927,2434255.067,26.01043349,0.935876393
2016,54,T,26013,4433630,0.005867,0.994133,93084.71363,546.13,92811.64962,2340918.898,25.14826341,0.930847136
2016,55,T,28547,4484565,0.006366,0.993634,92538.56687,589.10,92244.01661,2248107.248,24.29373313,0.925385669
2016,56,T,30214,4518758,0.006686,0.993314,91949.50227,614.77,91642.11508,2155863.231,23.44616532,0.919495023
2016,57,T,32470,4362807,0.007442,0.992558,91334.69567,679.71,90994.83927,2064221.116,22.60062401,0.913346957
2016,58,T,34271,4332953,0.007909,0.992091,90654.9412,716.99,90296.44624,1973226.277,21.76634005,0.906549412
2016,59,T,36644,4281025,0.00856,0.99144,89937.91623,769.87,89552.98195,1882929.831,20.93588455,0.899379162
2016,60,T,37767,4123968,0.009158,0.990842,89168.08073,816.60,88759.78009,1793376.849,20.1123186,0.891680807
2016,61,T,39615,4083962,0.0097,0.9903,88351.48591,857.01,87922.9812,1704617.069,19.29358687,0.883514859
2016,62,T,41181,3911429,0.010528,0.989472,87494.4642,921.14,87033.89334,1616694.087,18.47767287,0.874944642
2016,63,T,42032,3757382,0.011187,0.988813,86573.28948,968.50,86089.04179,1529660.194,17.66896237,0.865732895
2016,64,T,43704,3606295,0.012119,0.987881,85604.83631,1037.45,85086.1138,1443571.152,16.86319622,0.856048363
2016,65,T,44690,3490890,0.012802,0.987198,84567.40765,1082.63,84026.09167,1358485.039,16.06393144,0.845674077
2016,66,T,45693,3403647,0.013425,0.986575,83484.78476,1120.78,82924.39314,1274458.947,15.2657631,0.834847848
2016,67,T,48292,3295266,0.014655,0.985345,82364.02509,1207.04,81760.5027,1191534.554,14.46668679,0.823640251
2016,68,T,51462,3251936,0.015825,0.984175,81156.98338,1284.31,80514.82875,1109774.051,13.67441229,0.811569834
2016,69,T,56518,3378344,0.016729,0.983271,79872.67131,1336.19,79204.57635,1029259.222,12.88625015,0.798726713
2016,70,T,47247,2487211,0.018996,0.981004,78536.44159,1491.88,77790.50247,950054.646,12.09699124,0.785364416
2016,71,T,49651,2445650,0.020302,0.979698,77044.56525,1564.16,76262.48587,872264.1435,11.32155319,0.770445653
2016,72,T,53448,2371252,0.02254,0.97746,75480.42495,1701.33,74629.76056,796001.6576,10.54580255,0.75480425
2016,73,T,58670,2413647,0.024308,0.975692,73779.09681,1793.42,72882.38567,721371.8971,9.777456329,0.737790968
2016,74,T,56409,2092487,0.026958,0.973042,71985.703,1940.59,71015.40771,648489.5114,9.0085876,0.71985703
2016,75,T,56464,1900211,0.029715,0.970285,70045.12152,2081.39,69004.42613,577474.1037,8.244315823,0.700451215
2016,76,T,56578,1784266,0.031709,0.968291,67963.75911,2155.06,66886.22769,508469.6776,7.481482546,0.679637591
2016,77,T,59044,1664566,0.035471,0.964529,65808.66925,2334.30,64641.5196,441583.4499,6.710110612,0.658086693
2016,78,T,60728,1578915,0.038462,0.961538,63474.36285,2441.35,62253.68738,376941.9303,5.938490965,0.634743629
2016,79,T,62081,1439937,0.043114,0.956886,61033.0211,2631.38,59717.33226,314688.2429,5.156032541,0.610330211
2016,80,T,64987,1358260,0.047846,0.952154,58401.66224,2794.29,57004.51927,254970.9106,4.365815986,0.584016622
2016,81,T,67240,1284298,0.052355,0.947645,55607.38955,2911.32,54151.72711,197966.3914,3.560073453,0.556073896
2016,82,T,67120,1135109,0.059131,0.940869,52696.03964,3115.97,51138.05488,143814.6642,2.729136103,0.526960396
2016,83,T,69758,1079082,0.064646,0.935354,49580.07616,3205.15,47977.49936,92676.60936,1.869230879,0.495800762
2016,84,T,72916,1008890,0.072273,0.927727,46374.93795,3351.66,44699.11,44699.11,0.9638635,0.46374938
2017,20,F,904,2089336,0.000433,0.999567,100000,43.30,99978.35,5829925.568,58.29925568,1
2017,21,F,1028,2104329,0.000489,0.999511,99956.73267,48.88,99932.29325,5729947.218,57.32427486,0.999567327
2017,22,F,1087,2150615,0.000505,0.999495,99907.90213,50.45,99882.67538,5630014.925,56.35204828,0.999079021
2017,23,F,1207,2196524,0.00055,0.99945,99857.40499,54.92,99829.9442,5530132.249,55.38029203,0.99857405
2017,24,F,1259,2228689,0.000565,0.999435,99802.53289,56.39,99774.33867,5430302.305,54.41046583,0.998025329
2017,25,F,1413,2295484,0.000616,0.999384,99746.15383,61.44,99715.43201,5330527.967,53.44093744,0.997461538
2017,26,F,1413,2350352,0.000601,0.999399,99684.75444,59.91,99654.79917,5230812.535,52.47354587,0.996847544
2017,27,F,1665,2351456,0.000708,0.999292,99624.82531,70.53,99589.55812,5131157.735,51.50481037,0.996248253
2017,28,F,1745,2260383,0.000772,0.999228,99554.28377,76.86,99515.85582,5031568.177,50.54095099,0.995542838
2017,29,F,1655,2210555,0.000749,0.999251,99477.42855,74.51,99440.17425,4932052.321,49.57961211,0.994774286
2017,30,F,1786,2174279,0.000821,0.999179,99402.95171,81.61,99362.1468,4832612.147,48.61638477,0.994029517
2017,31,F,1916,2183649,0.000877,0.999123,99321.29997,87.10,99277.74758,4733250,47.65594089,0.993213
2017,32,F,2028,2204770,0.00092,0.99908,99234.15244,91.30,99188.50473,4633972.253,46.69735307,0.992341524
2017,33,F,2166,2142863,0.001011,0.998989,99142.8745,100.23,99092.75778,4534783.748,45.7398857,0.991428745
2017,34,F,2279,2177520,0.001047,0.998953,99042.66116,103.70,98990.81233,4435690.99,44.78566042,0.990426612
2017,35,F,2385,2179052,0.001095,0.998905,98939.00277,108.34,98884.83367,4336700.178,43.83205871,0.989390028
2017,36,F,2460,2157640,0.00114,0.99886,98830.71278,112.67,98774.37927,4237815.344,42.87953841,0.988307128
2017,37,F,2662,2190170,0.001215,0.998785,98718.03246,119.94,98658.06126,4139040.965,41.92791187,0.987180325
2017,38,F,2519,2063849,0.001221,0.998779,98598.04753,120.39,98537.85342,4040382.904,40.97832569,0.985980475
2017,39,F,2770,2025301,0.001368,0.998632,98477.70516,134.72,98410.34641,3941845.05,40.02779151,0.984777052
2017,40,F,2898,2009156,0.001442,0.998558,98343.0174,141.81,98272.11208,3843434.704,39.08192778,0.983430174
2017,41,F,2956,1948683,0.001517,0.998483,98201.16776,148.97,98126.68217,3745162.592,38.13765841,0.982011678
2017,42,F,3277,2003193,0.001636,0.998364,98052.20425,160.41,97971.99755,3647035.91,37.19483858,0.980522043
2017,43,F,3436,1947353,0.001764,0.998236,97891.8018,172.68,97805.46123,3549063.912,36.25496565,0.978918018
2017,44,F,3641,1981873,0.001837,0.998163,97719.07696,179.51,97629.32199,3451258.451,35.31816466,0.97719077
2017,45,F,4140,2066554,0.002003,0.997997,97539.55226,195.37,97441.8664,3353629.129,34.38224855,0.975395523
2017,46,F,4863,2183846,0.002227,0.997773,97344.14786,216.79,97235.75515,3256187.262,33.45026213,0.973441479
2017,47,F,5251,2201202,0.002386,0.997614,97127.38139,231.75,97011.50842,3158951.507,32.5237998,0.971273814
2017,48,F,5441,2089271,0.002604,0.997396,96895.68258,252.32,96769.5244,3061939.999,31.60037596,0.968956826
2017,49,F,5780,2046810,0.002824,0.997176,96643.34126,272.92,96506.88086,2965170.474,30.68158071,0.966433413
2017,50,F,6490,2053593,0.00316,0.99684,96370.4295,304.53,96218.16422,2868663.594,29.76705208,0.963704295
2017,51,F,7200,2089015,0.003447,0.996553,96065.86862,331.14,95900.2991,2772445.429,28.85983825,0.960658686
2017,52,F,8160,2214239,0.003685,0.996315,95734.76796,352.78,95558.37665,2676545.13,27.95792153,0.95734768
2017,53,F,9047,2261664,0.004,0.996,95381.96245,381.53,95191.19853,2580986.754,27.0594847,0.953819625
2017,54,F,9966,2262401,0.004405,0.995595,95000.42009,418.48,94791.18166,2485795.555,26.16615329,0.950004201
2017,55,F,10959,2258814,0.004852,0.995148,94581.93805,458.91,94352.48227,2391004.373,25.27971432,0.945819381
2017,56,F,11882,2290060,0.005189,0.994811,94123.05855,488.40,93878.85627,2296651.891,24.40052338,0.941230586
2017,57,F,12929,2303341,0.005613,0.994387,93634.70008,525.57,93371.91429,2202773.035,23.52517852,0.936347001
2017,58,F,13554,2232903,0.00607,0.99393,93109.11441,565.17,92826.52825,2109401.121,22.6551518,0.931091144
2017,59,F,14387,2222318,0.006474,0.993526,92543.93046,599.13,92244.36576,2016574.592,21.7904576,0.925439305
2017,60,F,15369,2202546,0.006978,0.993022,91944.81299,641.59,91624.01754,1924330.227,20.92918746,0.91944813
2017,61,F,15902,2128409,0.007471,0.992529,91303.23736,682.13,90962.17412,1832706.209,20.07274071,0.913032374
2017,62,F,16467,2111180,0.0078,0.9922,90621.08272,706.84,90267.6605,1741744.035,19.22007531,0.906210827
2017,63,F,17301,2032205,0.008513,0.991487,89914.24703,765.44,89531.52704,1651476.374,18.367238,0.89914247
2017,64,F,17921,1956079,0.009162,0.990838,89148.76993,816.78,88740.37941,1561944.847,17.52065507,0.891487699
2017,65,F,18620,1878995,0.00991,0.99009,88332.01606,875.37,87894.33092,1473204.468,16.67803514,0.883320161
2017,66,F,19061,1825058,0.010444,0.989556,87456.68529,913.40,86999.98648,1385310.137,15.83995703,0.874566853
2017,67,F,19936,1778116,0.011212,0.988788,86543.28315,970.32,86058.1215,1298310.151,15.00185922,0.865432832
2017,68,F,21697,1723919,0.012586,0.987414,85572.97138,1077.02,85034.46067,1212252.029,14.16629585,0.855729714
2017,69,F,23515,1700425,0.013829,0.986171,84495.9621,1168.49,83911.71477,1127217.568,13.34049037,0.844959621
2017,70,F,25874,1765955,0.014652,0.985348,83327.47625,1220.91,82717.01916,1043305.854,12.52055025,0.833274763
2017,71,F,21865,1307666,0.016721,0.983279,82106.59852,1372.90,81420.1463,960588.8345,11.69928912,0.821065985
2017,72,F,23530,1290521,0.018233,0.981767,80733.72443,1472.02,79997.71543,879168.6882,10.88973282,0.807337244
2017,73,F,25389,1255382,0.020224,0.979776,79261.71077,1602.99,78460.21635,799170.9728,10.08268639,0.792617108
2017,74,F,28192,1280269,0.02202,0.97798,77658.71218,1710.04,76803.68976,720710.7564,9.280488128,0.776587122
2017,75,F,27378,1115294,0.024548,0.975452,75948.63843,1864.39,75016.44484,643907.0667,8.478191051,0.759486384
2017,76,F,27440,1019726,0.026909,0.973091,74084.2674,1993.53,73087.50062,568890.6218,7.678966693,0.740842674
2017,77,F,28187,959502,0.029377,0.970623,72090.71982,2117.81,71031.81528,495803.1212,6.877488843,0.720907198
2017,78,F,29753,894185,0.033274,0.966726,69972.93255,2328.28,68808.79287,424771.3059,6.070508845,0.699729326
2017,79,F,31235,853738,0.036586,0.963414,67644.66194,2474.85,66407.23814,355962.5131,5.262240994,0.676446619
2017,80,F,32267,782413,0.04124,0.95876,65169.80312,2687.60,63826.00178,289555.2749,4.443089607,0.651698031
2017,81,F,33792,741699,0.04556,0.95444,62482.17646,2846.69,61058.83248,225729.2731,3.612698628,0.624821765
2017,82,F,35949,706475,0.050885,0.949115,59635.4722,3034.55,58118.1967,164670.4407,2.761283421,0.596354722
2017,83,F,36345,626409,0.058021,0.941979,56600.91954,3284.04,54958.89856,106552.244,1.882517896,0.566009195
2017,84,F,38742,599235,0.064652,0.935348,53316.86643,3447.04,51593.34541,51593.34541,0.967674,0.533168664
2017,20,M,2633,2187409,0.001204,0.998796,100000,120.40,99939.8,5481504.029,54.81504029,1
2017,21,M,2864,2213975,0.001294,0.998706,99879.62928,129.24,99815.00716,5381564.229,53.88049863,0.998796293
2017,22,M,3115,2270148,0.001372,0.998628,99750.4249,136.86,99681.99611,5281749.222,52.94964134,0.997504249
2017,23,M,3387,2318784,0.001461,0.998539,99613.55164,145.54,99540.78394,5182067.225,52.0217093,0.996135516
2017,24,M,3655,2358826,0.001549,0.998451,99468.04817,154.08,99391.01017,5082526.442,51.09707625,0.994680482
2017,25,M,3851,2413370,0.001596,0.998404,99313.92247,158.51,99234.66996,4983135.431,50.17559782,0.993139225
2017,26,M,4102,2443974,0.001678,0.998322,99155.44784,166.38,99072.25642,4883900.761,49.25499171,0.991554478
2017,27,M,4147,2432679,0.001705,0.998295,98989.02396,168.78,98904.63582,4784828.505,48.33696014,0.98989024
2017,28,M,4170,2335023,0.001786,0.998214,98820.27687,176.49,98732.03036,4685923.869,47.41864744,0.988202769
2017,29,M,4115,2277184,0.001807,0.998193,98643.79872,178.25,98554.67405,4587191.839,46.50258707,0.986437987
2017,30,M,4033,2236352,0.001803,0.998197,98465.54381,177.53,98376.77712,4488637.165,45.5858668,0.984655438
2017,31,M,4244,2241759,0.001893,0.998107,98287.97268,186.06,98194.94311,4390260.388,44.66732061,0.982879727
2017,32,M,4432,2248948,0.001971,0.998029,98101.8982,193.36,98005.21878,4292065.445,43.75109476,0.981018982
2017,33,M,4453,2168114,0.002054,0.997946,97908.56886,201.10,97808.01676,4194060.226,42.83649812,0.979085689
2017,34,M,4602,2193958,0.002098,0.997902,97707.47849,204.99,97604.98335,4096252.209,41.92363033,0.977074785
2017,35,M,4661,2185895,0.002132,0.997868,97502.52934,207.88,97398.59164,3998647.226,41.01070252,0.975025293
2017,36,M,4809,2156347,0.00223,0.99777,97294.62398,216.97,97186.14047,3901248.634,40.09726822,0.97294624
2017,37,M,4920,2204181,0.002232,0.997768,97077.64135,216.68,96969.3027,3804062.494,39.18577378,0.970776414
2017,38,M,4831,2056619,0.002349,0.997651,96860.95225,227.53,96747.18906,3707093.191,38.27231825,0.968609523
2017,39,M,4884,2012943,0.002426,0.997574,96633.42578,234.43,96516.20943,3610346.002,37.36125438,0.966334258
2017,40,M,5074,1985267,0.002556,0.997444,96398.96428,246.40,96275.7664,3513829.792,36.45090815,0.963989643
2017,41,M,5045,1927055,0.002618,0.997382,96152.58515,251.73,96026.72142,3417554.026,35.543028,0.961525852
2017,42,M,5236,1987507,0.002634,0.997366,95900.85918,252.60,95774.55775,3321527.304,34.63501092,0.959008592
2017,43,M,5464,1916102,0.002852,0.997148,95648.21257,272.79,95511.81822,3225752.747,33.72517541,0.956482126
2017,44,M,5868,1937184,0.003029,0.996971,95375.45996,288.89,95231.01383,3130240.929,32.82019222,0.9537546
2017,45,M,6870,2025025,0.003393,0.996607,95086.55441,322.63,94925.24007,3035009.915,31.91839197,0.950865544
2017,46,M,7680,2136737,0.003594,0.996406,94763.96845,340.58,94593.6776,2940084.675,31.02534352,0.947639685
2017,47,M,8282,2169762,0.003817,0.996183,94423.3616,360.41,94243.15461,2845490.997,30.13545534,0.944233616
2017,48,M,8450,2050739,0.00412,0.99588,94062.94682,387.54,93869.17715,2751247.842,29.24900756,0.940629468
2017,49,M,8941,2003912,0.004462,0.995538,93675.36366,417.98,93466.37392,2657378.665,28.36795675,0.936753637
2017,50,M,9935,1997485,0.004974,0.995026,93257.40548,463.86,93025.47431,2563912.291,27.49285462,0.932574055
2017,51,M,11297,2032379,0.005559,0.994441,92793.56604,515.84,92535.64632,2470886.817,26.62778167,0.92793566
2017,52,M,12566,2148966,0.005847,0.994153,92277.77202,539.55,92007.99795,2378351.171,25.77382525,0.92277772
2017,53,M,14244,2175762,0.006547,0.993453,91738.18113,600.61,91437.87619,2286343.173,24.92248205,0.917381811
2017,54,M,15539,2165590,0.007175,0.992825,91137.60136,653.91,90810.64522,2194905.297,24.08342181,0.911376014
2017,55,M,17001,2154452,0.007891,0.992109,90483.65154,714.01,90126.64829,2104094.651,23.25386537,0.904836515
2017,56,M,18374,2171286,0.008462,0.991538,89769.63584,759.63,89389.82051,2013968.003,22.43484653,0.897696358
2017,57,M,19776,2190232,0.009029,0.990971,89009.98129,803.67,88608.14573,1924578.183,21.62204906,0.890099813
2017,58,M,20854,2102988,0.009916,0.990084,88206.2941,874.65,87768.96729,1835970.037,20.81450145,0.882062941
2017,59,M,22382,2081562,0.010753,0.989247,87331.60815,939.08,86862.06976,1748201.07,20.01796493,0.873316082
2017,60,M,23683,2047375,0.011567,0.988433,86392.57484,999.30,85892.92338,1661339,19.23011327,0.863925748
2017,61,M,24309,1963253,0.012382,0.987618,85393.22917,1057.34,84864.55969,1575446.076,18.44930906,0.853932292
2017,62,M,25388,1938979,0.013093,0.986907,84335.89014,1104.21,83783.78524,1490581.517,17.6743438,0.843358901
2017,63,M,26512,1843702,0.01438,0.98562,83231.6391,1196.87,82633.20361,1406797.731,16.90219905,0.832316391
2017,64,M,27056,1763974,0.015338,0.984662,82034.78776,1258.25,81405.66297,1324164.528,16.14150001,0.820347878
2017,65,M,27527,1688983,0.016298,0.983702,80776.53043,1316.50,80118.28248,1242758.865,15.38514787,0.807765304
2017,66,M,27805,1626011,0.0171,0.9829,79460.03668,1358.77,78780.65337,1162640.582,14.63176498,0.794600367
2017,67,M,28708,1583631,0.018128,0.981872,78101.2597,1415.82,77393.34988,1083859.929,13.87762417,0.781012597
2017,68,M,29696,1527330,0.019443,0.980557,76685.44316,1491.00,75939.94562,1006466.579,13.12461059,0.766854432
2017,69,M,31522,1503913,0.02096,0.97904,75194.44192,1576.08,74406.40417,930526.6335,12.37493902,0.751944419
2017,70,M,34188,1558707,0.021934,0.978066,73618.36725,1614.75,72810.99462,856120.2293,11.62916622,0.736183673
2017,71,M,28792,1136177,0.025341,0.974659,72003.65406,1824.64,71091.33176,783309.2347,10.87874282,0.720036541
2017,72,M,29455,1108765,0.026566,0.973434,70179.00068,1864.38,69246.81301,712217.903,10.14858998,0.701790007
2017,73,M,31658,1066091,0.029695,0.970305,68314.65389,2028.60,67300.35207,642971.0899,9.41190584,0.683146539
2017,74,M,34580,1077532,0.032092,0.967908,66286.02284,2127.25,65222.39732,575670.7379,8.68464743,0.662860228
2017,75,M,32363,923942,0.035027,0.964973,64158.78145,2247.29,63035.13663,510448.3406,7.956016761,0.641587815
2017,76,M,31884,827432,0.038534,0.961466,61911.486,2385.70,60718.6374,447413.2039,7.226659104,0.61911486
2017,77,M,32283,769612,0.041947,0.958053,59525.80861,2496.93,58277.34406,386694.5665,6.496250543,0.595258086
2017,78,M,32945,713055,0.046203,0.953797,57028.87291,2634.91,55711.4204,328417.2225,5.758788587,0.570288729
2017,79,M,34030,664775,0.05119,0.94881,54393.9903,2784.43,53001.77612,272705.8021,5.013528159,0.543939903
2017,80,M,33752,596081,0.056623,0.943377,51609.54821,2922.29,50148.40449,219704.0259,4.257042225,0.516095482
2017,81,M,34438,552132,0.062373,0.937627,48687.25162,3036.77,47168.86665,169555.6215,3.482546577,0.486872516
2017,82,M,35325,510165,0.069242,0.930758,45650.49307,3160.93,44070.02735,122386.7548,2.680951433,0.456504931
2017,83,M,34510,441701,0.07813,0.92187,42489.54776,3319.71,40829.69358,78316.72746,1.843199836,0.424895478
2017,84,M,35141,408980,0.085924,0.914076,39169.84893,3365.63,37487.03388,37487.03388,0.957038,0.391698489
2017,20,T,3537,4276745,0.000827,0.999173,100000,82.70,99958.65,5655482.51,56.5548251,1
2017,21,T,3892,4318304,0.000901,0.999099,99917.29692,90.03,99872.28418,5555523.86,55.60122253,0.999172969
2017,22,T,4202,4420763,0.000951,0.999049,99827.24348,94.94,99779.77563,5455651.576,54.6509288,0.998272435
2017,23,T,4594,4515308,0.001017,0.998983,99732.35622,101.43,99681.64232,5355871.8,53.70244927,0.997323562
2017,24,T,4914,4587515,0.001071,0.998929,99630.88575,106.70,99577.53341,5256190.158,52.75663383,0.996308858
2017,25,T,5264,4708854,0.001118,0.998882,99524.16431,111.27,99468.5303,5156612.625,51.81266942,0.995241643
2017,26,T,5515,4794326,0.00115,0.99885,99412.90684,114.32,99355.74442,5057144.094,50.8700958,0.994129068
2017,27,T,5812,4784135,0.001215,0.998785,99298.55037,120.65,99238.2265,4957788.35,49.928104,0.992985504
2017,28,T,5915,4595406,0.001287,0.998713,99177.91766,127.64,99114.09667,4858550.123,48.98822478,0.991779177
2017,29,T,5770,4487739,0.001286,0.998714,99050.26031,127.38,98986.57099,4759436.027,48.050717,0.990502603
2017,30,T,5819,4410631,0.001319,0.998681,98922.90887,130.48,98857.66921,4660449.456,47.11193301,0.989229089
2017,31,T,6160,4425408,0.001392,0.998608,98792.39865,137.52,98723.63914,4561591.787,46.17350979,0.987923987
2017,32,T,6460,4453718,0.00145,0.99855,98654.88338,143.05,98583.35859,4462868.147,45.23717422,0.986548834
2017,33,T,6619,4310977,0.001535,0.998465,98511.78709,151.22,98436.17929,4364284.789,44.30215833,0.985117871
2017,34,T,6881,4371478,0.001574,0.998426,98360.53378,154.82,98283.12404,4265848.61,43.36951464,0.983605338
2017,35,T,7046,4364947,0.001614,0.998386,98205.7077,158.50,98126.45569,4167565.486,42.43710048,0.982057077
2017,36,T,7269,4313987,0.001685,0.998315,98047.18174,165.21,97964.57699,4069439.03,41.50490568,0.980471817
2017,37,T,7582,4394351,0.001725,0.998275,97881.97378,168.85,97797.55058,3971474.453,40.57411492,0.978819738
2017,38,T,7350,4120468,0.001784,0.998216,97713.08852,174.32,97625.92845,3873676.902,39.64337799,0.977130885
2017,39,T,7654,4038244,0.001895,0.998105,97538.79007,184.84,97446.37207,3776050.974,38.71332596,0.975387901
2017,40,T,7972,3994423,0.001996,0.998004,97353.91716,194.32,97256.75795,3678604.602,37.78589202,0.973539172
2017,41,T,8001,3875738,0.002064,0.997936,97159.61991,200.54,97059.35118,3581347.844,36.86045548,0.971596199
2017,42,T,8513,3990700,0.002133,0.997867,96959.04543,206.81,96855.63861,3484288.493,35.9356724,0.969590454
2017,43,T,8900,3863455,0.002304,0.997696,96752.21145,222.92,96640.7529,3387432.854,35.01142561,0.967522115
2017,44,T,9509,3919057,0.002426,0.997574,96529.32942,234.18,96412.23934,3290792.101,34.09111118,0.965293294
2017,45,T,11010,4091579,0.002691,0.997309,96295.11558,259.13,96165.5505,3194379.862,33.172813,0.962951156
2017,46,T,12543,4320583,0.002903,0.997097,96035.99576,278.79,95896.59951,3098214.311,32.2609693,0.960359958
2017,47,T,13533,4370964,0.003096,0.996904,95757.19554,296.46,95608.9634,3002317.712,31.35344237,0.957571955
2017,48,T,13891,4140010,0.003355,0.996645,95460.72041,320.27,95300.58505,2906708.748,30.44926474,0.954607204
2017,49,T,14721,4050722,0.003634,0.996366,95140.42049,345.74,94967.55035,2811408.163,29.55009184,0.951404205
2017,50,T,16425,4051078,0.004054,0.995946,94794.66432,384.30,94602.51554,2716440.613,28.65604971,0.947946643
2017,51,T,18497,4121394,0.004488,0.995512,94410.32159,423.71,94198.46483,2621838.097,27.77067225,0.944103216
2017,52,T,20726,4363205,0.00475,0.99525,93986.60386,446.44,93763.38568,2527639.633,26.89361599,0.939866039
2017,53,T,23291,4437426,0.005249,0.994751,93540.15077,490.99,93294.65464,2433876.247,26.01958867,0.935401508
2017,54,T,25505,4427991,0.00576,0.99424,93049.18063,535.96,92781.19899,2340581.592,25.15424184,0.930491806
2017,55,T,27960,4413266,0.006335,0.993665,92513.22215,586.07,92220.18652,2247800.393,24.29707172,0.925132222
2017,56,T,30256,4461346,0.006782,0.993218,91927.1098,623.45,91615.38497,2155580.207,23.44879776,0.919271098
2017,57,T,32705,4493573,0.007278,0.992722,91303.67763,664.51,90971.42355,2063964.822,22.60549493,0.913036776
2017,58,T,34408,4335891,0.007936,0.992064,90639.1537,719.31,90279.49754,1972993.398,21.76756201,0.906391537
2017,59,T,36769,4303880,0.008543,0.991457,89919.87547,768.19,89535.78272,1882713.901,20.93768359,0.899198755
2017,60,T,39052,4249921,0.009189,0.990811,89151.67006,819.21,88742.06271,1793178.118,20.11379166,0.891516701
2017,61,T,40211,4091662,0.009828,0.990172,88332.46636,868.13,87898.40062,1704436.055,19.2956919,0.883324664
2017,62,T,41855,4050159,0.010334,0.989666,87464.37491,903.86,87012.44648,1616537.655,18.48224098,0.874643749
2017,63,T,43813,3875907,0.011304,0.988696,86560.50387,978.48,86071.2639,1529525.208,17.67001276,0.865605039
2017,64,T,44977,3720053,0.01209,0.98791,85582.02958,1034.69,85064.68621,1443453.944,16.86632055,0.855820296
2017,65,T,46147,3567978,0.012934,0.987066,84547.30697,1093.53,84000.53954,1358389.258,16.06661769,0.84547307
2017,66,T,46866,3451069,0.01358,0.98642,83453.80119,1133.30,82887.14988,1274388.719,15.27058924,0.834538012
2017,67,T,48644,3361747,0.01447,0.98553,82320.48689,1191.18,81724.89817,1191501.569,14.47393734,0.823204869
2017,68,T,51393,3251249,0.015807,0.984193,81129.32118,1282.41,80488.11559,1109776.67,13.67910706,0.811293212
2017,69,T,55037,3204338,0.017176,0.982824,79846.89734,1371.45,79161.17219,1029288.555,12.89077709,0.798468973
2017,70,T,60062,3324662,0.018066,0.981934,78475.46471,1417.74,77766.59584,950127.3827,12.1073177,0.784754647
2017,71,T,50657,2443843,0.020728,0.979272,77057.75868,1597.25,76259.13207,872360.7869,11.32086894,0.770577587
2017,72,T,52985,2399286,0.022084,0.977916,75460.47323,1666.47,74627.23868,796101.6548,10.54991601,0.754604732
2017,73,T,57047,2321473,0.024574,0.975426,73794.03031,1813.41,72887.32306,721474.4161,9.776866951,0.737940303
2017,74,T,62772,2357801,0.026623,0.973377,71980.6437,1916.34,71022.47336,648587.0931,9.010576451,0.719806437
2017,75,T,59741,2039236,0.029296,0.970704,70064.29496,2052.60,69037.99317,577564.6197,8.243351625,0.70064295
2017,76,T,59324,1847158,0.032116,0.967884,68011.70711,2184.26,66919.57512,508526.6265,7.47704547,0.680117071
2017,77,T,60470,1729114,0.034972,0.965028,65827.41832,2302.12,64676.36008,441607.0514,6.708557964,0.658274183
2017,78,T,62698,1607240,0.03901,0.96099,63525.32373,2478.12,62286.26229,376930.6913,5.933550106,0.635253237
2017,79,T,65265,1518513,0.04298,0.95702,61047.21794,2623.81,59735.31323,314644.429,5.154115776,0.610472179
2017,80,T,66019,1378494,0.047892,0.952108,58423.4362,2798.02,57024.4286,254909.1158,4.363131175,0.584234362
2017,81,T,68230,1293831,0.052735,0.947265,55625.41399,2933.41,54158.71089,197884.6872,3.557451047,0.55625414
2017,82,T,71274,1216640,0.058583,0.941417,52692.01542,3086.86,51148.58725,143725.9763,2.727661396,0.526920154
2017,83,T,70855,1068110,0.066337,0.933663,49605.17732,3290.66,47959.848,92577.38908,1.866284813,0.496051773
2017,84,T,73883,1008215,0.073281,0.926719,46314.52857,3393.97,44617.54109,44617.54109,0.9633595,0.463145286
2018,20,F,890,2087209,0.000426,0.999574,100000,42.60,99978.7,5837832.709,58.37832709,1
2018,21,F,946,2098900,0.000451,0.999549,99957.35933,45.08,99934.81895,5737854.009,57.40301712,0.999573593
2018,22,F,1010,2115157,0.000478,0.999522,99912.30732,47.76,99888.42828,5637919.19,56.42867572,0.999123073
2018,23,F,1110,2162394,0.000513,0.999487,99864.5986,51.23,99838.98333,5538030.762,55.455395,0.998645986
2018,24,F,1190,2208372,0.000539,0.999461,99813.33611,53.80,99786.43642,5438191.778,54.48361903,0.998133361
2018,25,F,1298,2240559,0.000579,0.999421,99759.55084,57.76,99730.67045,5338405.342,53.51272432,0.997595508
2018,26,F,1458,2307677,0.000632,0.999368,99701.75817,63.01,99670.25241,5238674.672,52.54345327,0.997017582
2018,27,F,1582,2362325,0.00067,0.99933,99638.76618,66.76,99605.38719,5139004.419,51.57635543,0.996387662
2018,28,F,1687,2362288,0.000714,0.999286,99572.04017,71.09,99536.49295,5039399.032,50.61058329,0.995720402
2018,29,F,1807,2270069,0.000796,0.999204,99500.93197,79.20,99461.3306,4939862.539,49.64639467,0.99500932
2018,30,F,1902,2218983,0.000857,0.999143,99421.72813,85.20,99379.12592,4840401.208,48.68554691,0.994217281
2018,31,F,1870,2180487,0.000858,0.999142,99336.50886,85.23,99293.8935,4741022.082,47.72688447,0.993365089
2018,32,F,2064,2188295,0.000943,0.999057,99251.31721,93.59,99204.52021,4641728.189,46.76742153,0.992513172
2018,33,F,2140,2209229,0.000969,0.999031,99157.70336,96.08,99109.66145,4542523.669,45.81110206,0.991577034
2018,34,F,2172,2147153,0.001012,0.998988,99061.65289,100.25,99011.52769,4443414.007,44.85503601,0.990616529
2018,35,F,2393,2180901,0.001097,0.998903,98961.44489,108.56,98907.16454,4344402.48,43.89994997,0.989614449
2018,36,F,2509,2181088,0.00115,0.99885,98852.85916,113.68,98796.01877,4245495.315,42.94762287,0.988528592
2018,37,F,2584,2158541,0.001197,0.998803,98739.14443,118.19,98680.04905,4146699.296,41.99650828,0.987391444
2018,38,F,2711,2190232,0.001238,0.998762,98620.94332,122.09,98559.89696,4048019.247,41.04624343,0.986209433
2018,39,F,2897,2062635,0.001405,0.998595,98498.87343,138.39,98429.67797,3949459.35,40.09649261,0.984988734
2018,40,F,2867,2022766,0.001417,0.998583,98360.53037,139.38,98290.84193,3851029.672,39.1521849,0.983605304
2018,41,F,2987,2006441,0.001489,0.998511,98221.11748,146.25,98147.99186,3752738.83,38.20704678,0.982211175
2018,42,F,3097,1945641,0.001592,0.998408,98074.89515,156.14,97996.82753,3654590.839,37.26326531,0.980748952
2018,43,F,3413,1999241,0.001707,0.998293,97918.78313,167.15,97835.20945,3556594.011,36.32187714,0.979187831
2018,44,F,3546,1942802,0.001825,0.998175,97751.62129,178.40,97662.42294,3458758.802,35.38313489,0.977516213
2018,45,F,4032,1975992,0.00204,0.99796,97573.20514,199.05,97473.68047,3361096.379,34.44691987,0.975732051
2018,46,F,4615,2059393,0.002241,0.997759,97374.10759,218.22,97264.9999,3263622.698,33.51632974,0.973741076
2018,47,F,5077,2175691,0.002334,0.997666,97155.89693,226.76,97042.516,3166357.698,32.59048394,0.971558969
2018,48,F,5463,2192223,0.002492,0.997508,96929.18253,241.55,96808.40877,3069315.182,31.66554284,0.969291825
2018,49,F,5717,2079841,0.002749,0.997251,96687.63588,265.79,96554.73872,2972506.773,30.74340112,0.966876359
2018,50,F,6122,2036538,0.003006,0.996994,96421.86402,289.84,96276.94196,2875952.035,29.82676247,0.96421864
2018,51,F,6938,2042479,0.003397,0.996603,96132.012,326.56,95968.73178,2779675.093,28.91518689,0.96132012
2018,52,F,7568,2077402,0.003643,0.996357,95805.46573,349.02,95630.95607,2683706.361,28.01203815,0.958054657
2018,53,F,8559,2201960,0.003887,0.996113,95456.44529,371.04,95270.92569,2588075.405,27.11263129,0.954564453
2018,54,F,9716,2248978,0.00432,0.99568,95085.40689,410.77,94880.02241,2492804.479,26.21647801,0.950854069
2018,55,F,10576,2248963,0.004703,0.995297,94674.62038,445.25,94451.99301,2397924.457,25.32805991,0.946746204
2018,56,F,11699,2244572,0.005212,0.994788,94229.40239,491.12,93983.84057,2303472.464,24.44536849,0.942294024
2018,57,F,12654,2274643,0.005563,0.994437,93738.26654,521.47,93477.53355,2209488.623,23.5708287,0.937382665
2018,58,F,13478,2287131,0.005893,0.994107,93216.79393,549.33,92942.13065,2116011.09,22.6998913,0.932167939
2018,59,F,14295,2216349,0.00645,0.99355,92667.46993,597.71,92368.61734,2023068.959,21.83149017,0.926674699
2018,60,F,15164,2204821,0.006878,0.993122,92069.78361,633.26,91753.15562,1930700.342,20.96996719,0.920697836
2018,61,F,16209,2184082,0.007421,0.992579,91436.55932,678.55,91097.28397,1838947.186,20.11172774,0.914365593
2018,62,F,16737,2109543,0.007934,0.992066,90757.96979,720.07,90397.93292,1747849.902,19.25836272,0.907579698
2018,63,F,17658,2091595,0.008442,0.991558,90037.90097,760.10,89657.85099,1657451.969,18.40838082,0.90037901
2018,64,F,18093,2012074,0.008992,0.991008,89277.76851,802.79,88876.37566,1567794.118,17.56085691,0.892777685
2018,65,F,18893,1935507,0.009761,0.990239,88474.96371,863.60,88043.16165,1478917.743,16.71566374,0.884749637
2018,66,F,19488,1857985,0.010489,0.989511,87611.33599,918.96,87151.85834,1390874.581,15.87550932,0.87611336
2018,67,F,20398,1803359,0.011311,0.988689,86692.39977,980.58,86202.1109,1303722.723,15.03848926,0.866923998
2018,68,F,21238,1755485,0.012098,0.987902,85711.81211,1036.94,85193.34136,1217520.612,14.20481707,0.857118121
2018,69,F,22681,1699744,0.013344,0.986656,84674.86366,1129.90,84109.91297,1132327.27,13.37264947,0.846748637
2018,70,F,24851,1674714,0.014839,0.985161,83544.9814,1239.72,82925.11941,1048217.357,12.54674236,0.835449814
2018,71,F,27574,1738342,0.015862,0.984138,82305.26147,1305.53,81652.49844,965292.2379,11.72819599,0.823052615
2018,72,F,23635,1285319,0.018388,0.981612,80999.71556,1489.42,80255.00418,883639.7395,10.90917089,0.809997156
2018,73,F,24854,1266423,0.019625,0.980375,79510.25786,1560.39,78730.06345,803384.7353,10.10416463,0.795102579
2018,74,F,27255,1229353,0.02217,0.97783,77949.84089,1728.15,77085.7669,724654.6719,9.29642272,0.779498409
2018,75,F,30233,1251144,0.024164,0.975836,76221.67744,1841.82,75300.76713,647568.905,8.495862682,0.762216774
2018,76,F,29114,1087069,0.026782,0.973218,74379.83512,1992.04,73383.81475,572268.1378,7.693861339,0.743798351
2018,77,F,29172,991039,0.029436,0.970564,72387.7863,2130.81,71322.38286,498884.3231,6.89183008,0.723877863
2018,78,F,29931,929716,0.032194,0.967806,70256.99578,2261.85,69126.06892,427561.9402,6.085684927,0.702569958
2018,79,F,31323,863424,0.036278,0.963722,67995.16298,2466.73,66761.79872,358435.8713,5.271490729,0.67995163
2018,80,F,32969,821411,0.040137,0.959863,65528.45776,2630.12,64213.39991,291674.0726,4.451105406,0.655284578
2018,81,F,33960,749613,0.045303,0.954697,62898.33992,2849.48,61473.59817,227460.6727,3.616322354,0.628983399
2018,82,F,35918,707051,0.0508,0.9492,60048.83275,3050.48,58523.5924,165987.0745,2.764201516,0.600488328
2018,83,F,37682,669490,0.056285,0.943715,56998.36825,3208.15,55394.29167,107463.4821,1.88537822,0.569983683
2018,84,F,37715,589377,0.063991,0.936009,53790.23592,3442.09,52069.19043,52069.19043,0.9680045,0.537902359
2018,20,M,2383,2186613,0.00109,0.99891,100000,109.00,99945.5,5487619.031,54.87619031,1
2018,21,M,2775,2193614,0.001265,0.998735,99891.01867,126.36,99827.8376,5387673.531,53.93551495,0.998910187
2018,22,M,2950,2219586,0.001329,0.998671,99764.65296,132.59,99698.35935,5287845.693,53.00319839,0.99764653
2018,23,M,3142,2276330,0.00138,0.99862,99632.05809,137.49,99563.31197,5188147.334,52.07307199,0.996320581
2018,24,M,3378,2325404,0.001453,0.998547,99494.53676,144.57,99422.25398,5088584.022,51.14435614,0.994945368
2018,25,M,3546,2365722,0.001499,0.998501,99350.00594,148.93,99275.54311,4989161.768,50.2180319,0.993500059
2018,26,M,3772,2421037,0.001558,0.998442,99201.08941,154.56,99123.81176,4889886.225,49.29266658,0.992010894
2018,27,M,4117,2451655,0.001679,0.998321,99046.53311,166.30,98963.38355,4790762.413,48.36880467,0.990465331
2018,28,M,4142,2439423,0.001698,0.998302,98880.20686,167.90,98796.25756,4691799.029,47.44932458,0.988802069
2018,29,M,4052,2341001,0.001731,0.998269,98712.31396,170.87,98626.87845,4593002.772,46.52917744,0.98712314
2018,30,M,4198,2282299,0.001839,0.998161,98541.45444,181.22,98450.84557,4494375.893,45.60898679,0.985414544
2018,31,M,4089,2241062,0.001825,0.998175,98360.19992,179.51,98270.44624,4395925.048,44.69211176,0.983601999
2018,32,M,4235,2245454,0.001886,0.998114,98180.73373,185.17,98088.1493,4297654.602,43.77289147,0.981807337
2018,33,M,4338,2252017,0.001926,0.998074,97995.56164,188.74,97901.19191,4199566.452,42.85465976,0.979955616
2018,34,M,4375,2171039,0.002015,0.997985,97806.79541,197.08,97708.25506,4101665.26,41.93640373,0.978067954
2018,35,M,4697,2195500,0.002139,0.997861,97609.69866,208.79,97505.30509,4003957.005,41.02007342,0.976096987
2018,36,M,4696,2185835,0.002148,0.997852,97400.87482,209.22,97296.26628,3906451.7,40.10694675,0.974008748
2018,37,M,4879,2154545,0.002265,0.997735,97191.62091,220.14,97081.5514,3809155.434,39.19222046,0.971916209
2018,38,M,5124,2201174,0.002328,0.997672,96971.52901,225.75,96858.65415,3712073.882,38.28003869,0.96971529
2018,39,M,5127,2053136,0.002497,0.997503,96745.79396,241.57,96625.00684,3615215.228,37.36819019,0.96745794
2018,40,M,5040,2008548,0.002509,0.997491,96504.20466,242.13,96383.14014,3518590.222,36.46048619,0.965042047
2018,41,M,5198,1979715,0.002626,0.997374,96262.04904,252.78,96135.65697,3422207.081,35.55094781,0.96262049
2018,42,M,5196,1920426,0.002706,0.997294,96009.30047,259.80,95879.39989,3326071.424,34.64322111,0.960093005
2018,43,M,5489,1980368,0.002772,0.997228,95749.53294,265.42,95616.82409,3230192.025,33.7358515,0.957495329
2018,44,M,5930,1908353,0.003107,0.996893,95484.14328,296.67,95335.80866,3134575.2,32.82822773,0.954841433
2018,45,M,6477,1928049,0.003359,0.996641,95187.43666,319.73,95027.56936,3039239.392,31.92899713,0.951874367
2018,46,M,7310,2015066,0.003628,0.996372,94867.66832,344.18,94695.57837,2944211.822,31.03493397,0.948676683
2018,47,M,8172,2125627,0.003845,0.996155,94523.51946,363.44,94341.79799,2849516.244,30.14610819,0.945235195
2018,48,M,8719,2157491,0.004041,0.995959,94160.12259,380.50,93969.87206,2755174.446,29.26052314,0.941601226
2018,49,M,9291,2037762,0.004559,0.995441,93779.59627,427.54,93565.82568,2661204.574,28.37722362,0.937795963
2018,50,M,9701,1989936,0.004875,0.995125,93352.0163,455.09,93124.47076,2567638.748,27.50490937,0.933520163
2018,51,M,10605,1982590,0.005349,0.994651,92896.92231,496.91,92648.46949,2474514.278,26.63720408,0.928969223
2018,52,M,11936,2016677,0.005919,0.994081,92400.01076,546.92,92126.55293,2381865.808,25.77776548,0.924000108
2018,53,M,13554,2131415,0.006359,0.993641,91853.12768,584.09,91561.08066,2289739.255,24.9282666,0.918531277
2018,54,M,15265,2156589,0.007078,0.992922,91269.01934,646.00,90946.01828,2198178.174,24.08460385,0.912690193
2018,55,M,16734,2145020,0.007801,0.992199,90622.98916,706.95,90269.51419,2107232.156,23.25273284,0.906229892
2018,56,M,18158,2132558,0.008515,0.991485,89916.00969,765.63,89533.19228,2016962.642,22.43162979,0.899160097
2018,57,M,19889,2148167,0.009259,0.990741,89150.4057,825.44,88737.6839,1927429.45,21.61997396,0.891504057
2018,58,M,21133,2165907,0.009757,0.990243,88324.99854,861.79,87894.10503,1838691.766,20.81734273,0.883249985
2018,59,M,22347,2077675,0.010756,0.989244,87463.20153,940.75,86992.82443,1750797.661,20.01753458,0.874632015
2018,60,M,23537,2054540,0.011456,0.988544,86522.46721,991.20,86026.86652,1663804.836,19.22974333,0.865224672
2018,61,M,25083,2018812,0.012425,0.987575,85531.25784,1062.73,84999.8949,1577777.97,18.44679956,0.855312578
2018,62,M,26097,1933853,0.013495,0.986505,84468.56327,1139.90,83898.61164,1492778.075,17.67258749,0.844685633
2018,63,M,27437,1908640,0.014375,0.985625,83328.67513,1197.85,82729.75028,1408879.463,16.90749866,0.833286751
2018,64,M,27858,1813691,0.01536,0.98464,82130.81233,1261.53,81500.04769,1326149.713,16.14679893,0.821308123
2018,65,M,28364,1734093,0.016357,0.983643,80869.29636,1322.78,80207.90682,1244649.665,15.39088036,0.808692964
2018,66,M,29154,1658451,0.017579,0.982421,79546.54335,1398.35,78847.36901,1164441.759,14.63849602,0.795465434
2018,67,M,29459,1595396,0.018465,0.981535,78148.19036,1443.01,77426.68719,1085594.389,13.89148468,0.781481904
2018,68,M,29869,1552348,0.019241,0.980759,76705.18339,1475.88,75967.24117,1008167.702,13.14341036,0.767051834
2018,69,M,31702,1494525,0.021212,0.978788,75229.28551,1595.76,74431.40371,932200.4611,12.39145706,0.752292855
2018,70,M,33290,1469752,0.02265,0.97735,73633.51508,1667.80,72799.61552,857769.0574,11.64916623,0.736335151
2018,71,M,36251,1522210,0.023815,0.976185,71965.71009,1713.86,71108.7784,784969.4419,10.90754807,0.719657101
2018,72,M,30308,1106964,0.027379,0.972621,70251.86709,1923.43,69290.15416,713860.6635,10.16144756,0.702518671
2018,73,M,31179,1078210,0.028917,0.971083,68328.41376,1975.85,67340.48739,644570.5093,9.433418308,0.683284138
2018,74,M,33335,1034136,0.032235,0.967765,66352.53558,2138.87,65283.09859,577230.022,8.699441806,0.663525356
2018,75,M,36291,1042460,0.034813,0.965187,64213.68559,2235.47,63095.95007,511946.9234,7.972551625,0.642136856
2018,76,M,34251,890943,0.038444,0.961556,61978.22441,2382.69,60786.87898,448850.9733,7.242075383,0.619782244
2018,77,M,33845,795142,0.042565,0.957435,59595.56226,2536.69,58327.21971,388064.0943,6.51162737,0.595955623
2018,78,M,33257,736686,0.045144,0.954856,57058.89358,2575.87,55770.96023,329736.8746,5.778886584,0.570588936
2018,79,M,34328,679443,0.050524,0.949476,54483.02323,2752.70,53106.6731,273965.9144,5.02846388,0.544830232
2018,80,M,35018,630172,0.055569,0.944431,51730.33725,2874.60,50293.03569,220859.2413,4.269433625,0.517303373
2018,81,M,34624,561875,0.061622,0.938378,48855.73643,3010.59,47350.44233,170566.2056,3.491221667,0.488557364
2018,82,M,35372,517114,0.068403,0.931597,45845.13617,3135.94,44277.16375,123215.7633,2.687651811,0.458451362
2018,83,M,35491,474179,0.074847,0.925153,42709.20453,3196.66,41110.87661,78938.59951,1.848280725,0.427092045
2018,84,M,34711,407026,0.08528,0.91472,39512.53749,3369.63,37827.72289,37827.72289,0.95736,0.395125375
2018,20,T,3273,4273822,0.000766,0.999234,100000,76.60,99961.7,5662426.322,56.62426322,1
2018,21,T,3721,4292514,0.000867,0.999133,99923.41749,86.63,99880.10069,5562464.622,55.66727761,0.999234175
2018,22,T,3960,4334743,0.000914,0.999086,99836.79808,91.25,99791.17266,5462584.521,54.71514137,0.998367981
2018,23,T,4252,4438724,0.000958,0.999042,99745.59228,95.56,99697.81414,5362793.348,53.76471507,0.997455923
2018,24,T,4568,4533776,0.001008,0.998992,99650.04269,100.45,99599.81907,5263095.534,52.81578805,0.996500427
2018,25,T,4844,4606281,0.001052,0.998948,99549.64042,104.73,99497.27731,5163495.715,51.86855214,0.995496404
2018,26,T,5230,4728714,0.001106,0.998894,99444.95326,109.99,99389.9602,5063998.438,50.92262877,0.994449533
2018,27,T,5699,4813980,0.001184,0.998816,99334.96626,117.61,99276.15996,4964608.477,49.97845839,0.993349663
2018,28,T,5829,4801711,0.001214,0.998786,99217.36918,120.45,99157.14424,4865332.318,49.03710265,0.992173692
2018,29,T,5859,4611070,0.001271,0.998729,99096.92502,125.95,99033.94892,4766175.173,48.09609554,0.99096925
2018,30,T,6100,4501282,0.001355,0.998645,98971.00872,134.11,98903.95586,4667141.224,47.15665006,0.989710087
2018,31,T,5959,4421549,0.001348,0.998652,98836.88623,133.23,98770.27017,4568237.269,46.21996344,0.988368862
2018,32,T,6299,4433749,0.001421,0.998579,98703.682,140.26,98633.55303,4469466.998,45.28166435,0.98703682
2018,33,T,6478,4461246,0.001452,0.998548,98563.45429,143.11,98491.89722,4370833.445,44.34537605,0.985634543
2018,34,T,6547,4318192,0.001516,0.998484,98420.33417,149.21,98345.73156,4272341.548,43.40913475,0.984203342
2018,35,T,7090,4376401,0.00162,0.99838,98271.11479,159.20,98191.51519,4173995.817,42.47428988,0.982711148
2018,36,T,7205,4366923,0.00165,0.99835,98111.91041,161.88,98030.96808,4075804.301,41.54240076,0.981119104
2018,37,T,7463,4313086,0.00173,0.99827,97950.03526,169.45,97865.30848,3977773.333,40.6102287,0.979500353
2018,38,T,7835,4391406,0.001784,0.998216,97780.55079,174.44,97693.33054,3879908.025,39.67975219,0.977805508
2018,39,T,8024,4115771,0.00195,0.99805,97606.09399,190.33,97510.92805,3782214.694,38.74978026,0.97606094
2018,40,T,7907,4031314,0.001961,0.998039,97415.80369,191.03,97320.28749,3684703.766,37.82449692,0.974158037
2018,41,T,8185,3986156,0.002053,0.997947,97224.7328,199.60,97124.93161,3587383.479,36.89784868,0.972247328
2018,42,T,8293,3866067,0.002145,0.997855,97025.09575,208.12,96921.03633,3490258.547,35.97274004,0.970250958
2018,43,T,8902,3979609,0.002237,0.997763,96816.96973,216.58,96708.67995,3393337.511,35.04899524,0.968169697
2018,44,T,9476,3851155,0.002461,0.997539,96600.39955,237.73,96481.53276,3296628.831,34.1264513,0.966003996
2018,45,T,10509,3904041,0.002692,0.997308,96362.70841,259.41,96233.0042,3200147.298,33.20939553,0.963627084
2018,46,T,11925,4074459,0.002927,0.997073,96103.31675,281.29,95962.66955,3103914.294,32.29768127,0.961033168
2018,47,T,13249,4301318,0.00308,0.99692,95822.04455,295.13,95674.4786,3007951.624,31.39101903,0.958220446
2018,48,T,14182,4349714,0.00326,0.99674,95526.8917,311.42,95371.18287,2912277.146,30.48646401,0.955268917
2018,49,T,15008,4117603,0.003645,0.996355,95215.43159,347.06,95041.90147,2816905.963,29.5845528,0.952154316
2018,50,T,15823,4026474,0.00393,0.99607,94868.38667,372.83,94681.97029,2721864.061,28.69094919,0.948683867
2018,51,T,17543,4025069,0.004358,0.995642,94495.57848,411.81,94289.67261,2627182.091,27.80216951,0.944955785
2018,52,T,19504,4094079,0.004764,0.995236,94083.72568,448.21,93859.61825,2532892.418,26.92168492,0.940837257
2018,53,T,22113,4333375,0.005103,0.994897,93635.51524,477.82,93396.60422,2439032.8,26.04815912,0.936355152
2018,54,T,24981,4405567,0.00567,0.99433,93157.6978,528.20,92893.59573,2345636.196,25.17919884,0.931576978
2018,55,T,27310,4393983,0.006215,0.993785,92629.4633,575.69,92341.61724,2252742.6,24.3199358,0.926294633
2018,56,T,29857,4377130,0.006821,0.993179,92053.74177,627.90,91739.79248,2160400.983,23.46891002,0.920537418
2018,57,T,32543,4422810,0.007358,0.992642,91425.83065,672.71,91089.47502,2068661.191,22.62666006,0.914258307
2018,58,T,34611,4453038,0.007772,0.992228,90753.12014,705.33,90400.45352,1977571.716,21.79067466,0.907531201
2018,59,T,36642,4294024,0.008533,0.991467,90047.74636,768.38,89663.55765,1887171.262,20.95745133,0.900477464
2018,60,T,38701,4259361,0.009086,0.990914,89279.34601,811.19,88873.74994,1797507.704,20.13352231,0.89279346
2018,61,T,41292,4202894,0.009825,0.990175,88468.14453,869.20,88033.54477,1708633.954,19.31355024,0.884681445
2018,62,T,42834,4043396,0.010594,0.989406,87598.97518,928.02,87134.96341,1620600.41,18.50022111,0.875989752
2018,63,T,45095,4000235,0.011273,0.988727,86670.98928,977.04,86182.46825,1533465.446,17.69294961,0.866709893
2018,64,T,45951,3825765,0.012011,0.987989,85693.93961,1029.27,85179.30466,1447282.978,16.88897703,0.856939396
2018,65,T,47257,3669600,0.012878,0.987122,84664.6756,1090.31,84119.51975,1362103.673,16.088217,0.846646756
2018,66,T,48642,3516436,0.013833,0.986167,83574.36642,1156.08,82996.32431,1277984.154,15.29158052,0.835743664
2018,67,T,49857,3398755,0.014669,0.985331,82418.30263,1208.99,81813.80559,1194987.829,14.49905896,0.824183026
2018,68,T,51107,3307833,0.01545,0.98455,81209.29247,1254.68,80581.95069,1113174.024,13.70747103,0.812092925
2018,69,T,54383,3194269,0.017025,0.982975,79954.58484,1361.23,79273.97144,1032592.073,12.91473247,0.799545848
2018,70,T,58141,3144466,0.01849,0.98151,78593.34376,1453.19,77866.7483,953318.1015,12.12975624,0.785933438
2018,71,T,63825,3260552,0.019575,0.980425,77140.15724,1510.02,76385.14795,875451.3532,11.34884066,0.771401572
2018,72,T,53943,2392283,0.022549,0.977451,75630.14589,1705.38,74777.45381,799066.2053,10.56544577,0.756301459
2018,73,T,56033,2344633,0.023898,0.976102,73924.78036,1766.65,73041.45316,724288.7515,9.797644957,0.739247804
2018,74,T,60590,2263489,0.026768,0.973232,72158.09568,1931.53,71192.33173,651247.2983,9.025283888,0.721580957
2018,75,T,66524,2293604,0.029004,0.970996,70226.53824,2036.85,69208.11298,580054.9666,8.259768759,0.702265382
2018,76,T,63365,1978012,0.032035,0.967965,68189.67824,2184.46,67097.45007,510846.8536,7.491556887,0.681896782
2018,77,T,63017,1786181,0.03528,0.96472,66005.24308,2328.66,64840.91059,443749.4036,6.722941737,0.660052431
2018,78,T,63188,1666402,0.037919,0.962081,63676.55836,2414.55,62469.28265,378908.493,5.950517784,0.636765584
2018,79,T,65651,1542867,0.042551,0.957449,61262.01831,2606.76,59958.63824,316439.2103,5.165340925,0.612620183
2018,80,T,67987,1451583,0.046836,0.953164,58655.23965,2747.18,57281.65125,256480.5721,4.372679638,0.586552397
2018,81,T,68584,1311488,0.052295,0.947705,55908.03624,2923.71,54446.18086,199198.9208,3.562974739,0.559080362
2018,82,T,71290,1224165,0.058236,0.941764,52984.33678,3085.60,51441.53886,144752.74,2.731991165,0.529843368
2018,83,T,73173,1143669,0.063981,0.936019,49898.76141,3192.57,48302.47508,93311.2011,1.870010366,0.498987614
2018,84,T,72426,996403,0.072687,0.927313,46706.19252,3394.93,45008.72601,45008.72601,0.9636565,0.467061925
2019,20,F,861,2086544,0.000413,0.999587,100000,41.30,99979.35,5844140.191,58.44140191,1
2019,21,F,950,2091237,0.000454,0.999546,99958.73559,45.38,99936.04496,5744160.841,57.46532113,0.999587356
2019,22,F,973,2103476,0.000463,0.999537,99913.32668,46.26,99890.19674,5644224.796,56.49121076,0.999133267
2019,23,F,1167,2119886,0.000551,0.999449,99867.11001,55.03,99839.59662,5544334.599,55.51712269,0.9986711
2019,24,F,1175,2167045,0.000542,0.999458,99812.13303,54.10,99785.08394,5444495.002,54.54742662,0.99812133
2019,25,F,1271,2213205,0.000574,0.999426,99758.01359,57.26,99729.38304,5344709.918,53.57674763,0.997580136
2019,26,F,1390,2245334,0.000619,0.999381,99700.72453,61.71,99669.86716,5244980.535,52.60724594,0.997007245
2019,27,F,1519,2312599,0.000657,0.999343,99639.00365,65.46,99606.27224,5145310.668,51.63952348,0.996390037
2019,28,F,1628,2366969,0.000688,0.999312,99573.55709,68.51,99539.30379,5045704.396,50.67313595,0.995735571
2019,29,F,1719,2366339,0.000726,0.999274,99505.07045,72.24,99468.95011,4946165.092,49.70766886,0.995050705
2019,30,F,1882,2273519,0.000828,0.999172,99432.78612,82.33,99391.62095,4846696.142,48.74344098,0.994327861
2019,31,F,1943,2220984,0.000875,0.999125,99350.4765,86.93,99307.01067,4747304.521,47.78340969,0.993504765
2019,32,F,1994,2181619,0.000914,0.999086,99263.56098,90.73,99218.19753,4647997.51,46.82481129,0.99263561
2019,33,F,2273,2189693,0.001038,0.998962,99172.83407,102.94,99121.36337,4548779.313,45.8671909,0.991728341
2019,34,F,2208,2210880,0.000999,0.999001,99069.8882,98.97,99020.40279,4449657.949,44.91433301,0.990698882
2019,35,F,2327,2148244,0.001083,0.998917,98970.94737,107.19,98917.3546,4350637.547,43.95873397,0.989709474
2019,36,F,2472,2181076,0.001133,0.998867,98863.74102,112.01,98807.73471,4251720.192,43.00585987,0.98863741
2019,37,F,2626,2180124,0.001205,0.998795,98751.69028,119.00,98692.19239,4152912.457,42.05408987,0.987516903
2019,38,F,2896,2156217,0.001343,0.998657,98632.74203,132.46,98566.51014,4054220.265,41.10420314,0.98632742
2019,39,F,3076,2186919,0.001407,0.998593,98500.26908,138.59,98430.97414,3955653.755,40.15881166,0.985002691
2019,40,F,3011,2058650,0.001463,0.998537,98361.72402,143.90,98289.77242,3857222.781,39.21467236,0.98361724
2019,41,F,3071,2018752,0.001521,0.998479,98217.85928,149.39,98143.1646,3758933.008,38.27137993,0.982178593
2019,42,F,3136,2002157,0.001566,0.998434,98068.44665,153.58,97991.65906,3660789.844,37.32892657,0.980684467
2019,43,F,3370,1940751,0.001736,0.998264,97914.84099,169.98,97829.85091,3562798.185,36.38670245,0.97914841
2019,44,F,3565,1994174,0.001788,0.998212,97744.81763,174.77,97657.43376,3464968.334,35.44912577,0.977448176
2019,45,F,3861,1937417,0.001993,0.998007,97570.07847,194.46,97472.84989,3367310.9,34.51171663,0.975700785
2019,46,F,4261,1970074,0.002163,0.997837,97375.63501,210.62,97270.32326,3269838.05,33.57963262,0.97375635
2019,47,F,4786,2052817,0.002331,0.997669,97165.02486,226.49,97051.77902,3172567.727,32.65133448,0.971650249
2019,48,F,5542,2168043,0.002556,0.997444,96938.49136,247.77,96814.60397,3075515.948,31.72646804,0.969384914
2019,49,F,5931,2184045,0.002716,0.997284,96690.69503,262.61,96559.38907,2978701.344,30.80649428,0.96690695
2019,50,F,6211,2071196,0.002999,0.997001,96428.12145,289.19,96283.52748,2882141.955,29.88901901,0.964281215
2019,51,F,6545,2027460,0.003228,0.996772,96138.95757,310.34,95983.78929,2785858.427,28.97741454,0.961389576
2019,52,F,7183,2033163,0.003533,0.996467,95828.60399,338.56,95659.32276,2689874.638,28.06964232,0.95828604
2019,53,F,8043,2067526,0.00389,0.99611,95490.0493,371.46,95304.32115,2594215.315,27.167389,0.954900493
2019,54,F,9183,2191195,0.004191,0.995809,95118.57805,398.64,94919.25707,2498910.994,26.27153439,0.951185781
2019,55,F,10259,2236979,0.004586,0.995414,94719.94904,434.39,94502.7562,2403991.737,25.37999399,0.94719949
2019,56,F,11173,2235893,0.004997,0.995003,94285.55428,471.14,94049.98182,2309488.981,24.49462167,0.942855543
2019,57,F,12317,2230590,0.005522,0.994478,93814.39913,518.04,93555.37757,2215438.999,23.61512752,0.938143991
2019,58,F,13439,2259796,0.005947,0.994053,93296.36939,554.83,93018.95264,2121883.621,22.74347475,0.932963694
2019,59,F,14210,2271644,0.006255,0.993745,92741.53616,580.10,92451.48701,2028864.669,21.87654801,0.927415362
2019,60,F,15391,2199986,0.006996,0.993004,92161.40247,644.76,91839.02188,1936413.182,21.01110801,0.921614025
2019,61,F,16341,2187221,0.007471,0.992529,91516.64557,683.72,91174.78514,1844574.16,20.15561375,0.915166456
2019,62,F,17321,2165425,0.007999,0.992001,90832.91333,726.57,90469.62709,1753399.375,19.30356861,0.908329133
2019,63,F,17837,2090246,0.008533,0.991467,90106.3507,768.88,89721.91195,1662929.748,18.45518917,0.901063507
2019,64,F,18724,2071538,0.009039,0.990961,89337.43308,807.52,88933.67255,1573207.836,17.60972732,0.893374331
2019,65,F,19046,1991169,0.009565,0.990435,88529.93928,846.79,88106.54485,1484274.163,16.76578766,0.885299393
2019,66,F,19793,1914181,0.01034,0.98966,87683.12958,906.64,87229.8078,1396167.618,15.92287621,0.876831296
2019,67,F,20479,1836574,0.011151,0.988849,86776.46914,967.64,86292.64694,1308937.81,15.08401786,0.867764691
2019,68,F,21517,1781346,0.012079,0.987921,85808.85482,1036.49,85290.61224,1222645.164,14.24847315,0.858088548
2019,69,F,22639,1731958,0.013071,0.986929,84772.3638,1108.06,84218.33402,1137354.551,13.41657234,0.847723638
2019,70,F,24422,1674584,0.014584,0.985416,83664.27599,1220.16,83054.19609,1053136.217,12.58764514,0.83664276
2019,71,F,26607,1647705,0.016148,0.983852,82444.12284,1331.31,81778.46899,970082.0212,11.76653942,0.824441228
2019,72,F,29424,1707812,0.017229,0.982771,81112.82216,1397.49,80414.07575,888303.5522,10.95145661,0.811128222
2019,73,F,25287,1259662,0.020074,0.979926,79715.32426,1600.21,78915.22155,807889.4765,10.13468218,0.797153243
2019,74,F,26098,1238863,0.021066,0.978934,78115.08436,1645.57,77292.29818,728974.2549,9.332054889,0.781150844
2019,75,F,28571,1199896,0.023811,0.976189,76469.50492,1820.82,75559.09723,651681.9567,8.522115547,0.764695049
2019,76,F,31604,1218702,0.025933,0.974067,74648.67193,1935.86,73680.73993,576122.8595,7.717791149,0.746486719
2019,77,F,30493,1056331,0.028867,0.971133,72712.84461,2099.00,71663.34377,502442.1196,6.909949986,0.727128446
2019,78,F,30611,960647,0.031865,0.968135,70613.85029,2250.11,69488.79512,430778.7758,6.100485585,0.706138503
2019,79,F,31718,898590,0.035298,0.964702,68363.74117,2413.10,67157.1895,361289.9807,5.284818743,0.683637412
2019,80,F,33085,831640,0.039783,0.960217,65950.67054,2623.72,64638.81278,294132.7912,4.459890836,0.659506705
2019,81,F,34649,788013,0.04397,0.95603,63326.96565,2784.49,61934.72231,229493.9784,3.623953494,0.633269657
2019,82,F,35705,715575,0.049897,0.950103,60542.47347,3020.89,59032.02957,167559.2561,2.767631491,0.605424735
2019,83,F,37703,671025,0.056187,0.943813,57521.58955,3231.97,55905.60677,108527.2265,1.886721618,0.575215896
2019,84,F,38788,631230,0.061448,0.938552,54289.61385,3335.99,52621.61975,52621.61975,0.969276,0.542896139
2019,20,M,2452,2183139,0.001123,0.998877,100000,112.30,99943.85,5490469.461,54.90469461,1
2019,21,M,2871,2187086,0.001313,0.998687,99887.68466,131.15,99822.1084,5390525.611,53.96586806,0.998876847
2019,22,M,2909,2195296,0.001325,0.998675,99756.56154,132.18,99690.47282,5290703.503,53.0361454,0.997565615
2019,23,M,2979,2221758,0.001341,0.998659,99624.37352,133.60,99557.57538,5191013.03,52.10585368,0.996243735
2019,24,M,3176,2277473,0.001395,0.998605,99490.79416,138.79,99421.39933,5091455.454,51.17514135,0.994907942
2019,25,M,3481,2325853,0.001497,0.998503,99352.05145,148.73,99277.68644,4992034.055,50.24590818,0.993520515
2019,26,M,3696,2365886,0.001562,0.998438,99203.35569,154.96,99125.87787,4892756.369,49.32047242,0.992033557
2019,27,M,3864,2421270,0.001596,0.998404,99048.37967,158.08,98969.33906,4793630.491,48.39685926,0.990483797
2019,28,M,4129,2451756,0.001684,0.998316,98890.31264,166.53,98807.047,4694661.152,47.47341804,0.988903126
2019,29,M,4272,2439805,0.001751,0.998249,98723.77156,172.87,98637.3389,4595854.105,46.55265932,0.987237716
2019,30,M,4301,2340865,0.001837,0.998163,98550.91022,181.04,98460.39121,4497216.766,45.63343713,0.985509102
2019,31,M,4282,2281327,0.001877,0.998123,98369.83722,184.64,98277.51713,4398756.375,44.71651574,0.983698372
2019,32,M,4269,2239886,0.001906,0.998094,98185.19922,187.14,98091.62873,4300478.857,43.79966524,0.981851992
2019,33,M,4410,2243280,0.001966,0.998034,97998.06799,192.66,97901.73589,4202387.229,42.88234773,0.97998068
2019,34,M,4647,2249252,0.002066,0.997934,97805.41639,202.07,97704.38339,4104485.493,41.96583016,0.978054164
2019,35,M,4671,2167622,0.002155,0.997845,97603.34843,210.34,97498.18082,4006781.109,41.05167675,0.976033484
2019,36,M,4854,2191368,0.002215,0.997785,97393.02337,215.73,97285.1606,3909282.929,40.13925016,0.973930234
2019,37,M,5066,2181162,0.002323,0.997677,97177.29249,225.74,97064.42106,3811997.768,39.22724816,0.971772925
2019,38,M,5281,2149359,0.002457,0.997543,96951.58704,238.21,96832.48202,3714933.347,38.31740625,0.96951587
2019,39,M,5369,2195430,0.002446,0.997554,96713.37586,236.56,96595.0954,3618100.865,37.41055291,0.967133759
2019,40,M,5628,2046663,0.00275,0.99725,96476.85996,265.31,96344.20428,3521505.77,36.50104047,0.9647686
2019,41,M,5385,2001502,0.00269,0.99731,96211.56383,258.81,96082.15928,3425161.565,35.6003107,0.962115638
2019,42,M,5655,1972584,0.002867,0.997133,95952.70859,275.10,95815.16038,3329079.406,34.69500189,0.959527086
2019,43,M,5558,1913289,0.002905,0.997095,95677.63155,277.94,95538.65979,3233264.246,33.793314,0.956776316
2019,44,M,5969,1973101,0.003025,0.996975,95399.69326,288.58,95255.40122,3137725.586,32.89031105,0.953996933
2019,45,M,6309,1900492,0.00332,0.99668,95111.09132,315.77,94953.20691,3042470.185,31.98859505,0.951110913
2019,46,M,6937,1919298,0.003614,0.996386,94795.3542,342.59,94624.05899,2947516.978,31.09347502,0.947953542
2019,47,M,7793,2005221,0.003886,0.996114,94452.73134,367.04,94269.20968,2852892.919,30.20445124,0.944527313
2019,48,M,8843,2114614,0.004182,0.995818,94085.65453,393.47,93888.92143,2758623.709,29.3203435,0.940856545
2019,49,M,9476,2145730,0.004416,0.995584,93692.20237,413.74,93485.32999,2664734.788,28.44137207,0.936922024
2019,50,M,9940,2025376,0.004908,0.995092,93278.43768,457.81,93049.53239,2571249.458,27.56531436,0.932784377
2019,51,M,10653,1976883,0.005389,0.994611,92820.65223,500.21,92570.54698,2478199.925,26.69879887,0.928206522
2019,52,M,11605,1968619,0.005895,0.994105,92320.46157,544.23,92048.34701,2385629.378,25.84074362,0.923204616
2019,53,M,12550,2001325,0.006271,0.993729,91776.23287,575.53,91488.46849,2293581.031,24.99101303,0.917762329
2019,54,M,14741,2114408,0.006972,0.993028,91200.71829,635.85,90882.79259,2202092.563,24.14556161,0.912007183
2019,55,M,16534,2137586,0.007735,0.992265,90564.89503,700.52,90214.6353,2111209.77,23.31156868,0.90564895
2019,56,M,17793,2125123,0.008373,0.991627,89864.38521,752.43,89488.16796,2020995.135,22.48938921,0.898643852
2019,57,M,19341,2111795,0.009159,0.990841,89111.97841,816.18,88703.8901,1931506.967,21.67505426,0.891119784
2019,58,M,20908,2125774,0.009835,0.990165,88295.84106,868.39,87861.64626,1842803.077,20.87078003,0.882958411
2019,59,M,22479,2142211,0.010493,0.989507,87427.4094,917.38,86968.7215,1754941.43,20.07312629,0.874274094
2019,60,M,23299,2052677,0.011351,0.988649,86510.00176,981.98,86019.01425,1667972.709,19.28069212,0.865100018
2019,61,M,25181,2027951,0.012417,0.987583,85528.0662,1062.00,84997.0652,1581953.695,18.4963108,0.855280662
2019,62,M,26654,1991220,0.013386,0.986614,84466.06705,1130.66,83900.73566,1496956.63,17.72257999,0.844660671
2019,63,M,27524,1905842,0.014442,0.985558,83335.42425,1203.53,82733.65915,1413055.894,16.95624528,0.833354243
2019,64,M,28212,1879040,0.015014,0.984986,82131.9015,1233.13,81515.33732,1330322.235,16.1973875,0.821319015
2019,65,M,29113,1783428,0.016324,0.983676,80898.76904,1320.59,80238.47329,1248806.897,15.4366613,0.80898769
2019,66,M,29767,1703888,0.01747,0.98253,79578.16296,1390.23,78883.04771,1168568.424,14.68453632,0.79578163
2019,67,M,30240,1627863,0.018577,0.981423,78187.92888,1452.50,77461.6803,1089685.376,13.93674691,0.781879289
2019,68,M,30695,1564129,0.019624,0.980376,76735.47067,1505.86,75982.54223,1012223.696,13.19107953,0.767354707
2019,69,M,31123,1520465,0.020469,0.979531,75229.58767,1539.87,74459.65045,936241.1539,12.44511877,0.752295877
2019,70,M,32921,1462120,0.022516,0.977484,73689.68346,1659.20,72860.085,861781.5034,11.69473749,0.736896835
2019,71,M,34789,1435378,0.024237,0.975763,72030.49128,1745.80,71157.58977,788921.4184,10.9526036,0.720304913
2019,72,M,37706,1483236,0.025421,0.974579,70284.70114,1786.71,69391.34745,717763.8287,10.2122342,0.702847011
2019,73,M,31566,1074771,0.02937,0.97063,68497.96259,2011.79,67492.07001,648372.4812,9.465573233,0.684979626
2019,74,M,32327,1044301,0.030956,0.969044,66486.17897,2058.15,65457.10589,580880.4112,8.736859603,0.66486179
2019,75,M,34576,998390,0.034632,0.965368,64428.05712,2231.27,63312.42088,515423.3053,7.999982125,0.644280571
2019,76,M,37415,1003690,0.037277,0.962723,62196.8003,2318.51,61037.54524,452110.8844,7.269037671,0.621968003
2019,77,M,35401,854930,0.041408,0.958592,59878.26242,2479.44,58638.54287,391073.3392,6.531140407,0.598782624
2019,78,M,34513,760170,0.045402,0.954598,57398.81923,2606.02,56095.80863,332434.7963,5.791666114,0.573988192
2019,79,M,34591,701319,0.049323,0.950677,54792.81603,2702.55,53441.543,276338.9877,5.043343411,0.54792816
2019,80,M,35264,643638,0.054789,0.945211,52090.28224,2853.97,50663.295,222897.4447,4.27906003,0.520902822
2019,81,M,35972,593628,0.060597,0.939403,49236.33062,2983.57,47744.54366,172234.1497,3.498110999,0.492363306
2019,82,M,35419,525766,0.067366,0.932634,46252.76299,3115.86,44694.83117,124489.606,2.691506366,0.46252763
2019,83,M,35821,480165,0.074601,0.925399,43136.87757,3218.05,41527.85047,79794.77484,1.849804143,0.431368776
2019,84,M,36128,436527,0.082762,0.917238,39918.80442,3303.76,38266.92437,38266.92437,0.958619,0.399188044
2019,20,T,3313,4269683,0.000776,0.999224,100000,77.60,99961.2,5666872.163,56.66872163,1
2019,21,T,3821,4278323,0.000893,0.999107,99922.40642,89.23,99877.79107,5566910.963,55.71233883,0.999224064
2019,22,T,3882,4298772,0.000903,0.999097,99833.16502,90.15,99788.09035,5467033.172,54.76169338,0.99833165
2019,23,T,4146,4341644,0.000955,0.999045,99743.01082,95.25,99695.38353,5367245.082,53.81073859,0.997430108
2019,24,T,4351,4444518,0.000979,0.999021,99647.76245,97.56,99598.98487,5267549.698,52.86169572,0.996477625
2019,25,T,4752,4539058,0.001047,0.998953,99550.2114,104.23,99498.09686,5167950.713,51.91300591,0.995502114
2019,26,T,5086,4611220,0.001103,0.998897,99445.99096,109.69,99391.1465,5068452.616,50.96688733,0.99445991
2019,27,T,5383,4733869,0.001137,0.998863,99336.30582,112.95,99279.83313,4969061.47,50.02261186,0.993363058
2019,28,T,5757,4818725,0.001195,0.998805,99223.34804,118.57,99164.06209,4869781.637,49.0789893,0.99223348
2019,29,T,5991,4806144,0.001247,0.998753,99104.80448,123.58,99043.01263,4770617.575,48.13709688,0.991048045
2019,30,T,6183,4614384,0.00134,0.99866,98981.26742,132.63,98914.94997,4671574.562,47.19655227,0.989812674
2019,31,T,6225,4502311,0.001383,0.998617,98848.63842,136.71,98780.28459,4572659.612,46.25920686,0.988486384
2019,32,T,6263,4421505,0.001416,0.998584,98711.96799,139.78,98642.07992,4473879.327,45.32256239,0.98711968
2019,33,T,6683,4432973,0.001508,0.998492,98572.14386,148.65,98497.82046,4375237.248,44.38614274,0.985721439
2019,34,T,6855,4460132,0.001537,0.998463,98423.53984,151.28,98347.90135,4276739.427,43.45240411,0.984235398
2019,35,T,6998,4315866,0.001621,0.998379,98272.26778,159.30,98192.61811,4178391.526,42.51852145,0.982722678
2019,36,T,7326,4372444,0.001675,0.998325,98112.92332,164.34,98030.75375,4080198.908,41.58676319,0.981129233
2019,37,T,7692,4361286,0.001764,0.998236,97948.53579,172.78,97862.14518,3982168.154,40.65571906,0.979485358
2019,38,T,8177,4305576,0.001899,0.998101,97775.78396,185.68,97682.94585,3884306.009,39.72666699,0.97775784
2019,39,T,8445,4382349,0.001927,0.998073,97590.09159,188.06,97496.06354,3786623.063,38.80130658,0.975900916
2019,40,T,8639,4105313,0.002104,0.997896,97402.03073,204.93,97299.56379,3689126.999,37.87525755,0.974020307
2019,41,T,8456,4020254,0.002103,0.997897,97197.06313,204.41,97094.86042,3591827.436,36.95407371,0.971970631
2019,42,T,8791,3974741,0.002212,0.997788,96992.62372,214.55,96885.34988,3494732.575,36.03091082,0.969926237
2019,43,T,8928,3854040,0.002317,0.997683,96778.10354,224.23,96665.98611,3397847.225,35.10966945,0.967781035
2019,44,T,9534,3967275,0.002403,0.997597,96553.91414,232.02,96437.90461,3301181.239,34.19003019,0.965539141
2019,45,T,10170,3837909,0.00265,0.99735,96321.87956,255.25,96194.25307,3204743.335,33.2711877,0.963218796
2019,46,T,11198,3889372,0.002879,0.997121,96066.63809,276.58,95928.35016,3108549.081,32.35825822,0.960666381
2019,47,T,12579,4058038,0.0031,0.9969,95790.04994,296.95,95641.57536,3012620.731,31.45024701,0.957900499
2019,48,T,14385,4282657,0.003359,0.996641,95493.12245,320.76,95332.74175,2916979.156,30.5464842,0.954931225
2019,49,T,15407,4329775,0.003558,0.996442,95172.37097,338.62,95003.05932,2821646.414,29.6477474,0.95172371
2019,50,T,16151,4096572,0.003943,0.996057,94833.71117,373.93,94646.74651,2726643.355,28.75183646,0.948337112
2019,51,T,17198,4004343,0.004295,0.995705,94459.82314,405.70,94256.97067,2631996.608,27.86366225,0.944598231
2019,52,T,18788,4001782,0.004695,0.995305,94054.1336,441.58,93833.34152,2537739.638,26.98169172,0.940541336
2019,53,T,20593,4068851,0.005061,0.994939,93612.55806,473.77,93375.67148,2443906.296,26.10660735,0.936125581
2019,54,T,23924,4305603,0.005556,0.994444,93138.77236,517.48,92880.03285,2350530.625,25.236865,0.931387724
2019,55,T,26793,4374565,0.006125,0.993875,92621.24857,567.31,92337.596,2257650.592,24.37508268,0.926212486
2019,56,T,28966,4361016,0.006642,0.993358,92053.96906,611.42,91748.25783,2165312.996,23.52221222,0.920539691
2019,57,T,31658,4342385,0.00729,0.99271,91442.54381,666.62,91109.23574,2073564.738,22.67614889,0.914425438
2019,58,T,34347,4385570,0.007832,0.992168,90775.88527,710.96,90420.4069,1982455.502,21.8390104,0.907758853
2019,59,T,36689,4413855,0.008312,0.991688,90064.94477,748.62,89690.63486,1892035.095,21.00745301,0.900649448
2019,60,T,38690,4252663,0.009098,0.990902,89316.30378,812.60,88910.00391,1802344.46,20.17934447,0.893163038
2019,61,T,41522,4215172,0.009851,0.990149,88503.71934,871.85,88067.79427,1713434.457,19.36002768,0.885037193
2019,62,T,43975,4156645,0.010579,0.989421,87631.90404,927.06,87168.37508,1625366.662,18.54765887,0.87631904
2019,63,T,45361,3996088,0.011351,0.988649,86704.80707,984.19,86212.71394,1538198.287,17.74063445,0.867048071
2019,64,T,46936,3950578,0.011881,0.988119,85720.59032,1018.45,85211.36715,1451985.573,16.93858579,0.857205903
2019,65,T,48159,3774597,0.012759,0.987241,84702.16172,1080.71,84161.80428,1366774.206,16.13623759,0.847021617
2019,66,T,49560,3618069,0.013698,0.986302,83621.47114,1145.45,83048.74768,1282612.402,15.33831424,0.836214711
2019,67,T,50719,3464437,0.01464,0.98536,82476.03138,1207.45,81872.30683,1199563.654,14.54439107,0.824760314
2019,68,T,52212,3345475,0.015607,0.984393,81268.59079,1268.36,80634.41134,1117691.347,13.75305437,0.812685908
2019,69,T,53762,3252423,0.01653,0.98347,80000.25202,1322.40,79339.04994,1037056.936,12.96317086,0.80000252
2019,70,T,57343,3136704,0.018281,0.981719,78677.86144,1438.31,77958.70645,957717.886,12.17264766,0.786778614
2019,71,T,61396,3083083,0.019914,0.980086,77239.52852,1538.15,76470.45453,879759.1796,11.3900123,0.772395285
2019,72,T,67130,3191048,0.021037,0.978963,75701.39345,1592.53,74905.12834,803288.7251,10.61128057,0.757013935
2019,73,T,56853,2334433,0.024354,0.975646,74108.86506,1804.85,73206.44141,728383.5967,9.828562293,0.741088651
2019,74,T,58425,2283164,0.025589,0.974411,72304.01081,1850.19,71378.91714,655177.1553,9.061422015,0.723040108
2019,75,T,63147,2198286,0.028726,0.971274,70453.78813,2023.86,69441.86037,583798.2382,8.286257612,0.704537881
2019,76,T,69019,2222392,0.031056,0.968944,68429.96349,2125.16,67367.38302,514356.3778,7.51653737,0.684299635
2019,77,T,65894,1911261,0.034477,0.965523,66304.79041,2285.99,65161.79528,446988.9948,6.741428365,0.663047904
2019,78,T,65124,1720817,0.037845,0.962155,64018.81908,2422.79,62807.42298,381827.1995,5.964296202,0.640188191
2019,79,T,66309,1599909,0.041445,0.958555,61596.03875,2552.85,60319.61484,319019.7765,5.179225531,0.615960388
2019,80,T,68349,1475278,0.04633,0.95367,59043.16122,2735.47,57675.42639,258700.1617,4.381543202,0.590431612
2019,81,T,70621,1381641,0.051114,0.948886,56307.71677,2878.11,54868.66045,201024.7353,3.570109868,0.563077168
2019,82,T,71124,1241341,0.057296,0.942704,53429.6122,3061.30,51898.96067,146156.0748,2.735488221,0.534296122
2019,83,T,73524,1151190,0.063868,0.936132,50368.30372,3216.92,48759.84231,94257.11417,1.871357723,0.503683037
2019,84,T,74916,1067757,0.070162,0.929838,47151.38977,3308.24,45497.27187,45497.27187,0.964919,0.471513898
2020,20,F,974,2123140,0.000459,0.999541,100000,45.90,99977.05,5752534.965,57.52534965,1
2020,21,F,1163,2094326,0.000555,0.999445,99954.12455,55.47,99926.38728,5652557.915,56.55152241,0.999541246
2020,22,F,1168,2100049,0.000556,0.999444,99898.61903,55.54,99870.84721,5552631.527,55.58266552,0.99898619
2020,23,F,1338,2113597,0.000633,0.999367,99843.05767,63.20,99811.45734,5452760.68,54.61331821,0.998430577
2020,24,F,1362,2130797,0.000639,0.999361,99779.85262,63.76,99747.97296,5352949.223,53.647596,0.997798526
2020,25,F,1563,2177731,0.000718,0.999282,99716.07359,71.60,99680.27552,5253201.25,52.68158944,0.997160736
2020,26,F,1613,2223511,0.000725,0.999275,99644.50542,72.24,99608.38429,5153520.974,51.71906823,0.996445054
2020,27,F,1819,2255755,0.000806,0.999194,99572.22038,80.26,99532.09278,5053912.59,50.7562508,0.995722204
2020,28,F,1951,2322743,0.00084,0.99916,99491.92714,83.57,99450.14053,4954380.497,49.79680904,0.994919271
2020,29,F,2196,2376377,0.000924,0.999076,99408.35838,91.85,99362.43172,4854930.357,48.83825099,0.994083584
2020,30,F,2336,2375032,0.000984,0.999016,99316.49554,97.73,99267.63182,4755567.925,47.88296143,0.993164955
2020,31,F,2307,2281303,0.001011,0.998989,99218.81124,100.31,99168.65613,4656300.293,46.92961178,0.992188112
2020,32,F,2527,2228352,0.001134,0.998866,99118.47481,112.40,99062.27463,4557131.637,45.97661178,0.991184748
2020,33,F,2653,2188527,0.001212,0.998788,99006.07229,120.00,98946.07461,4458069.362,45.0282418,0.990060723
2020,34,F,2689,2195936,0.001225,0.998775,98886.05407,121.14,98825.48636,4359123.288,44.08228571,0.988860541
2020,35,F,2860,2215833,0.001291,0.998709,98764.96466,127.51,98701.21188,4260297.801,43.13571939,0.987649647
2020,36,F,2980,2151567,0.001385,0.998615,98637.48763,136.61,98569.18117,4161596.59,42.19082105,0.986374876
2020,37,F,3282,2183495,0.001503,0.998497,98500.87106,148.05,98426.84766,4063027.408,41.24864445,0.985008711
2020,38,F,3342,2182398,0.001531,0.998469,98352.81491,150.58,98277.52583,3964600.561,40.30998568,0.983528149
2020,39,F,3551,2157423,0.001646,0.998354,98202.20301,161.64,98121.3826,3866323.035,39.37104175,0.98202203
2020,40,F,3714,2186513,0.001699,0.998301,98040.56757,166.57,97957.28211,3768201.652,38.43512686,0.980405676
2020,41,F,3947,2057329,0.001919,0.998081,97874.03635,187.82,97780.12621,3670244.37,37.49967312,0.978740364
2020,42,F,3867,2016979,0.001917,0.998083,97686.26433,187.26,97592.63205,3572464.244,36.57079394,0.976862643
2020,43,F,4143,2000043,0.002071,0.997929,97498.97791,201.92,97398.01772,3474871.612,35.64008245,0.974989779
2020,44,F,4310,1938744,0.002223,0.997777,97297.01312,216.29,97188.86749,3377473.594,34.71302444,0.972970131
2020,45,F,4725,1991382,0.002373,0.997627,97080.71322,230.37,96965.52695,3280284.727,33.78925245,0.970807132
2020,46,F,4986,1933297,0.002579,0.997421,96850.36748,249.78,96725.47893,3183319.2,32.86842665,0.968503675
2020,47,F,5510,1964957,0.002804,0.997196,96600.58902,270.87,96465.15499,3086593.721,31.95212112,0.96600589
2020,48,F,6121,2046809,0.002991,0.997009,96329.70816,288.12,96185.64708,2990128.566,31.04056498,0.963297082
2020,49,F,6935,2161257,0.003209,0.996791,96041.63334,308.20,95887.53454,2893942.919,30.132171,0.960416333
2020,50,F,7503,2176827,0.003447,0.996553,95733.45679,329.99,95568.46018,2798055.384,29.22756033,0.957334568
2020,51,F,7879,2063731,0.003818,0.996182,95403.48655,364.25,95221.36129,2702486.924,28.32691992,0.954034866
2020,52,F,8378,2019631,0.004148,0.995852,95039.25106,394.22,94842.13965,2607265.563,27.43356596,0.950392511
2020,53,F,9133,2024943,0.00451,0.99549,94645.00139,426.85,94431.57691,2512423.423,26.54575927,0.946450014
2020,54,F,10128,2058607,0.00492,0.99508,94218.12874,463.55,93986.35214,2417991.846,25.66376427,0.942181287
2020,55,F,11416,2180669,0.005235,0.994765,93754.5914,490.81,93509.18876,2324005.494,24.78817794,0.937545914
2020,56,F,12646,2225298,0.005683,0.994317,93263.77761,530.02,92998.76859,2230496.305,23.91599785,0.932637776
2020,57,F,14072,2223160,0.00633,0.99367,92733.77501,587.00,92440.27261,2137497.537,23.04982771,0.92733775
2020,58,F,14885,2216957,0.006714,0.993286,92146.79535,618.67,91837.45856,2045057.264,22.19347137,0.921467954
2020,59,F,16549,2245087,0.007371,0.992629,91528.10719,674.65,91190.78035,1953219.805,21.34010923,0.915281072
2020,60,F,17950,2255469,0.007958,0.992042,90853.43461,723.01,90491.92879,1862029.025,20.49486663,0.908534346
2020,61,F,18791,2182788,0.008609,0.991391,90130.3836,775.93,89742.41736,1771537.096,19.65527079,0.901303836
2020,62,F,19903,2168833,0.009177,0.990823,89354.4768,820.01,88944.47378,1681794.679,18.82160513,0.893544768
2020,63,F,21307,2145780,0.00993,0.99007,88534.48644,879.15,88094.91271,1592850.205,17.9912966,0.885344864
2020,64,F,21903,2070202,0.01058,0.98942,87655.36356,927.39,87191.66669,1504755.292,17.16672239,0.876553636
2020,65,F,23040,2050844,0.011234,0.988766,86727.95868,974.30,86240.80774,1417563.626,16.34494398,0.867279587
2020,66,F,23754,1969842,0.012059,0.987941,85753.62218,1034.10,85236.57072,1331322.818,15.52497474,0.857536222
2020,67,F,24675,1892051,0.013041,0.986959,84719.53339,1104.83,84167.11967,1246086.247,14.70837005,0.847195334
2020,68,F,25638,1813435,0.014138,0.985862,83614.67179,1182.14,83023.59968,1161919.128,13.89611539,0.836146718
2020,69,F,26545,1757144,0.015107,0.984893,82432.54342,1245.31,81809.8892,1078895.528,13.08822321,0.824325434
2020,70,F,28093,1706943,0.016458,0.983542,81187.24317,1336.18,80519.15335,997085.6388,12.28130923,0.811872432
2020,71,F,30411,1648341,0.018449,0.981551,79851.05724,1473.17,79114.47116,916566.4855,11.47845147,0.798510572
2020,72,F,32904,1619075,0.020323,0.979677,78377.84842,1592.87,77581.41191,837452.0143,10.68480484,0.783778484
2020,73,F,36024,1675385,0.021502,0.978498,76784.99773,1651.03,75959.48222,759870.6024,9.896081589,0.767849977
2020,74,F,31424,1232798,0.02549,0.97451,75133.97259,1915.16,74176.39011,683911.1202,9.102555031,0.751339726
2020,75,F,32471,1210107,0.026833,0.973167,73218.80891,1964.68,72236.46876,609734.7301,8.327569639,0.732188089
2020,76,F,35223,1168898,0.030134,0.969866,71254.11658,2147.17,70180.53081,537498.2613,7.543399415,0.712541166
2020,77,F,38868,1183942,0.032829,0.967171,69106.97992,2268.71,67972.6234,467317.7305,6.762236333,0.691069799
2020,78,F,37865,1023052,0.037012,0.962988,66838.24539,2473.82,65601.33682,399345.1071,5.97479938,0.668382454
2020,79,F,38013,927150,0.041,0.959,64364.44136,2638.94,63044.97031,333743.7703,5.185219715,0.643644414
2020,80,F,39250,863701,0.045444,0.954556,61725.50967,2805.05,60322.98264,270698.8,4.385525553,0.617255097
2020,81,F,40652,795451,0.051106,0.948894,58920.45763,3011.19,57414.86318,210375.8173,3.570505488,0.589204576
2020,82,F,42717,749775,0.056973,0.943027,55909.29234,3185.32,54316.63228,152960.9541,2.735877128,0.559092923
2020,83,F,43079,676482,0.063681,0.936319,52723.96709,3357.51,51045.20962,98644.32186,1.870957883,0.527239671
2020,84,F,45088,629714,0.071601,0.928399,49366.45605,3534.69,47599.11224,47599.11224,0.9641995,0.493664561
2020,20,M,3009,2221432,0.001355,0.998645,100000,135.50,99932.25,5328961.25,53.2896125,1
2020,21,M,3413,2188824,0.001559,0.998441,99864.54683,155.69,99786.70242,5229029,52.36121493,0.998645468
2020,22,M,3517,2192971,0.001604,0.998396,99708.82956,159.93,99628.86308,5129242.298,51.44220748,0.997088296
2020,23,M,3694,2201623,0.001678,0.998322,99548.92049,167.04,99465.39895,5029613.435,50.52403793,0.995489205
2020,24,M,3900,2227996,0.00175,0.99825,99381.89203,173.92,99294.93287,4930148.036,49.60811205,0.99381892
2020,25,M,4143,2283275,0.001814,0.998186,99207.9288,179.96,99117.94721,4830853.103,48.69422395,0.992079288
2020,26,M,4349,2332000,0.001865,0.998135,99027.91612,184.69,98935.57259,4731735.156,47.78183104,0.990279161
2020,27,M,4714,2372863,0.001987,0.998013,98843.2367,196.40,98745.03594,4632799.583,46.87017279,0.988432367
2020,28,M,5019,2428258,0.002067,0.997933,98646.87179,203.90,98544.92025,4534054.547,45.96247671,0.986468718
2020,29,M,5329,2458730,0.002167,0.997833,98442.97721,213.33,98336.31424,4435509.627,45.0566384,0.984429772
2020,30,M,5570,2446049,0.002277,0.997723,98229.61396,223.67,98117.77954,4337173.313,44.1534191,0.98229614
2020,31,M,5637,2346037,0.002403,0.997597,98005.93122,235.51,97888.17709,4239055.533,43.25305092,0.980059312
2020,32,M,5522,2286384,0.002415,0.997585,97770.44498,236.12,97652.38717,4141167.356,42.35602443,0.97770445
2020,33,M,5692,2244172,0.002536,0.997464,97534.31299,247.35,97410.63948,4043514.969,41.45735839,0.97534313
2020,34,M,5857,2246611,0.002607,0.997393,97286.93208,253.63,97160.11856,3946104.33,40.56150446,0.972869321
2020,35,M,5925,2250914,0.002632,0.997368,97033.30136,255.39,96905.60554,3848944.211,39.6662193,0.970333014
2020,36,M,6071,2167794,0.002801,0.997199,96777.88409,271.07,96642.34666,3752038.605,38.76958709,0.967778841
2020,37,M,6489,2190946,0.002962,0.997038,96506.85348,285.85,96363.92683,3655396.259,37.87706393,0.965068535
2020,38,M,6530,2180264,0.002995,0.997005,96221.02582,288.18,96076.93483,3559032.332,36.98809384,0.962210258
2020,39,M,7051,2147670,0.003283,0.996717,95932.83902,314.95,95775.36526,3462955.397,36.09770578,0.95932839
2020,40,M,7231,2192444,0.003298,0.996702,95617.8826,315.35,95460.20871,3367180.032,35.21496126,0.956178826
2020,41,M,7171,2042821,0.00351,0.99649,95302.52089,334.51,95135.26497,3271719.823,34.32983506,0.953025209
2020,42,M,7124,1997308,0.003567,0.996433,94967.97646,338.75,94798.60107,3176584.558,33.44900751,0.949679765
2020,43,M,7395,1967767,0.003758,0.996242,94629.24459,355.62,94451.43624,3081785.957,32.56695085,0.946292446
2020,44,M,7507,1907940,0.003935,0.996065,94273.62156,370.97,94088.13821,2987334.521,31.68791515,0.942736216
2020,45,M,8018,1966590,0.004077,0.995923,93902.69162,382.84,93711.27098,2893246.383,30.81111236,0.939026916
2020,46,M,8443,1893397,0.004459,0.995541,93519.8402,417.00,93311.33772,2799535.112,29.93519991,0.935198402
2020,47,M,9253,1911966,0.00484,0.99516,93102.8183,450.62,92877.50948,2706223.774,29.06704462,0.931028183
2020,48,M,10562,1996639,0.00529,0.99471,92652.24524,490.13,92407.18005,2613346.264,28.205968,0.926522452
2020,49,M,11878,2104312,0.005645,0.994355,92162.12508,520.26,91901.99748,2520939.084,27.35330899,0.921621251
2020,50,M,12657,2133843,0.005932,0.994068,91641.90673,543.62,91370.09683,2429037.087,26.50574583,0.916419067
2020,51,M,13097,2012703,0.006507,0.993493,91098.32802,592.78,90801.93961,2337666.99,25.66092091,0.91098328
2020,52,M,14021,1964096,0.007139,0.992861,90505.53574,646.12,90182.47623,2246865.05,24.82571958,0.905055357
2020,53,M,15089,1955019,0.007718,0.992282,89859.44812,693.54,89512.68051,2156682.574,24.00062119,0.898594481
2020,54,M,16826,1986127,0.008472,0.991528,89165.90539,755.41,88788.19861,2067169.894,23.18341169,0.891659054
2020,55,M,19091,2097187,0.009103,0.990897,88410.51285,804.80,88008.1124,1978381.695,22.37722225,0.884105129
2020,56,M,21168,2118583,0.009992,0.990008,87605.69902,875.36,87168.02095,1890373.583,21.57820329,0.87605699
2020,57,M,22489,2104702,0.010685,0.989315,86730.37932,926.71,86267.02227,1803205.562,20.79093365,0.867303793
2020,58,M,24355,2089658,0.011655,0.988345,85803.65454,1000.04,85303.63374,1716938.54,20.01008639,0.858036545
2020,59,M,26557,2101798,0.012635,0.987365,84803.61147,1071.49,84267.86465,1631634.906,19.24015826,0.848036115
2020,60,M,28354,2116626,0.013396,0.986604,83732.08627,1121.68,83171.24876,1547367.041,18.47997715,0.837320863
2020,61,M,30080,2026188,0.014846,0.985154,82610.42398,1226.43,81997.2068,1464195.792,17.72410456,0.82610424
2020,62,M,31422,1999600,0.015714,0.984286,81384.02171,1278.87,80744.58745,1382198.586,16.98366039,0.813840217
2020,63,M,33504,1960712,0.017088,0.982912,80105.14157,1368.84,79420.72324,1301453.998,16.24682227,0.801051416
2020,64,M,34107,1874380,0.018196,0.981804,78736.33133,1432.69,78019.98819,1222033.275,15.52057677,0.787363313
2020,65,M,34987,1846576,0.018947,0.981053,77303.61222,1464.67,76571.27645,1144013.287,14.79896287,0.773036122
2020,66,M,36153,1750568,0.020652,0.979348,75838.94384,1566.23,75055.83091,1067442.01,14.07511703,0.758389438
2020,67,M,36489,1670185,0.021847,0.978153,74272.70629,1622.64,73461.38838,992386.1793,13.3613844,0.742727063
2020,68,M,37251,1593647,0.023375,0.976625,72650.04965,1698.19,71800.95219,918924.791,12.64864643,0.726500497
2020,69,M,37856,1529375,0.024753,0.975247,70951.87747,1756.27,70073.74156,847123.8388,11.93941399,0.709518775
2020,70,M,39186,1485086,0.026386,0.973614,69195.63438,1825.80,68282.73638,777050.0972,11.2297561,0.691956344
2020,71,M,40638,1426391,0.02849,0.97151,67369.8141,1919.37,66410.1311,708767.3608,10.52054797,0.673698141
2020,72,M,43199,1398098,0.030898,0.969102,65450.44241,2022.29,64439.29853,642357.2297,9.81440623,0.654504424
2020,73,M,46529,1442000,0.032267,0.967733,63428.12805,2046.64,62404.81035,577917.9312,9.111382426,0.634281281
2020,74,M,39711,1041614,0.038124,0.961876,61381.49326,2340.11,60211.43924,515513.1209,8.398510585,0.613814933
2020,75,M,39754,1009458,0.039382,0.960618,59041.35528,2325.17,57878.77195,455301.6816,7.711572329,0.590413553
2020,76,M,42877,961529,0.044593,0.955407,56716.21641,2529.15,55451.64329,397422.9097,7.007218302,0.567162164
2020,77,M,46442,963155,0.048219,0.951781,54187.09746,2612.85,52880.67363,341971.2664,6.310935304,0.541870975
2020,78,M,44183,816776,0.054094,0.945906,51574.27068,2789.86,50179.34138,289090.5927,5.605325852,0.515742707
2020,79,M,42495,722766,0.058795,0.941205,48784.39193,2868.28,47350.25277,238911.2514,4.897288701,0.487843919
2020,80,M,42411,663256,0.063944,0.936056,45916.11543,2936.06,44448.08539,191560.9986,4.171977459,0.459161154
2020,81,M,42685,604941,0.070561,0.929439,42980.07208,3032.72,41463.71365,147112.9132,3.42281681,0.429800721
2020,82,M,42913,554034,0.077456,0.922544,39947.3724,3094.16,38400.29056,105649.1996,2.644709607,0.399473724
2020,83,M,42570,486767,0.087455,0.912545,36853.22729,3223.00,35241.72779,67248.909,1.82477666,0.368532273
2020,84,M,42528,440593,0.096524,0.903476,33630.24404,3246.13,32007.1812,32007.1812,0.951738,0.33630244
2020,20,T,3983,4344572,0.000917,0.999083,100000,91.70,99954.15,5538168.509,55.38168509,1
2020,21,T,4576,4283150,0.001068,0.998932,99908.32238,106.70,99854.97134,5438214.359,54.4320456,0.999083224
2020,22,T,4685,4293020,0.001091,0.998909,99801.58307,108.88,99747.14131,5338359.388,53.48972655,0.998015831
2020,23,T,5032,4315220,0.001166,0.998834,99692.66897,116.24,99634.54814,5238612.247,52.5476176,0.99692669
2020,24,T,5262,4358793,0.001207,0.998793,99576.41684,120.19,99516.32247,5138977.699,51.6083814,0.995764168
2020,25,T,5706,4461006,0.001279,0.998721,99456.20671,127.20,99392.60447,5039461.376,50.67015466,0.994562067
2020,26,T,5962,4555511,0.001309,0.998691,99328.99389,130.02,99263.98306,4940068.772,49.73440864,0.993289939
2020,27,T,6533,4628618,0.001411,0.998589,99198.99762,139.97,99129.01273,4840804.789,48.79892846,0.991989976
2020,28,T,6970,4751001,0.001467,0.998533,99058.98454,145.32,98986.32477,4741675.776,47.86719547,0.990589845
2020,29,T,7525,4835107,0.001556,0.998444,98913.65914,153.91,98836.70431,4642689.451,46.93678802,0.989136591
2020,30,T,7906,4821081,0.00164,0.99836,98759.7173,161.97,98678.73433,4543852.747,46.00917126,0.987597173
2020,31,T,7944,4627340,0.001717,0.998283,98597.7631,169.29,98513.11692,4445174.012,45.08392354,0.985977631
2020,32,T,8049,4514736,0.001783,0.998217,98428.49509,175.50,98340.74609,4346660.896,44.16059487,0.984284951
2020,33,T,8345,4432699,0.001883,0.998117,98253.01396,185.01,98160.50875,4248320.149,43.23857333,0.98253014
2020,34,T,8546,4442547,0.001924,0.998076,98068.04282,188.68,97973.70136,4150159.641,42.31918494,0.980680428
2020,35,T,8785,4466747,0.001967,0.998033,97879.39214,192.53,97783.12776,4052185.939,41.39978652,0.978793921
2020,36,T,9051,4319361,0.002095,0.997905,97686.88729,204.65,97584.56028,3954402.812,40.48038505,0.976868873
2020,37,T,9771,4374441,0.002234,0.997766,97482.18942,217.78,97373.30181,3856818.251,39.56433759,0.974821894
2020,38,T,9872,4362662,0.002263,0.997737,97264.44766,220.11,97154.39294,3759444.949,38.65178942,0.972644477
2020,39,T,10602,4305093,0.002463,0.997537,97044.35391,239.02,96924.84379,3662290.557,37.73831665,0.970443539
2020,40,T,10945,4378957,0.002499,0.997501,96805.36622,241.92,96684.40791,3565365.713,36.83024869,0.968053662
2020,41,T,11118,4100150,0.002712,0.997288,96563.40569,261.88,96432.46571,3468681.305,35.92128177,0.965634057
2020,42,T,10991,4014287,0.002738,0.997262,96301.56358,263.67,96169.72674,3372248.839,35.01759176,0.963015636
2020,43,T,11538,3967810,0.002908,0.997092,96037.89273,279.28,95898.25363,3276079.112,34.1123594,0.960378927
2020,44,T,11817,3846684,0.003072,0.996928,95758.62401,294.17,95611.53876,3180180.859,33.21038592,0.95758624
2020,45,T,12743,3957972,0.00322,0.99678,95464.45385,307.40,95310.75608,3084569.32,32.31118176,0.954644539
2020,46,T,13429,3826694,0.003509,0.996491,95157.09858,333.91,94990.14545,2989258.564,31.41393137,0.951570986
2020,47,T,14763,3876923,0.003808,0.996192,94823.1642,361.09,94642.6209,2894268.418,30.52279939,0.948231642
2020,48,T,16683,4043448,0.004126,0.995874,94462.08549,389.75,94267.21021,2799625.798,29.63756075,0.944620855
2020,49,T,18813,4265569,0.00441,0.99559,94072.34115,414.86,93864.91164,2705358.587,28.75827851,0.940723412
2020,50,T,20160,4310670,0.004677,0.995323,93657.44153,438.04,93438.4236,2611493.676,27.88346161,0.936574415
2020,51,T,20976,4076434,0.005146,0.994854,93219.42748,479.71,92979.57389,2518055.252,27.01212955,0.932194275
2020,52,T,22399,3983727,0.005623,0.994377,92739.75071,521.48,92479.0129,2425075.678,26.14925811,0.927397507
2020,53,T,24222,3979962,0.006086,0.993914,92218.30994,561.24,91937.68962,2332596.665,25.2942899,0.922183099
2020,54,T,26954,4044734,0.006664,0.993336,91657.07043,610.80,91351.66907,2240658.976,24.44611163,0.916570704
2020,55,T,30507,4277856,0.007131,0.992869,91046.27015,649.25,90721.64467,2149307.307,23.60675844,0.910462702
2020,56,T,33814,4343881,0.007784,0.992216,90396.98495,703.65,90045.15988,2058585.662,22.77272481,0.90396985
2020,57,T,36561,4327862,0.008448,0.991552,89693.30922,757.73,89314.44468,1968540.502,21.94746207,0.896933092
2020,58,T,39240,4306615,0.009112,0.990888,88935.59627,810.38,88530.40569,1879226.057,21.13019012,0.889355963
2020,59,T,43106,4346885,0.009917,0.990083,88125.25386,873.94,87688.28479,1790695.652,20.31989212,0.881252539
2020,60,T,46304,4372095,0.010591,0.989409,87251.35745,924.08,86789.31789,1703007.367,19.51840541,0.872513575
2020,61,T,48871,4208976,0.011611,0.988389,86327.29545,1002.35,85826.12234,1616218.049,18.72198174,0.863272955
2020,62,T,51325,4168433,0.012313,0.987687,85324.93733,1050.61,84799.63435,1530391.927,17.93604513,0.853249373
2020,63,T,54811,4106492,0.013347,0.986653,84274.35012,1124.81,83711.94524,1445592.292,17.15340777,0.842743501
2020,64,T,56010,3944582,0.014199,0.985801,83149.50648,1180.64,82559.18656,1361880.347,16.37869429,0.831495065
2020,65,T,58027,3897420,0.014889,0.985111,81968.84808,1220.43,81358.63099,1279321.161,15.60740684,0.819688481
2020,66,T,59907,3720410,0.016102,0.983898,80748.44937,1300.21,80098.3436,1197962.53,14.83573417,0.807484494
2020,67,T,61164,3562236,0.01717,0.98283,79448.21704,1364.13,78766.1541,1117864.186,14.07034956,0.79448217
2020,68,T,62889,3407082,0.018458,0.981542,78084.08206,1441.28,77363.44407,1039098.032,13.30742457,0.780840821
2020,69,T,64401,3286519,0.019596,0.980404,76642.78131,1501.89,75891.83534,961734.5877,12.54827358,0.766427813
2020,70,T,67279,3192029,0.021077,0.978923,75140.92729,1583.75,74349.05463,885842.7524,11.78908465,0.751409273
2020,71,T,71049,3074732,0.023107,0.976893,73557.16773,1699.69,72707.32499,811493.6978,11.03214986,0.735571677
2020,72,T,76103,3017173,0.025223,0.974777,71857.45432,1812.46,70951.22403,738786.3728,10.28127673,0.718574543
2020,73,T,82553,3117385,0.026481,0.973519,70044.97362,1854.86,69117.54315,667835.1488,9.534376476,0.700449736
2020,74,T,71135,2274412,0.031276,0.968724,68190.07834,2132.71,67123.72189,598717.6056,8.780127845,0.681900783
2020,75,T,72225,2219565,0.03254,0.96746,66057.35075,2149.51,64982.59765,531593.8837,8.047459937,0.660573508
2020,76,T,78100,2130427,0.036659,0.963341,63907.834,2342.80,62736.43536,466611.2861,7.301315924,0.63907834
2020,77,T,85310,2147097,0.039733,0.960267,61565.01641,2446.16,60341.93501,403874.8507,6.560135516,0.615650164
2020,78,T,82048,1839828,0.044595,0.955405,59118.87097,2636.41,57800.66794,343532.9157,5.810884241,0.59118871
2020,79,T,80508,1649916,0.048795,0.951205,56482.43695,2756.06,55104.40669,285732.2477,5.058780449,0.56482437
2020,80,T,81661,1526957,0.05348,0.94652,53726.3645,2873.29,52289.72151,230627.8411,4.292638134,0.537263645
2020,81,T,83337,1400392,0.05951,0.94049,50853.10176,3026.27,49339.96772,178338.1195,3.506927078,0.508531018
2020,82,T,85630,1303809,0.065677,0.934323,47826.84558,3141.12,46256.28371,128998.1518,2.6971913,0.478268456
2020,83,T,85649,1163249,0.073629,0.926371,44685.73152,3290.17,43040.64866,82741.86811,1.851639557,0.446857315
2020,84,T,87616,1070307,0.081861,0.918139,41395.56044,3388.68,39701.21945,39701.21945,0.9590695,0.413955604
