Notes,Year,Year Code,Single-Year Ages,Single-Year Ages Code,Sex,Sex Code,Deaths,Population,Crude Rate
,2015,2015,< 1 year,0,Female,F,10447,1942904,537.7
,2015,2015,< 1 year,0,Male,M,13008,2035134,639.172
Total,2015,2015,< 1 year,0,,,23455,3978038,589.612
,2015,2015,1 year,1,Female,F,678,1939269,34.962
,2015,2015,1 year,1,Male,M,913,2029295,44.991
Total,2015,2015,1 year,1,,,1591,3968564,40.09
,2015,2015,2 years,2,Female,F,442,1939979,22.784
,2015,2015,2 years,2,Male,M,565,2026604,27.879
Total,2015,2015,2 years,2,,,1007,3966583,25.387
,2015,2015,3 years,3,Female,F,316,1943417,16.26
,2015,2015,3 years,3,Male,M,462,2030644,22.751
Total,2015,2015,3 years,3,,,778,3974061,19.577
,2015,2015,4 years,4,Female,F,248,1964111,12.627
,2015,2015,4 years,4,Male,M,341,2055924,16.586
Total,2015,2015,4 years,4,,,589,4020035,14.652
,2015,2015,5 years,5,Female,F,222,1967310,11.284
,2015,2015,5 years,5,Male,M,321,2050848,15.652
Total,2015,2015,5 years,5,,,543,4018158,13.514
,2015,2015,6 years,6,Female,F,233,1968544,11.836
,2015,2015,6 years,6,Male,M,283,2050663,13.8
Total,2015,2015,6 years,6,,,516,4019207,12.838
,2015,2015,7 years,7,Female,F,207,2031242,10.191
,2015,2015,7 years,7,Male,M,241,2117118,11.383
Total,2015,2015,7 years,7,,,448,4148360,10.799
,2015,2015,8 years,8,Female,F,195,2039062,9.563
,2015,2015,8 years,8,Male,M,269,2128825,12.636
Total,2015,2015,8 years,8,,,464,4167887,11.133
,2015,2015,9 years,9,Female,F,168,2021886,8.309
,2015,2015,9 years,9,Male,M,263,2111678,12.455
Total,2015,2015,9 years,9,,,431,4133564,10.427
,2015,2015,10 years,10,Female,F,167,2017346,8.278
,2015,2015,10 years,10,Male,M,274,2103943,13.023
Total,2015,2015,10 years,10,,,441,4121289,10.701
,2015,2015,11 years,11,Female,F,198,2023586,9.785
,2015,2015,11 years,11,Male,M,266,2106742,12.626
Total,2015,2015,11 years,11,,,464,4130328,11.234
,2015,2015,12 years,12,Female,F,225,2010241,11.193
,2015,2015,12 years,12,Male,M,293,2090780,14.014
Total,2015,2015,12 years,12,,,518,4101021,12.631
,2015,2015,13 years,13,Female,F,291,2001602,14.538
,2015,2015,13 years,13,Male,M,394,2082704,18.918
Total,2015,2015,13 years,13,,,685,4084306,16.772
,2015,2015,14 years,14,Female,F,352,2049167,17.178
,2015,2015,14 years,14,Male,M,549,2136219,25.7
Total,2015,2015,14 years,14,,,901,4185386,21.527
,2015,2015,15 years,15,Female,F,368,2076753,17.72
,2015,2015,15 years,15,Male,M,723,2172989,33.272
Total,2015,2015,15 years,15,,,1091,4249742,25.672
,2015,2015,16 years,16,Female,F,486,2045025,23.765
,2015,2015,16 years,16,Male,M,988,2139271,46.184
Total,2015,2015,16 years,16,,,1474,4184296,35.227
,2015,2015,17 years,17,Female,F,569,2049112,27.768
,2015,2015,17 years,17,Male,M,1409,2145174,65.682
Total,2015,2015,17 years,17,,,1978,4194286,47.159
,2015,2015,18 years,18,Female,F,743,2061954,36.034
,2015,2015,18 years,18,Male,M,1841,2156041,85.388
Total,2015,2015,18 years,18,,,2584,4217995,61.261
,2015,2015,19 years,19,Female,F,833,2078192,40.083
,2015,2015,19 years,19,Male,M,2226,2184392,101.905
Total,2015,2015,19 years,19,,,3059,4262584,71.764
,2015,2015,20 years,20,Female,F,866,2123067,40.79
,2015,2015,20 years,20,Male,M,2500,2240373,111.589
Total,2015,2015,20 years,20,,,3366,4363440,77.141
,2015,2015,21 years,21,Female,F,993,2166784,45.828
,2015,2015,21 years,21,Male,M,2851,2290006,124.497
Total,2015,2015,21 years,21,,,3844,4456790,86.25
,2015,2015,22 years,22,Female,F,1021,2197776,46.456
,2015,2015,22 years,22,Male,M,3134,2331696,134.409
Total,2015,2015,22 years,22,,,4155,4529472,91.733
,2015,2015,23 years,23,Female,F,1088,2264424,48.048
,2015,2015,23 years,23,Male,M,3251,2387842,136.148
Total,2015,2015,23 years,23,,,4339,4652266,93.266
,2015,2015,24 years,24,Female,F,1181,2319408,50.918
,2015,2015,24 years,24,Male,M,3423,2417937,141.567
Total,2015,2015,24 years,24,,,4604,4737345,97.185
,2015,2015,25 years,25,Female,F,1285,2322049,55.339
,2015,2015,25 years,25,Male,M,3471,2407515,144.174
Total,2015,2015,25 years,25,,,4756,4729564,100.559
,2015,2015,26 years,26,Female,F,1260,2233433,56.415
,2015,2015,26 years,26,Male,M,3296,2310983,142.623
Total,2015,2015,26 years,26,,,4556,4544416,100.255
,2015,2015,27 years,27,Female,F,1327,2185163,60.728
,2015,2015,27 years,27,Male,M,3412,2254603,151.335
Total,2015,2015,27 years,27,,,4739,4439766,106.74
,2015,2015,28 years,28,Female,F,1386,2149931,64.467
,2015,2015,28 years,28,Male,M,3364,2214738,151.892
Total,2015,2015,28 years,28,,,4750,4364669,108.828
,2015,2015,29 years,29,Female,F,1467,2161579,67.867
,2015,2015,29 years,29,Male,M,3630,2221560,163.399
Total,2015,2015,29 years,29,,,5097,4383139,116.287
,2015,2015,30 years,30,Female,F,1601,2185746,73.247
,2015,2015,30 years,30,Male,M,3506,2231463,157.117
Total,2015,2015,30 years,30,,,5107,4417209,115.616
,2015,2015,31 years,31,Female,F,1641,2125468,77.207
,2015,2015,31 years,31,Male,M,3575,2152765,166.066
Total,2015,2015,31 years,31,,,5216,4278233,121.919
,2015,2015,32 years,32,Female,F,1848,2162451,85.459
,2015,2015,32 years,32,Male,M,3738,2181163,171.376
Total,2015,2015,32 years,32,,,5586,4343614,128.603
,2015,2015,33 years,33,Female,F,1926,2166123,88.915
,2015,2015,33 years,33,Male,M,3832,2175631,176.133
Total,2015,2015,33 years,33,,,5758,4341754,132.619
,2015,2015,34 years,34,Female,F,1995,2146121,92.958
,2015,2015,34 years,34,Male,M,3957,2148717,184.156
Total,2015,2015,34 years,34,,,5952,4294838,138.585
,2015,2015,35 years,35,Female,F,2064,2180134,94.673
,2015,2015,35 years,35,Male,M,4026,2199270,183.061
Total,2015,2015,35 years,35,,,6090,4379404,139.06
,2015,2015,36 years,36,Female,F,2243,2055478,109.123
,2015,2015,36 years,36,Male,M,3949,2053297,192.325
Total,2015,2015,36 years,36,,,6192,4108775,150.702
,2015,2015,37 years,37,Female,F,2206,2017940,109.319
,2015,2015,37 years,37,Male,M,4015,2010463,199.705
Total,2015,2015,37 years,37,,,6221,4028403,154.428
,2015,2015,38 years,38,Female,F,2387,2003325,119.152
,2015,2015,38 years,38,Male,M,4058,1983816,204.555
Total,2015,2015,38 years,38,,,6445,3987141,161.645
,2015,2015,39 years,39,Female,F,2327,1944284,119.684
,2015,2015,39 years,39,Male,M,4142,1926578,214.993
Total,2015,2015,39 years,39,,,6469,3870862,167.12
,2015,2015,40 years,40,Female,F,2602,2000626,130.059
,2015,2015,40 years,40,Male,M,4282,1989213,215.261
Total,2015,2015,40 years,40,,,6884,3989839,172.538
,2015,2015,41 years,41,Female,F,2833,1946164,145.568
,2015,2015,41 years,41,Male,M,4547,1919064,236.938
Total,2015,2015,41 years,41,,,7380,3865228,190.933
,2015,2015,42 years,42,Female,F,3182,1981947,160.549
,2015,2015,42 years,42,Male,M,4933,1942311,253.976
Total,2015,2015,42 years,42,,,8115,3924258,206.791
,2015,2015,43 years,43,Female,F,3488,2068346,168.637
,2015,2015,43 years,43,Male,M,5401,2032362,265.75
Total,2015,2015,43 years,43,,,8889,4100708,216.767
,2015,2015,44 years,44,Female,F,4086,2187962,186.749
,2015,2015,44 years,44,Male,M,6317,2147203,294.197
Total,2015,2015,44 years,44,,,10403,4335165,239.968
,2015,2015,45 years,45,Female,F,4386,2206861,198.744
,2015,2015,45 years,45,Male,M,6635,2182484,304.011
Total,2015,2015,45 years,45,,,11021,4389345,251.085
,2015,2015,46 years,46,Female,F,4655,2095675,222.124
,2015,2015,46 years,46,Male,M,7135,2064898,345.538
Total,2015,2015,46 years,46,,,11790,4160573,283.374
,2015,2015,47 years,47,Female,F,4891,2054083,238.111
,2015,2015,47 years,47,Male,M,7407,2019602,366.755
Total,2015,2015,47 years,47,,,12298,4073685,301.889
,2015,2015,48 years,48,Female,F,5534,2062616,268.3
,2015,2015,48 years,48,Male,M,8202,2015073,407.032
Total,2015,2015,48 years,48,,,13736,4077689,336.857
,2015,2015,49 years,49,Female,F,6104,2099680,290.711
,2015,2015,49 years,49,Male,M,9428,2052872,459.259
Total,2015,2015,49 years,49,,,15532,4152552,374.035
,2015,2015,50 years,50,Female,F,7051,2227286,316.574
,2015,2015,50 years,50,Male,M,10767,2173002,495.49
Total,2015,2015,50 years,50,,,17818,4400288,404.928
,2015,2015,51 years,51,Female,F,7852,2276939,344.849
,2015,2015,51 years,51,Male,M,12164,2202725,552.225
Total,2015,2015,51 years,51,,,20016,4479664,446.819
,2015,2015,52 years,52,Female,F,8731,2279256,383.064
,2015,2015,52 years,52,Male,M,13209,2195088,601.753
Total,2015,2015,52 years,52,,,21940,4474344,490.351
,2015,2015,53 years,53,Female,F,9482,2277046,416.417
,2015,2015,53 years,53,Male,M,14524,2186448,664.274
Total,2015,2015,53 years,53,,,24006,4463494,537.83
,2015,2015,54 years,54,Female,F,10261,2309943,444.21
,2015,2015,54 years,54,Male,M,16076,2206584,728.547
Total,2015,2015,54 years,54,,,26337,4516527,583.125
,2015,2015,55 years,55,Female,F,10922,2324887,469.786
,2015,2015,55 years,55,Male,M,17123,2228498,768.365
Total,2015,2015,55 years,55,,,28045,4553385,615.915
,2015,2015,56 years,56,Female,F,11834,2255835,524.595
,2015,2015,56 years,56,Male,M,18224,2143285,850.284
Total,2015,2015,56 years,56,,,30058,4399120,683.273
,2015,2015,57 years,57,Female,F,12584,2246694,560.112
,2015,2015,57 years,57,Male,M,19693,2124551,926.925
Total,2015,2015,57 years,57,,,32277,4371245,738.394
,2015,2015,58 years,58,Female,F,13361,2228294,599.607
,2015,2015,58 years,58,Male,M,20611,2092228,985.122
Total,2015,2015,58 years,58,,,33972,4320522,786.294
,2015,2015,59 years,59,Female,F,13716,2154665,636.572
,2015,2015,59 years,59,Male,M,21521,2009005,1071.227
Total,2015,2015,59 years,59,,,35237,4163670,846.297
,2015,2015,60 years,60,Female,F,14201,2138784,663.975
,2015,2015,60 years,60,Male,M,22515,1987008,1133.111
Total,2015,2015,60 years,60,,,36716,4125792,889.914
,2015,2015,61 years,61,Female,F,14911,2060944,723.503
,2015,2015,61 years,61,Male,M,23323,1893657,1231.638
Total,2015,2015,61 years,61,,,38234,3954601,966.823
,2015,2015,62 years,62,Female,F,15645,1986021,787.756
,2015,2015,62 years,62,Male,M,24065,1815914,1325.228
Total,2015,2015,62 years,62,,,39710,3801935,1044.468
,2015,2015,63 years,63,Female,F,16212,1909879,848.85
,2015,2015,63 years,63,Male,M,25306,1741514,1453.103
Total,2015,2015,63 years,63,,,41518,3651393,1137.046
,2015,2015,64 years,64,Female,F,16773,1857069,903.197
,2015,2015,64 years,64,Male,M,25245,1679087,1503.496
Total,2015,2015,64 years,64,,,42018,3536156,1188.239
,2015,2015,65 years,65,Female,F,17507,1812107,966.113
,2015,2015,65 years,65,Male,M,25976,1637936,1585.898
Total,2015,2015,65 years,65,,,43483,3450043,1260.361
,2015,2015,66 years,66,Female,F,18684,1760795,1061.112
,2015,2015,66 years,66,Male,M,26986,1583339,1704.373
Total,2015,2015,66 years,66,,,45670,3344134,1365.675
,2015,2015,67 years,67,Female,F,20246,1741227,1162.743
,2015,2015,67 years,67,Male,M,28284,1562960,1809.643
Total,2015,2015,67 years,67,,,48530,3304187,1468.743
,2015,2015,68 years,68,Female,F,22174,1812428,1223.442
,2015,2015,68 years,68,Male,M,30528,1623929,1879.885
Total,2015,2015,68 years,68,,,52702,3436357,1533.659
,2015,2015,69 years,69,Female,F,19241,1344721,1430.854
,2015,2015,69 years,69,Male,M,25856,1188026,2176.383
Total,2015,2015,69 years,69,,,45097,2532747,1780.557
,2015,2015,70 years,70,Female,F,20339,1329818,1529.457
,2015,2015,70 years,70,Male,M,26504,1162672,2279.577
Total,2015,2015,70 years,70,,,46843,2492490,1879.366
,2015,2015,71 years,71,Female,F,22047,1298089,1698.42
,2015,2015,71 years,71,Male,M,28756,1123102,2560.409
Total,2015,2015,71 years,71,,,50803,2421191,2098.265
,2015,2015,72 years,72,Female,F,24821,1328954,1867.709
,2015,2015,72 years,72,Male,M,30898,1140651,2708.804
Total,2015,2015,72 years,72,,,55719,2469605,2256.191
,2015,2015,73 years,73,Female,F,23855,1162411,2052.2
,2015,2015,73 years,73,Male,M,29580,983641,3007.195
Total,2015,2015,73 years,73,,,53435,2146052,2489.921
,2015,2015,74 years,74,Female,F,23755,1067619,2225.045
,2015,2015,74 years,74,Male,M,28979,886092,3270.428
Total,2015,2015,74 years,74,,,52734,1953711,2699.171
,2015,2015,75 years,75,Female,F,24903,1010164,2465.243
,2015,2015,75 years,75,Male,M,29511,829659,3557.004
Total,2015,2015,75 years,75,,,54414,1839823,2957.567
,2015,2015,76 years,76,Female,F,25854,947283,2729.279
,2015,2015,76 years,76,Male,M,30203,774758,3898.379
Total,2015,2015,76 years,76,,,56057,1722041,3255.265
,2015,2015,77 years,77,Female,F,27548,910536,3025.471
,2015,2015,77 years,77,Male,M,31079,728549,4265.876
Total,2015,2015,77 years,77,,,58627,1639085,3576.813
,2015,2015,78 years,78,Female,F,28172,840960,3349.981
,2015,2015,78 years,78,Male,M,31046,659853,4704.987
Total,2015,2015,78 years,78,,,59218,1500813,3945.728
,2015,2015,79 years,79,Female,F,30209,803984,3757.413
,2015,2015,79 years,79,Male,M,31880,618087,5157.85
Total,2015,2015,79 years,79,,,62089,1422071,4366.097
,2015,2015,80 years,80,Female,F,32182,772956,4163.497
,2015,2015,80 years,80,Male,M,33120,578240,5727.726
Total,2015,2015,80 years,80,,,65302,1351196,4832.904
,2015,2015,81 years,81,Female,F,32253,693056,4653.736
,2015,2015,81 years,81,Male,M,32996,507988,6495.429
Total,2015,2015,81 years,81,,,65249,1201044,5432.69
,2015,2015,82 years,82,Female,F,35303,671319,5258.752
,2015,2015,82 years,82,Male,M,33750,477629,7066.154
Total,2015,2015,82 years,82,,,69053,1148948,6010.107
,2015,2015,83 years,83,Female,F,37496,640387,5855.209
,2015,2015,83 years,83,Male,M,34644,442175,7834.907
Total,2015,2015,83 years,83,,,72140,1082562,6663.822
,2015,2015,84 years,84,Female,F,39800,608958,6535.755
,2015,2015,84 years,84,Male,M,35617,406633,8759.004
Total,2015,2015,84 years,84,,,75417,1015591,7425.922
,2015,2015,85 years,85,Female,F,42054,Not Applicable,Not Applicable
,2015,2015,85 years,85,Male,M,35498,Not Applicable,Not Applicable
Total,2015,2015,85 years,85,,,77552,Not Applicable,Not Applicable
,2015,2015,86 years,86,Female,F,43027,Not Applicable,Not Applicable
,2015,2015,86 years,86,Male,M,34676,Not Applicable,Not Applicable
Total,2015,2015,86 years,86,,,77703,Not Applicable,Not Applicable
,2015,2015,87 years,87,Female,F,45252,Not Applicable,Not Applicable
,2015,2015,87 years,87,Male,M,34900,Not Applicable,Not Applicable
Total,2015,2015,87 years,87,,,80152,Not Applicable,Not Applicable
,2015,2015,88 years,88,Female,F,45915,Not Applicable,Not Applicable
,2015,2015,88 years,88,Male,M,33152,Not Applicable,Not Applicable
Total,2015,2015,88 years,88,,,79067,Not Applicable,Not Applicable
,2015,2015,89 years,89,Female,F,45567,Not Applicable,Not Applicable
,2015,2015,89 years,89,Male,M,30706,Not Applicable,Not Applicable
Total,2015,2015,89 years,89,,,76273,Not Applicable,Not Applicable
,2015,2015,90 years,90,Female,F,45974,Not Applicable,Not Applicable
,2015,2015,90 years,90,Male,M,28690,Not Applicable,Not Applicable
Total,2015,2015,90 years,90,,,74664,Not Applicable,Not Applicable
,2015,2015,91 years,91,Female,F,43774,Not Applicable,Not Applicable
,2015,2015,91 years,91,Male,M,25871,Not Applicable,Not Applicable
Total,2015,2015,91 years,91,,,69645,Not Applicable,Not Applicable
,2015,2015,92 years,92,Female,F,40511,Not Applicable,Not Applicable
,2015,2015,92 years,92,Male,M,22541,Not Applicable,Not Applicable
Total,2015,2015,92 years,92,,,63052,Not Applicable,Not Applicable
,2015,2015,93 years,93,Female,F,37836,Not Applicable,Not Applicable
,2015,2015,93 years,93,Male,M,19604,Not Applicable,Not Applicable
Total,2015,2015,93 years,93,,,57440,Not Applicable,Not Applicable
,2015,2015,94 years,94,Female,F,33025,Not Applicable,Not Applicable
,2015,2015,94 years,94,Male,M,15970,Not Applicable,Not Applicable
Total,2015,2015,94 years,94,,,48995,Not Applicable,Not Applicable
,2015,2015,95 years,95,Female,F,28012,Not Applicable,Not Applicable
,2015,2015,95 years,95,Male,M,12316,Not Applicable,Not Applicable
Total,2015,2015,95 years,95,,,40328,Not Applicable,Not Applicable
,2015,2015,96 years,96,Female,F,21971,Not Applicable,Not Applicable
,2015,2015,96 years,96,Male,M,8722,Not Applicable,Not Applicable
Total,2015,2015,96 years,96,,,30693,Not Applicable,Not Applicable
,2015,2015,97 years,97,Female,F,18143,Not Applicable,Not Applicable
,2015,2015,97 years,97,Male,M,6574,Not Applicable,Not Applicable
Total,2015,2015,97 years,97,,,24717,Not Applicable,Not Applicable
,2015,2015,98 years,98,Female,F,14032,Not Applicable,Not Applicable
,2015,2015,98 years,98,Male,M,4474,Not Applicable,Not Applicable
Total,2015,2015,98 years,98,,,18506,Not Applicable,Not Applicable
,2015,2015,99 years,99,Female,F,10313,Not Applicable,Not Applicable
,2015,2015,99 years,99,Male,M,3071,Not Applicable,Not Applicable
Total,2015,2015,99 years,99,,,13384,Not Applicable,Not Applicable
,2015,2015,100+ years,100,Female,F,22591,Not Applicable,Not Applicable
,2015,2015,100+ years,100,Male,M,4939,Not Applicable,Not Applicable
Total,2015,2015,100+ years,100,,,27530,Not Applicable,Not Applicable
,2015,2015,Not Stated,NS,Female,F,43,Not Applicable,Not Applicable
,2015,2015,Not Stated,NS,Male,M,95,Not Applicable,Not Applicable
Total,2015,2015,Not Stated,NS,,,138,Not Applicable,Not Applicable
Total,2015,2015,,,,,2712630,321418820,843.955
,2016,2016,< 1 year,0,Female,F,10294,1939667,530.71
,2016,2016,< 1 year,0,Male,M,12867,2030478,633.693
Total,2016,2016,< 1 year,0,,,23161,3970145,583.379
,2016,2016,1 year,1,Female,F,694,1953850,35.52
,2016,2016,1 year,1,Male,M,874,2041158,42.819
Total,2016,2016,1 year,1,,,1568,3995008,39.249
,2016,2016,2 years,2,Female,F,474,1949132,24.319
,2016,2016,2 years,2,Male,M,572,2043022,27.998
Total,2016,2016,2 years,2,,,1046,3992154,26.201
,2016,2016,3 years,3,Female,F,323,1947408,16.586
,2016,2016,3 years,3,Male,M,468,2034666,23.001
Total,2016,2016,3 years,3,,,791,3982074,19.864
,2016,2016,4 years,4,Female,F,298,1950127,15.281
,2016,2016,4 years,4,Male,M,342,2037529,16.785
Total,2016,2016,4 years,4,,,640,3987656,16.05
,2016,2016,5 years,5,Female,F,256,1970381,12.992
,2016,2016,5 years,5,Male,M,290,2062134,14.063
Total,2016,2016,5 years,5,,,546,4032515,13.54
,2016,2016,6 years,6,Female,F,206,1973241,10.44
,2016,2016,6 years,6,Male,M,282,2056414,13.713
Total,2016,2016,6 years,6,,,488,4029655,12.11
,2016,2016,7 years,7,Female,F,240,1974326,12.156
,2016,2016,7 years,7,Male,M,271,2055665,13.183
Total,2016,2016,7 years,7,,,511,4029991,12.68
,2016,2016,8 years,8,Female,F,194,2037098,9.523
,2016,2016,8 years,8,Male,M,289,2122016,13.619
Total,2016,2016,8 years,8,,,483,4159114,11.613
,2016,2016,9 years,9,Female,F,217,2044830,10.612
,2016,2016,9 years,9,Male,M,245,2133694,11.482
Total,2016,2016,9 years,9,,,462,4178524,11.057
,2016,2016,10 years,10,Female,F,189,2027418,9.322
,2016,2016,10 years,10,Male,M,276,2116601,13.04
Total,2016,2016,10 years,10,,,465,4144019,11.221
,2016,2016,11 years,11,Female,F,227,2022731,11.222
,2016,2016,11 years,11,Male,M,279,2108491,13.232
Total,2016,2016,11 years,11,,,506,4131222,12.248
,2016,2016,12 years,12,Female,F,221,2028493,10.895
,2016,2016,12 years,12,Male,M,313,2111065,14.827
Total,2016,2016,12 years,12,,,534,4139558,12.9
,2016,2016,13 years,13,Female,F,258,2014600,12.807
,2016,2016,13 years,13,Male,M,387,2095103,18.472
Total,2016,2016,13 years,13,,,645,4109703,15.695
,2016,2016,14 years,14,Female,F,354,2006259,17.645
,2016,2016,14 years,14,Male,M,509,2087472,24.384
Total,2016,2016,14 years,14,,,863,4093731,21.081
,2016,2016,15 years,15,Female,F,399,2054841,19.418
,2016,2016,15 years,15,Male,M,771,2142150,35.992
Total,2016,2016,15 years,15,,,1170,4196991,27.877
,2016,2016,16 years,16,Female,F,507,2084083,24.327
,2016,2016,16 years,16,Male,M,1073,2181141,49.194
Total,2016,2016,16 years,16,,,1580,4265224,37.044
,2016,2016,17 years,17,Female,F,613,2054585,29.836
,2016,2016,17 years,17,Male,M,1442,2150416,67.057
Total,2016,2016,17 years,17,,,2055,4205001,48.87
,2016,2016,18 years,18,Female,F,776,2060801,37.655
,2016,2016,18 years,18,Male,M,2040,2158502,94.51
Total,2016,2016,18 years,18,,,2816,4219303,66.741
,2016,2016,19 years,19,Female,F,804,2073843,38.769
,2016,2016,19 years,19,Male,M,2387,2169637,110.018
Total,2016,2016,19 years,19,,,3191,4243480,75.198
,2016,2016,20 years,20,Female,F,901,2088855,43.134
,2016,2016,20 years,20,Male,M,2602,2197366,118.415
Total,2016,2016,20 years,20,,,3503,4286221,81.727
,2016,2016,21 years,21,Female,F,1032,2133830,48.364
,2016,2016,21 years,21,Male,M,3150,2253024,139.812
Total,2016,2016,21 years,21,,,4182,4386854,95.33
,2016,2016,22 years,22,Female,F,1107,2178862,50.806
,2016,2016,22 years,22,Male,M,3275,2302042,142.265
Total,2016,2016,22 years,22,,,4382,4480904,97.793
,2016,2016,23 years,23,Female,F,1198,2210629,54.193
,2016,2016,23 years,23,Male,M,3524,2342323,150.449
Total,2016,2016,23 years,23,,,4722,4552952,103.713
,2016,2016,24 years,24,Female,F,1225,2277787,53.78
,2016,2016,24 years,24,Male,M,3749,2396310,156.449
Total,2016,2016,24 years,24,,,4974,4674097,106.416
,2016,2016,25 years,25,Female,F,1379,2332540,59.12
,2016,2016,25 years,25,Male,M,3924,2425812,161.76
Total,2016,2016,25 years,25,,,5303,4758352,111.446
,2016,2016,26 years,26,Female,F,1476,2333494,63.253
,2016,2016,26 years,26,Male,M,3798,2413760,157.348
Total,2016,2016,26 years,26,,,5274,4747254,111.096
,2016,2016,27 years,27,Female,F,1536,2243248,68.472
,2016,2016,27 years,27,Male,M,3927,2315958,169.563
Total,2016,2016,27 years,27,,,5463,4559206,119.823
,2016,2016,28 years,28,Female,F,1564,2193389,71.305
,2016,2016,28 years,28,Male,M,4030,2258118,178.467
Total,2016,2016,28 years,28,,,5594,4451507,125.665
,2016,2016,29 years,29,Female,F,1587,2156739,73.583
,2016,2016,29 years,29,Male,M,3832,2217826,172.782
Total,2016,2016,29 years,29,,,5419,4374565,123.875
,2016,2016,30 years,30,Female,F,1725,2167435,79.587
,2016,2016,30 years,30,Male,M,3960,2224720,178
Total,2016,2016,30 years,30,,,5685,4392155,129.435
,2016,2016,31 years,31,Female,F,1907,2190224,87.069
,2016,2016,31 years,31,Male,M,4011,2233583,179.577
Total,2016,2016,31 years,31,,,5918,4423807,133.776
,2016,2016,32 years,32,Female,F,1977,2128886,92.865
,2016,2016,32 years,32,Male,M,4147,2154190,192.509
Total,2016,2016,32 years,32,,,6124,4283076,142.981
,2016,2016,33 years,33,Female,F,2022,2164564,93.414
,2016,2016,33 years,33,Male,M,4219,2181222,193.424
Total,2016,2016,33 years,33,,,6241,4345786,143.61
,2016,2016,34 years,34,Female,F,2186,2166986,100.877
,2016,2016,34 years,34,Male,M,4409,2174549,202.755
Total,2016,2016,34 years,34,,,6595,4341535,151.905
,2016,2016,35 years,35,Female,F,2318,2146149,108.007
,2016,2016,35 years,35,Male,M,4468,2146976,208.107
Total,2016,2016,35 years,35,,,6786,4293125,158.067
,2016,2016,36 years,36,Female,F,2461,2179618,112.91
,2016,2016,36 years,36,Male,M,4564,2195944,207.838
Total,2016,2016,36 years,36,,,7025,4375562,160.551
,2016,2016,37 years,37,Female,F,2441,2054543,118.81
,2016,2016,37 years,37,Male,M,4560,2048955,222.552
Total,2016,2016,37 years,37,,,7001,4103498,170.611
,2016,2016,38 years,38,Female,F,2606,2016225,129.251
,2016,2016,38 years,38,Male,M,4567,2005894,227.679
Total,2016,2016,38 years,38,,,7173,4022119,178.339
,2016,2016,39 years,39,Female,F,2642,2000928,132.039
,2016,2016,39 years,39,Male,M,4650,1978673,235.006
Total,2016,2016,39 years,39,,,7292,3979601,183.234
,2016,2016,40 years,40,Female,F,2739,1941028,141.111
,2016,2016,40 years,40,Male,M,4597,1921122,239.287
Total,2016,2016,40 years,40,,,7336,3862150,189.946
,2016,2016,41 years,41,Female,F,2863,1996568,143.396
,2016,2016,41 years,41,Male,M,4927,1983028,248.458
Total,2016,2016,41 years,41,,,7790,3979596,195.749
,2016,2016,42 years,42,Female,F,3134,1941928,161.386
,2016,2016,42 years,42,Male,M,4954,1912625,259.016
Total,2016,2016,42 years,42,,,8088,3854553,209.83
,2016,2016,43 years,43,Female,F,3495,1977320,176.754
,2016,2016,43 years,43,Male,M,5708,1934987,294.989
Total,2016,2016,43 years,43,,,9203,3912307,235.232
,2016,2016,44 years,44,Female,F,3878,2063086,187.971
,2016,2016,44 years,44,Male,M,6220,2024559,307.227
Total,2016,2016,44 years,44,,,10098,4087645,247.037
,2016,2016,45 years,45,Female,F,4549,2181652,208.512
,2016,2016,45 years,45,Male,M,6937,2137964,324.468
Total,2016,2016,45 years,45,,,11486,4319616,265.903
,2016,2016,46 years,46,Female,F,4860,2199725,220.937
,2016,2016,46 years,46,Male,M,7499,2172236,345.22
Total,2016,2016,46 years,46,,,12359,4371961,282.688
,2016,2016,47 years,47,Female,F,4931,2088622,236.089
,2016,2016,47 years,47,Male,M,7800,2054342,379.684
Total,2016,2016,47 years,47,,,12731,4142964,307.292
,2016,2016,48 years,48,Female,F,5386,2046863,263.134
,2016,2016,48 years,48,Male,M,8380,2008211,417.287
Total,2016,2016,48 years,48,,,13766,4055074,339.476
,2016,2016,49 years,49,Female,F,6090,2054806,296.378
,2016,2016,49 years,49,Male,M,9153,2003202,456.918
Total,2016,2016,49 years,49,,,15243,4058008,375.628
,2016,2016,50 years,50,Female,F,6721,2091455,321.355
,2016,2016,50 years,50,Male,M,10279,2039838,503.913
Total,2016,2016,50 years,50,,,17000,4131293,411.493
,2016,2016,51 years,51,Female,F,7660,2217966,345.361
,2016,2016,51 years,51,Male,M,11557,2157926,535.561
Total,2016,2016,51 years,51,,,19217,4375892,439.156
,2016,2016,52 years,52,Female,F,8543,2266189,376.977
,2016,2016,52 years,52,Male,M,13268,2186447,606.829
Total,2016,2016,52 years,52,,,21811,4452636,489.845
,2016,2016,53 years,53,Female,F,9477,2267892,417.877
,2016,2016,53 years,53,Male,M,14413,2177713,661.841
Total,2016,2016,53 years,53,,,23890,4445605,537.385
,2016,2016,54 years,54,Female,F,10213,2265370,450.831
,2016,2016,54 years,54,Male,M,15800,2168260,728.695
Total,2016,2016,54 years,54,,,26013,4433630,586.72
,2016,2016,55 years,55,Female,F,11212,2297597,487.988
,2016,2016,55 years,55,Male,M,17335,2186968,792.65
Total,2016,2016,55 years,55,,,28547,4484565,636.561
,2016,2016,56 years,56,Female,F,11931,2311661,516.122
,2016,2016,56 years,56,Male,M,18283,2207097,828.373
Total,2016,2016,56 years,56,,,30214,4518758,668.635
,2016,2016,57 years,57,Female,F,12662,2241986,564.767
,2016,2016,57 years,57,Male,M,19808,2120821,933.978
Total,2016,2016,57 years,57,,,32470,4362807,744.246
,2016,2016,58 years,58,Female,F,13403,2232174,600.446
,2016,2016,58 years,58,Male,M,20868,2100779,993.346
Total,2016,2016,58 years,58,,,34271,4332953,790.939
,2016,2016,59 years,59,Female,F,14288,2213284,645.557
,2016,2016,59 years,59,Male,M,22356,2067741,1081.18
Total,2016,2016,59 years,59,,,36644,4281025,855.963
,2016,2016,60 years,60,Female,F,14892,2139267,696.126
,2016,2016,60 years,60,Male,M,22875,1984701,1152.567
Total,2016,2016,60 years,60,,,37767,4123968,915.793
,2016,2016,61 years,61,Female,F,15278,2122487,719.816
,2016,2016,61 years,61,Male,M,24337,1961475,1240.75
Total,2016,2016,61 years,61,,,39615,4083962,970.014
,2016,2016,62 years,62,Female,F,16291,2044245,796.92
,2016,2016,62 years,62,Male,M,24890,1867184,1333.023
Total,2016,2016,62 years,62,,,41181,3911429,1052.838
,2016,2016,63 years,63,Female,F,16695,1968870,847.948
,2016,2016,63 years,63,Male,M,25337,1788512,1416.653
Total,2016,2016,63 years,63,,,42032,3757382,1118.651
,2016,2016,64 years,64,Female,F,17409,1892535,919.877
,2016,2016,64 years,64,Male,M,26295,1713760,1534.346
Total,2016,2016,64 years,64,,,43704,3606295,1211.881
,2016,2016,65 years,65,Female,F,17934,1839731,974.816
,2016,2016,65 years,65,Male,M,26756,1651159,1620.438
Total,2016,2016,65 years,65,,,44690,3490890,1280.189
,2016,2016,66 years,66,Female,F,18641,1794239,1038.936
,2016,2016,66 years,66,Male,M,27052,1609408,1680.867
Total,2016,2016,66 years,66,,,45693,3403647,1342.472
,2016,2016,67 years,67,Female,F,20160,1741373,1157.707
,2016,2016,67 years,67,Male,M,28132,1553893,1810.421
Total,2016,2016,67 years,67,,,48292,3295266,1465.496
,2016,2016,68 years,68,Female,F,21599,1719694,1255.979
,2016,2016,68 years,68,Male,M,29863,1532242,1948.974
Total,2016,2016,68 years,68,,,51462,3251936,1582.503
,2016,2016,69 years,69,Female,F,23932,1788127,1338.384
,2016,2016,69 years,69,Male,M,32586,1590217,2049.154
Total,2016,2016,69 years,69,,,56518,3378344,1672.95
,2016,2016,70 years,70,Female,F,20393,1325617,1538.378
,2016,2016,70 years,70,Male,M,26854,1161594,2311.823
Total,2016,2016,70 years,70,,,47247,2487211,1899.598
,2016,2016,71 years,71,Female,F,21484,1310054,1639.932
,2016,2016,71 years,71,Male,M,28167,1135596,2480.372
Total,2016,2016,71 years,71,,,49651,2445650,2030.176
,2016,2016,72 years,72,Female,F,23542,1276783,1843.853
,2016,2016,72 years,72,Male,M,29906,1094469,2732.467
Total,2016,2016,72 years,72,,,53448,2371252,2253.999
,2016,2016,73 years,73,Female,F,26233,1304712,2010.635
,2016,2016,73 years,73,Male,M,32437,1108935,2925.059
Total,2016,2016,73 years,73,,,58670,2413647,2430.761
,2016,2016,74 years,74,Female,F,25420,1138891,2231.996
,2016,2016,74 years,74,Male,M,30989,953596,3249.699
Total,2016,2016,74 years,74,,,56409,2092487,2695.787
,2016,2016,75 years,75,Female,F,25708,1043735,2463.077
,2016,2016,75 years,75,Male,M,30756,856476,3590.994
Total,2016,2016,75 years,75,,,56464,1900211,2971.459
,2016,2016,76 years,76,Female,F,25901,984932,2629.725
,2016,2016,76 years,76,Male,M,30677,799334,3837.82
Total,2016,2016,76 years,76,,,56578,1784266,3170.94
,2016,2016,77 years,77,Female,F,27585,920921,2995.371
,2016,2016,77 years,77,Male,M,31459,743645,4230.379
Total,2016,2016,77 years,77,,,59044,1664566,3547.111
,2016,2016,78 years,78,Female,F,28945,882532,3279.768
,2016,2016,78 years,78,Male,M,31783,696383,4564.011
Total,2016,2016,78 years,78,,,60728,1578915,3846.186
,2016,2016,79 years,79,Female,F,29905,812156,3682.174
,2016,2016,79 years,79,Male,M,32176,627781,5125.354
Total,2016,2016,79 years,79,,,62081,1439937,4311.369
,2016,2016,80 years,80,Female,F,31952,773313,4131.833
,2016,2016,80 years,80,Male,M,33035,584947,5647.52
Total,2016,2016,80 years,80,,,64987,1358260,4784.577
,2016,2016,81 years,81,Female,F,33568,740254,4534.66
,2016,2016,81 years,81,Male,M,33672,544044,6189.205
Total,2016,2016,81 years,81,,,67240,1284298,5235.545
,2016,2016,82 years,82,Female,F,34222,660414,5181.901
,2016,2016,82 years,82,Male,M,32898,474695,6930.345
Total,2016,2016,82 years,82,,,67120,1135109,5913.089
,2016,2016,83 years,83,Female,F,36058,636001,5669.488
,2016,2016,83 years,83,Male,M,33700,443081,7605.833
Total,2016,2016,83 years,83,,,69758,1079082,6464.569
,2016,2016,84 years,84,Female,F,38253,602402,6350.079
,2016,2016,84 years,84,Male,M,34663,406488,8527.435
Total,2016,2016,84 years,84,,,72916,1008890,7227.349
,2016,2016,85 years,85,Female,F,41051,Not Applicable,Not Applicable
,2016,2016,85 years,85,Male,M,34866,Not Applicable,Not Applicable
Total,2016,2016,85 years,85,,,75917,Not Applicable,Not Applicable
,2016,2016,86 years,86,Female,F,42459,Not Applicable,Not Applicable
,2016,2016,86 years,86,Male,M,35058,Not Applicable,Not Applicable
Total,2016,2016,86 years,86,,,77517,Not Applicable,Not Applicable
,2016,2016,87 years,87,Female,F,43269,Not Applicable,Not Applicable
,2016,2016,87 years,87,Male,M,33753,Not Applicable,Not Applicable
Total,2016,2016,87 years,87,,,77022,Not Applicable,Not Applicable
,2016,2016,88 years,88,Female,F,44814,Not Applicable,Not Applicable
,2016,2016,88 years,88,Male,M,32916,Not Applicable,Not Applicable
Total,2016,2016,88 years,88,,,77730,Not Applicable,Not Applicable
,2016,2016,89 years,89,Female,F,44823,Not Applicable,Not Applicable
,2016,2016,89 years,89,Male,M,31470,Not Applicable,Not Applicable
Total,2016,2016,89 years,89,,,76293,Not Applicable,Not Applicable
,2016,2016,90 years,90,Female,F,44061,Not Applicable,Not Applicable
,2016,2016,90 years,90,Male,M,28742,Not Applicable,Not Applicable
Total,2016,2016,90 years,90,,,72803,Not Applicable,Not Applicable
,2016,2016,91 years,91,Female,F,43368,Not Applicable,Not Applicable
,2016,2016,91 years,91,Male,M,26088,Not Applicable,Not Applicable
Total,2016,2016,91 years,91,,,69456,Not Applicable,Not Applicable
,2016,2016,92 years,92,Female,F,40362,Not Applicable,Not Applicable
,2016,2016,92 years,92,Male,M,22897,Not Applicable,Not Applicable
Total,2016,2016,92 years,92,,,63259,Not Applicable,Not Applicable
,2016,2016,93 years,93,Female,F,36549,Not Applicable,Not Applicable
,2016,2016,93 years,93,Male,M,19433,Not Applicable,Not Applicable
Total,2016,2016,93 years,93,,,55982,Not Applicable,Not Applicable
,2016,2016,94 years,94,Female,F,33094,Not Applicable,Not Applicable
,2016,2016,94 years,94,Male,M,16177,Not Applicable,Not Applicable
Total,2016,2016,94 years,94,,,49271,Not Applicable,Not Applicable
,2016,2016,95 years,95,Female,F,28427,Not Applicable,Not Applicable
,2016,2016,95 years,95,Male,M,12795,Not Applicable,Not Applicable
Total,2016,2016,95 years,95,,,41222,Not Applicable,Not Applicable
,2016,2016,96 years,96,Female,F,23356,Not Applicable,Not Applicable
,2016,2016,96 years,96,Male,M,9608,Not Applicable,Not Applicable
Total,2016,2016,96 years,96,,,32964,Not Applicable,Not Applicable
,2016,2016,97 years,97,Female,F,17890,Not Applicable,Not Applicable
,2016,2016,97 years,97,Male,M,6496,Not Applicable,Not Applicable
Total,2016,2016,97 years,97,,,24386,Not Applicable,Not Applicable
,2016,2016,98 years,98,Female,F,14343,Not Applicable,Not Applicable
,2016,2016,98 years,98,Male,M,4867,Not Applicable,Not Applicable
Total,2016,2016,98 years,98,,,19210,Not Applicable,Not Applicable
,2016,2016,99 years,99,Female,F,10451,Not Applicable,Not Applicable
,2016,2016,99 years,99,Male,M,3143,Not Applicable,Not Applicable
Total,2016,2016,99 years,99,,,13594,Not Applicable,Not Applicable
,2016,2016,100+ years,100,Female,F,22790,Not Applicable,Not Applicable
,2016,2016,100+ years,100,Male,M,5046,Not Applicable,Not Applicable
Total,2016,2016,100+ years,100,,,27836,Not Applicable,Not Applicable
,2016,2016,Not Stated,NS,Female,F,40,Not Applicable,Not Applicable
,2016,2016,Not Stated,NS,Male,M,97,Not Applicable,Not Applicable
Total,2016,2016,Not Stated,NS,,,137,Not Applicable,Not Applicable
Total,2016,2016,,,,,2744248,323127513,849.277
,2017,2017,< 1 year,0,Female,F,9867,1924145,512.799
,2017,2017,< 1 year,0,Male,M,12468,2015150,618.713
Total,2017,2017,< 1 year,0,,,22335,3939295,566.98
,2017,2017,1 year,1,Female,F,658,1943534,33.856
,2017,2017,1 year,1,Male,M,859,2031718,42.279
Total,2017,2017,1 year,1,,,1517,3975252,38.161
,2017,2017,2 years,2,Female,F,405,1965150,20.609
,2017,2017,2 years,2,Male,M,587,2056625,28.542
Total,2017,2017,2 years,2,,,992,4021775,24.666
,2017,2017,3 years,3,Female,F,312,1956281,15.949
,2017,2017,3 years,3,Male,M,461,2050474,22.483
Total,2017,2017,3 years,3,,,773,4006755,19.292
,2017,2017,4 years,4,Female,F,273,1953782,13.973
,2017,2017,4 years,4,Male,M,325,2042001,15.916
Total,2017,2017,4 years,4,,,598,3995783,14.966
,2017,2017,5 years,5,Female,F,211,1956268,10.786
,2017,2017,5 years,5,Male,M,300,2045050,14.67
Total,2017,2017,5 years,5,,,511,4001318,12.771
,2017,2017,6 years,6,Female,F,213,1976331,10.778
,2017,2017,6 years,6,Male,M,242,2069201,11.695
Total,2017,2017,6 years,6,,,455,4045532,11.247
,2017,2017,7 years,7,Female,F,219,1979376,11.064
,2017,2017,7 years,7,Male,M,267,2063003,12.942
Total,2017,2017,7 years,7,,,486,4042379,12.023
,2017,2017,8 years,8,Female,F,206,1980666,10.401
,2017,2017,8 years,8,Male,M,248,2062172,12.026
Total,2017,2017,8 years,8,,,454,4042838,11.23
,2017,2017,9 years,9,Female,F,206,2043456,10.081
,2017,2017,9 years,9,Male,M,242,2128715,11.368
Total,2017,2017,9 years,9,,,448,4172171,10.738
,2017,2017,10 years,10,Female,F,200,2051237,9.75
,2017,2017,10 years,10,Male,M,294,2140682,13.734
Total,2017,2017,10 years,10,,,494,4191919,11.785
,2017,2017,11 years,11,Female,F,218,2034143,10.717
,2017,2017,11 years,11,Male,M,304,2123819,14.314
Total,2017,2017,11 years,11,,,522,4157962,12.554
,2017,2017,12 years,12,Female,F,218,2029693,10.741
,2017,2017,12 years,12,Male,M,383,2116260,18.098
Total,2017,2017,12 years,12,,,601,4145953,14.496
,2017,2017,13 years,13,Female,F,274,2035757,13.459
,2017,2017,13 years,13,Male,M,428,2119558,20.193
Total,2017,2017,13 years,13,,,702,4155315,16.894
,2017,2017,14 years,14,Female,F,337,2022552,16.662
,2017,2017,14 years,14,Male,M,561,2104753,26.654
Total,2017,2017,14 years,14,,,898,4127305,21.758
,2017,2017,15 years,15,Female,F,423,2015751,20.985
,2017,2017,15 years,15,Male,M,796,2098809,37.926
Total,2017,2017,15 years,15,,,1219,4114560,29.626
,2017,2017,16 years,16,Female,F,512,2066782,24.773
,2017,2017,16 years,16,Male,M,1169,2155909,54.223
Total,2017,2017,16 years,16,,,1681,4222691,39.809
,2017,2017,17 years,17,Female,F,551,2098704,26.254
,2017,2017,17 years,17,Male,M,1411,2197871,64.198
Total,2017,2017,17 years,17,,,1962,4296575,45.664
,2017,2017,18 years,18,Female,F,744,2071758,35.912
,2017,2017,18 years,18,Male,M,2018,2169468,93.018
Total,2017,2017,18 years,18,,,2762,4241226,65.123
,2017,2017,19 years,19,Female,F,807,2078174,38.832
,2017,2017,19 years,19,Male,M,2455,2178434,112.696
Total,2017,2017,19 years,19,,,3262,4256608,76.634
,2017,2017,20 years,20,Female,F,904,2089336,43.267
,2017,2017,20 years,20,Male,M,2633,2187409,120.371
Total,2017,2017,20 years,20,,,3537,4276745,82.703
,2017,2017,21 years,21,Female,F,1028,2104329,48.852
,2017,2017,21 years,21,Male,M,2864,2213975,129.36
Total,2017,2017,21 years,21,,,3892,4318304,90.128
,2017,2017,22 years,22,Female,F,1087,2150615,50.544
,2017,2017,22 years,22,Male,M,3115,2270148,137.216
Total,2017,2017,22 years,22,,,4202,4420763,95.051
,2017,2017,23 years,23,Female,F,1207,2196524,54.95
,2017,2017,23 years,23,Male,M,3387,2318784,146.068
Total,2017,2017,23 years,23,,,4594,4515308,101.743
,2017,2017,24 years,24,Female,F,1259,2228689,56.491
,2017,2017,24 years,24,Male,M,3655,2358826,154.95
Total,2017,2017,24 years,24,,,4914,4587515,107.117
,2017,2017,25 years,25,Female,F,1413,2295484,61.556
,2017,2017,25 years,25,Male,M,3851,2413370,159.569
Total,2017,2017,25 years,25,,,5264,4708854,111.789
,2017,2017,26 years,26,Female,F,1413,2350352,60.119
,2017,2017,26 years,26,Male,M,4102,2443974,167.841
Total,2017,2017,26 years,26,,,5515,4794326,115.032
,2017,2017,27 years,27,Female,F,1665,2351456,70.807
,2017,2017,27 years,27,Male,M,4147,2432679,170.47
Total,2017,2017,27 years,27,,,5812,4784135,121.485
,2017,2017,28 years,28,Female,F,1745,2260383,77.199
,2017,2017,28 years,28,Male,M,4170,2335023,178.585
Total,2017,2017,28 years,28,,,5915,4595406,128.716
,2017,2017,29 years,29,Female,F,1655,2210555,74.868
,2017,2017,29 years,29,Male,M,4115,2277184,180.706
Total,2017,2017,29 years,29,,,5770,4487739,128.573
,2017,2017,30 years,30,Female,F,1786,2174279,82.142
,2017,2017,30 years,30,Male,M,4033,2236352,180.338
Total,2017,2017,30 years,30,,,5819,4410631,131.931
,2017,2017,31 years,31,Female,F,1916,2183649,87.743
,2017,2017,31 years,31,Male,M,4244,2241759,189.316
Total,2017,2017,31 years,31,,,6160,4425408,139.196
,2017,2017,32 years,32,Female,F,2028,2204770,91.982
,2017,2017,32 years,32,Male,M,4432,2248948,197.07
Total,2017,2017,32 years,32,,,6460,4453718,145.047
,2017,2017,33 years,33,Female,F,2166,2142863,101.08
,2017,2017,33 years,33,Male,M,4453,2168114,205.386
Total,2017,2017,33 years,33,,,6619,4310977,153.538
,2017,2017,34 years,34,Female,F,2279,2177520,104.66
,2017,2017,34 years,34,Male,M,4602,2193958,209.758
Total,2017,2017,34 years,34,,,6881,4371478,157.407
,2017,2017,35 years,35,Female,F,2385,2179052,109.451
,2017,2017,35 years,35,Male,M,4661,2185895,213.231
Total,2017,2017,35 years,35,,,7046,4364947,161.422
,2017,2017,36 years,36,Female,F,2460,2157640,114.013
,2017,2017,36 years,36,Male,M,4809,2156347,223.016
Total,2017,2017,36 years,36,,,7269,4313987,168.498
,2017,2017,37 years,37,Female,F,2662,2190170,121.543
,2017,2017,37 years,37,Male,M,4920,2204181,223.212
Total,2017,2017,37 years,37,,,7582,4394351,172.54
,2017,2017,38 years,38,Female,F,2519,2063849,122.054
,2017,2017,38 years,38,Male,M,4831,2056619,234.9
Total,2017,2017,38 years,38,,,7350,4120468,178.378
,2017,2017,39 years,39,Female,F,2770,2025301,136.77
,2017,2017,39 years,39,Male,M,4884,2012943,242.63
Total,2017,2017,39 years,39,,,7654,4038244,189.538
,2017,2017,40 years,40,Female,F,2898,2009156,144.24
,2017,2017,40 years,40,Male,M,5074,1985267,255.583
Total,2017,2017,40 years,40,,,7972,3994423,199.578
,2017,2017,41 years,41,Female,F,2956,1948683,151.692
,2017,2017,41 years,41,Male,M,5045,1927055,261.798
Total,2017,2017,41 years,41,,,8001,3875738,206.438
,2017,2017,42 years,42,Female,F,3277,2003193,163.589
,2017,2017,42 years,42,Male,M,5236,1987507,263.446
Total,2017,2017,42 years,42,,,8513,3990700,213.321
,2017,2017,43 years,43,Female,F,3436,1947353,176.445
,2017,2017,43 years,43,Male,M,5464,1916102,285.162
Total,2017,2017,43 years,43,,,8900,3863455,230.364
,2017,2017,44 years,44,Female,F,3641,1981873,183.715
,2017,2017,44 years,44,Male,M,5868,1937184,302.914
Total,2017,2017,44 years,44,,,9509,3919057,242.635
,2017,2017,45 years,45,Female,F,4140,2066554,200.334
,2017,2017,45 years,45,Male,M,6870,2025025,339.255
Total,2017,2017,45 years,45,,,11010,4091579,269.089
,2017,2017,46 years,46,Female,F,4863,2183846,222.681
,2017,2017,46 years,46,Male,M,7680,2136737,359.427
Total,2017,2017,46 years,46,,,12543,4320583,290.308
,2017,2017,47 years,47,Female,F,5251,2201202,238.551
,2017,2017,47 years,47,Male,M,8282,2169762,381.701
Total,2017,2017,47 years,47,,,13533,4370964,309.611
,2017,2017,48 years,48,Female,F,5441,2089271,260.426
,2017,2017,48 years,48,Male,M,8450,2050739,412.047
Total,2017,2017,48 years,48,,,13891,4140010,335.531
,2017,2017,49 years,49,Female,F,5780,2046810,282.391
,2017,2017,49 years,49,Male,M,8941,2003912,446.177
Total,2017,2017,49 years,49,,,14721,4050722,363.417
,2017,2017,50 years,50,Female,F,6490,2053593,316.031
,2017,2017,50 years,50,Male,M,9935,1997485,497.375
Total,2017,2017,50 years,50,,,16425,4051078,405.448
,2017,2017,51 years,51,Female,F,7200,2089015,344.66
,2017,2017,51 years,51,Male,M,11297,2032379,555.851
Total,2017,2017,51 years,51,,,18497,4121394,448.804
,2017,2017,52 years,52,Female,F,8160,2214239,368.524
,2017,2017,52 years,52,Male,M,12566,2148966,584.746
Total,2017,2017,52 years,52,,,20726,4363205,475.018
,2017,2017,53 years,53,Female,F,9047,2261664,400.015
,2017,2017,53 years,53,Male,M,14244,2175762,654.667
Total,2017,2017,53 years,53,,,23291,4437426,524.876
,2017,2017,54 years,54,Female,F,9966,2262401,440.505
,2017,2017,54 years,54,Male,M,15539,2165590,717.541
Total,2017,2017,54 years,54,,,25505,4427991,575.995
,2017,2017,55 years,55,Female,F,10959,2258814,485.166
,2017,2017,55 years,55,Male,M,17001,2154452,789.11
Total,2017,2017,55 years,55,,,27960,4413266,633.544
,2017,2017,56 years,56,Female,F,11882,2290060,518.851
,2017,2017,56 years,56,Male,M,18374,2171286,846.227
Total,2017,2017,56 years,56,,,30256,4461346,678.181
,2017,2017,57 years,57,Female,F,12929,2303341,561.315
,2017,2017,57 years,57,Male,M,19776,2190232,902.918
Total,2017,2017,57 years,57,,,32705,4493573,727.817
,2017,2017,58 years,58,Female,F,13554,2232903,607.012
,2017,2017,58 years,58,Male,M,20854,2102988,991.637
Total,2017,2017,58 years,58,,,34408,4335891,793.562
,2017,2017,59 years,59,Female,F,14387,2222318,647.387
,2017,2017,59 years,59,Male,M,22382,2081562,1075.25
Total,2017,2017,59 years,59,,,36769,4303880,854.322
,2017,2017,60 years,60,Female,F,15369,2202546,697.783
,2017,2017,60 years,60,Male,M,23683,2047375,1156.749
Total,2017,2017,60 years,60,,,39052,4249921,918.888
,2017,2017,61 years,61,Female,F,15902,2128409,747.131
,2017,2017,61 years,61,Male,M,24309,1963253,1238.2
Total,2017,2017,61 years,61,,,40211,4091662,982.755
,2017,2017,62 years,62,Female,F,16467,2111180,779.99
,2017,2017,62 years,62,Male,M,25388,1938979,1309.349
Total,2017,2017,62 years,62,,,41855,4050159,1033.416
,2017,2017,63 years,63,Female,F,17301,2032205,851.341
,2017,2017,63 years,63,Male,M,26512,1843702,1437.976
Total,2017,2017,63 years,63,,,43813,3875907,1130.393
,2017,2017,64 years,64,Female,F,17921,1956079,916.17
,2017,2017,64 years,64,Male,M,27056,1763974,1533.809
Total,2017,2017,64 years,64,,,44977,3720053,1209.042
,2017,2017,65 years,65,Female,F,18620,1878995,990.955
,2017,2017,65 years,65,Male,M,27527,1688983,1629.797
Total,2017,2017,65 years,65,,,46147,3567978,1293.366
,2017,2017,66 years,66,Female,F,19061,1825058,1044.405
,2017,2017,66 years,66,Male,M,27805,1626011,1710.013
Total,2017,2017,66 years,66,,,46866,3451069,1358.014
,2017,2017,67 years,67,Female,F,19936,1778116,1121.187
,2017,2017,67 years,67,Male,M,28708,1583631,1812.796
Total,2017,2017,67 years,67,,,48644,3361747,1446.986
,2017,2017,68 years,68,Female,F,21697,1723919,1258.586
,2017,2017,68 years,68,Male,M,29696,1527330,1944.308
Total,2017,2017,68 years,68,,,51393,3251249,1580.716
,2017,2017,69 years,69,Female,F,23515,1700425,1382.89
,2017,2017,69 years,69,Male,M,31522,1503913,2095.999
Total,2017,2017,69 years,69,,,55037,3204338,1717.578
,2017,2017,70 years,70,Female,F,25874,1765955,1465.156
,2017,2017,70 years,70,Male,M,34188,1558707,2193.356
Total,2017,2017,70 years,70,,,60062,3324662,1806.56
,2017,2017,71 years,71,Female,F,21865,1307666,1672.063
,2017,2017,71 years,71,Male,M,28792,1136177,2534.112
Total,2017,2017,71 years,71,,,50657,2443843,2072.842
,2017,2017,72 years,72,Female,F,23530,1290521,1823.295
,2017,2017,72 years,72,Male,M,29455,1108765,2656.559
Total,2017,2017,72 years,72,,,52985,2399286,2208.365
,2017,2017,73 years,73,Female,F,25389,1255382,2022.412
,2017,2017,73 years,73,Male,M,31658,1066091,2969.54
Total,2017,2017,73 years,73,,,57047,2321473,2457.362
,2017,2017,74 years,74,Female,F,28192,1280269,2202.037
,2017,2017,74 years,74,Male,M,34580,1077532,3209.185
Total,2017,2017,74 years,74,,,62772,2357801,2662.311
,2017,2017,75 years,75,Female,F,27378,1115294,2454.779
,2017,2017,75 years,75,Male,M,32363,923942,3502.709
Total,2017,2017,75 years,75,,,59741,2039236,2929.578
,2017,2017,76 years,76,Female,F,27440,1019726,2690.919
,2017,2017,76 years,76,Male,M,31884,827432,3853.368
Total,2017,2017,76 years,76,,,59324,1847158,3211.636
,2017,2017,77 years,77,Female,F,28187,959502,2937.67
,2017,2017,77 years,77,Male,M,32283,769612,4194.711
Total,2017,2017,77 years,77,,,60470,1729114,3497.167
,2017,2017,78 years,78,Female,F,29753,894185,3327.388
,2017,2017,78 years,78,Male,M,32945,713055,4620.261
Total,2017,2017,78 years,78,,,62698,1607240,3900.973
,2017,2017,79 years,79,Female,F,31235,853738,3658.617
,2017,2017,79 years,79,Male,M,34030,664775,5119.025
Total,2017,2017,79 years,79,,,65265,1518513,4297.955
,2017,2017,80 years,80,Female,F,32267,782413,4124.037
,2017,2017,80 years,80,Male,M,33752,596081,5662.318
Total,2017,2017,80 years,80,,,66019,1378494,4789.212
,2017,2017,81 years,81,Female,F,33792,741699,4556.026
,2017,2017,81 years,81,Male,M,34438,552132,6237.277
Total,2017,2017,81 years,81,,,68230,1293831,5273.486
,2017,2017,82 years,82,Female,F,35949,706475,5088.503
,2017,2017,82 years,82,Male,M,35325,510165,6924.23
Total,2017,2017,82 years,82,,,71274,1216640,5858.265
,2017,2017,83 years,83,Female,F,36345,626409,5802.12
,2017,2017,83 years,83,Male,M,34510,441701,7812.978
Total,2017,2017,83 years,83,,,70855,1068110,6633.68
,2017,2017,84 years,84,Female,F,38742,599235,6465.243
,2017,2017,84 years,84,Male,M,35141,408980,8592.352
Total,2017,2017,84 years,84,,,73883,1008215,7328.1
,2017,2017,85 years,85,Female,F,40257,Not Applicable,Not Applicable
,2017,2017,85 years,85,Male,M,35384,Not Applicable,Not Applicable
Total,2017,2017,85 years,85,,,75641,Not Applicable,Not Applicable
,2017,2017,86 years,86,Female,F,42520,Not Applicable,Not Applicable
,2017,2017,86 years,86,Male,M,35686,Not Applicable,Not Applicable
Total,2017,2017,86 years,86,,,78206,Not Applicable,Not Applicable
,2017,2017,87 years,87,Female,F,44273,Not Applicable,Not Applicable
,2017,2017,87 years,87,Male,M,35162,Not Applicable,Not Applicable
Total,2017,2017,87 years,87,,,79435,Not Applicable,Not Applicable
,2017,2017,88 years,88,Female,F,44242,Not Applicable,Not Applicable
,2017,2017,88 years,88,Male,M,33508,Not Applicable,Not Applicable
Total,2017,2017,88 years,88,,,77750,Not Applicable,Not Applicable
,2017,2017,89 years,89,Female,F,44878,Not Applicable,Not Applicable
,2017,2017,89 years,89,Male,M,32211,Not Applicable,Not Applicable
Total,2017,2017,89 years,89,,,77089,Not Applicable,Not Applicable
,2017,2017,90 years,90,Female,F,45156,Not Applicable,Not Applicable
,2017,2017,90 years,90,Male,M,29853,Not Applicable,Not Applicable
Total,2017,2017,90 years,90,,,75009,Not Applicable,Not Applicable
,2017,2017,91 years,91,Female,F,43444,Not Applicable,Not Applicable
,2017,2017,91 years,91,Male,M,26409,Not Applicable,Not Applicable
Total,2017,2017,91 years,91,,,69853,Not Applicable,Not Applicable
,2017,2017,92 years,92,Female,F,41763,Not Applicable,Not Applicable
,2017,2017,92 years,92,Male,M,24090,Not Applicable,Not Applicable
Total,2017,2017,92 years,92,,,65853,Not Applicable,Not Applicable
,2017,2017,93 years,93,Female,F,37919,Not Applicable,Not Applicable
,2017,2017,93 years,93,Male,M,20246,Not Applicable,Not Applicable
Total,2017,2017,93 years,93,,,58165,Not Applicable,Not Applicable
,2017,2017,94 years,94,Female,F,33888,Not Applicable,Not Applicable
,2017,2017,94 years,94,Male,M,16675,Not Applicable,Not Applicable
Total,2017,2017,94 years,94,,,50563,Not Applicable,Not Applicable
,2017,2017,95 years,95,Female,F,30096,Not Applicable,Not Applicable
,2017,2017,95 years,95,Male,M,13694,Not Applicable,Not Applicable
Total,2017,2017,95 years,95,,,43790,Not Applicable,Not Applicable
,2017,2017,96 years,96,Female,F,24926,Not Applicable,Not Applicable
,2017,2017,96 years,96,Male,M,10480,Not Applicable,Not Applicable
Total,2017,2017,96 years,96,,,35406,Not Applicable,Not Applicable
,2017,2017,97 years,97,Female,F,19849,Not Applicable,Not Applicable
,2017,2017,97 years,97,Male,M,7532,Not Applicable,Not Applicable
Total,2017,2017,97 years,97,,,27381,Not Applicable,Not Applicable
,2017,2017,98 years,98,Female,F,14709,Not Applicable,Not Applicable
,2017,2017,98 years,98,Male,M,4971,Not Applicable,Not Applicable
Total,2017,2017,98 years,98,,,19680,Not Applicable,Not Applicable
,2017,2017,99 years,99,Female,F,11323,Not Applicable,Not Applicable
,2017,2017,99 years,99,Male,M,3528,Not Applicable,Not Applicable
Total,2017,2017,99 years,99,,,14851,Not Applicable,Not Applicable
,2017,2017,100+ years,100,Female,F,23926,Not Applicable,Not Applicable
,2017,2017,100+ years,100,Male,M,5437,Not Applicable,Not Applicable
Total,2017,2017,100+ years,100,,,29363,Not Applicable,Not Applicable
,2017,2017,Not Stated,NS,Female,F,38,Not Applicable,Not Applicable
,2017,2017,Not Stated,NS,Male,M,91,Not Applicable,Not Applicable
Total,2017,2017,Not Stated,NS,,,129,Not Applicable,Not Applicable
Total,2017,2017,,,,,2813503,325719178,863.782
,2018,2018,< 1 year,0,Female,F,9399,1879703,500.026
,2018,2018,< 1 year,0,Male,M,12068,1968505,613.054
Total,2018,2018,< 1 year,0,,,21467,3848208,557.844
,2018,2018,1 year,1,Female,F,617,1911513,32.278
,2018,2018,1 year,1,Male,M,831,2001387,41.521
Total,2018,2018,1 year,1,,,1448,3912900,37.006
,2018,2018,2 years,2,Female,F,435,1951366,22.292
,2018,2018,2 years,2,Male,M,612,2040071,29.999
Total,2018,2018,2 years,2,,,1047,3991437,26.231
,2018,2018,3 years,3,Female,F,291,1972327,14.754
,2018,2018,3 years,3,Male,M,454,2064235,21.994
Total,2018,2018,3 years,3,,,745,4036562,18.456
,2018,2018,4 years,4,Female,F,244,1963164,12.429
,2018,2018,4 years,4,Male,M,346,2058004,16.812
Total,2018,2018,4 years,4,,,590,4021168,14.672
,2018,2018,5 years,5,Female,F,230,1960607,11.731
,2018,2018,5 years,5,Male,M,294,2049511,14.345
Total,2018,2018,5 years,5,,,524,4010118,13.067
,2018,2018,6 years,6,Female,F,212,1963030,10.8
,2018,2018,6 years,6,Male,M,248,2052229,12.084
Total,2018,2018,6 years,6,,,460,4015259,11.456
,2018,2018,7 years,7,Female,F,176,1983207,8.875
,2018,2018,7 years,7,Male,M,243,2076156,11.704
Total,2018,2018,7 years,7,,,419,4059363,10.322
,2018,2018,8 years,8,Female,F,221,1986003,11.128
,2018,2018,8 years,8,Male,M,236,2069621,11.403
Total,2018,2018,8 years,8,,,457,4055624,11.268
,2018,2018,9 years,9,Female,F,205,1986805,10.318
,2018,2018,9 years,9,Male,M,265,2068473,12.811
Total,2018,2018,9 years,9,,,470,4055278,11.59
,2018,2018,10 years,10,Female,F,222,2049181,10.834
,2018,2018,10 years,10,Male,M,249,2134896,11.663
Total,2018,2018,10 years,10,,,471,4184077,11.257
,2018,2018,11 years,11,Female,F,247,2056222,12.012
,2018,2018,11 years,11,Male,M,247,2146785,11.506
Total,2018,2018,11 years,11,,,494,4203007,11.753
,2018,2018,12 years,12,Female,F,252,2038862,12.36
,2018,2018,12 years,12,Male,M,337,2129623,15.824
Total,2018,2018,12 years,12,,,589,4168485,14.13
,2018,2018,13 years,13,Female,F,283,2034962,13.907
,2018,2018,13 years,13,Male,M,393,2121925,18.521
Total,2018,2018,13 years,13,,,676,4156887,16.262
,2018,2018,14 years,14,Female,F,321,2041460,15.724
,2018,2018,14 years,14,Male,M,569,2125611,26.769
Total,2018,2018,14 years,14,,,890,4167071,21.358
,2018,2018,15 years,15,Female,F,397,2029592,19.561
,2018,2018,15 years,15,Male,M,789,2111626,37.365
Total,2018,2018,15 years,15,,,1186,4141218,28.639
,2018,2018,16 years,16,Female,F,472,2023998,23.32
,2018,2018,16 years,16,Male,M,1021,2106746,48.463
Total,2018,2018,16 years,16,,,1493,4130744,36.144
,2018,2018,17 years,17,Female,F,594,2076491,28.606
,2018,2018,17 years,17,Male,M,1434,2165445,66.222
Total,2018,2018,17 years,17,,,2028,4241936,47.808
,2018,2018,18 years,18,Female,F,730,2109928,34.598
,2018,2018,18 years,18,Male,M,1971,2209794,89.194
Total,2018,2018,18 years,18,,,2701,4319722,62.527
,2018,2018,19 years,19,Female,F,807,2082304,38.755
,2018,2018,19 years,19,Male,M,2165,2181297,99.253
Total,2018,2018,19 years,19,,,2972,4263601,69.706
,2018,2018,20 years,20,Female,F,890,2087209,42.641
,2018,2018,20 years,20,Male,M,2383,2186613,108.981
Total,2018,2018,20 years,20,,,3273,4273822,76.583
,2018,2018,21 years,21,Female,F,946,2098900,45.071
,2018,2018,21 years,21,Male,M,2775,2193614,126.504
Total,2018,2018,21 years,21,,,3721,4292514,86.686
,2018,2018,22 years,22,Female,F,1010,2115157,47.751
,2018,2018,22 years,22,Male,M,2950,2219586,132.908
Total,2018,2018,22 years,22,,,3960,4334743,91.355
,2018,2018,23 years,23,Female,F,1110,2162394,51.332
,2018,2018,23 years,23,Male,M,3142,2276330,138.029
Total,2018,2018,23 years,23,,,4252,4438724,95.793
,2018,2018,24 years,24,Female,F,1190,2208372,53.886
,2018,2018,24 years,24,Male,M,3378,2325404,145.265
Total,2018,2018,24 years,24,,,4568,4533776,100.755
,2018,2018,25 years,25,Female,F,1298,2240559,57.932
,2018,2018,25 years,25,Male,M,3546,2365722,149.891
Total,2018,2018,25 years,25,,,4844,4606281,105.161
,2018,2018,26 years,26,Female,F,1458,2307677,63.18
,2018,2018,26 years,26,Male,M,3772,2421037,155.801
Total,2018,2018,26 years,26,,,5230,4728714,110.601
,2018,2018,27 years,27,Female,F,1582,2362325,66.968
,2018,2018,27 years,27,Male,M,4117,2451655,167.927
Total,2018,2018,27 years,27,,,5699,4813980,118.384
,2018,2018,28 years,28,Female,F,1687,2362288,71.414
,2018,2018,28 years,28,Male,M,4142,2439423,169.794
Total,2018,2018,28 years,28,,,5829,4801711,121.394
,2018,2018,29 years,29,Female,F,1807,2270069,79.601
,2018,2018,29 years,29,Male,M,4052,2341001,173.088
Total,2018,2018,29 years,29,,,5859,4611070,127.064
,2018,2018,30 years,30,Female,F,1902,2218983,85.715
,2018,2018,30 years,30,Male,M,4198,2282299,183.937
Total,2018,2018,30 years,30,,,6100,4501282,135.517
,2018,2018,31 years,31,Female,F,1870,2180487,85.761
,2018,2018,31 years,31,Male,M,4089,2241062,182.458
Total,2018,2018,31 years,31,,,5959,4421549,134.772
,2018,2018,32 years,32,Female,F,2064,2188295,94.32
,2018,2018,32 years,32,Male,M,4235,2245454,188.603
Total,2018,2018,32 years,32,,,6299,4433749,142.069
,2018,2018,33 years,33,Female,F,2140,2209229,96.866
,2018,2018,33 years,33,Male,M,4338,2252017,192.627
Total,2018,2018,33 years,33,,,6478,4461246,145.206
,2018,2018,34 years,34,Female,F,2172,2147153,101.157
,2018,2018,34 years,34,Male,M,4375,2171039,201.516
Total,2018,2018,34 years,34,,,6547,4318192,151.614
,2018,2018,35 years,35,Female,F,2393,2180901,109.725
,2018,2018,35 years,35,Male,M,4697,2195500,213.938
Total,2018,2018,35 years,35,,,7090,4376401,162.005
,2018,2018,36 years,36,Female,F,2509,2181088,115.034
,2018,2018,36 years,36,Male,M,4696,2185835,214.838
Total,2018,2018,36 years,36,,,7205,4366923,164.99
,2018,2018,37 years,37,Female,F,2584,2158541,119.71
,2018,2018,37 years,37,Male,M,4879,2154545,226.452
Total,2018,2018,37 years,37,,,7463,4313086,173.032
,2018,2018,38 years,38,Female,F,2711,2190232,123.777
,2018,2018,38 years,38,Male,M,5124,2201174,232.785
Total,2018,2018,38 years,38,,,7835,4391406,178.417
,2018,2018,39 years,39,Female,F,2897,2062635,140.451
,2018,2018,39 years,39,Male,M,5127,2053136,249.716
Total,2018,2018,39 years,39,,,8024,4115771,194.957
,2018,2018,40 years,40,Female,F,2867,2022766,141.737
,2018,2018,40 years,40,Male,M,5040,2008548,250.928
Total,2018,2018,40 years,40,,,7907,4031314,196.14
,2018,2018,41 years,41,Female,F,2987,2006441,148.871
,2018,2018,41 years,41,Male,M,5198,1979715,262.563
Total,2018,2018,41 years,41,,,8185,3986156,205.336
,2018,2018,42 years,42,Female,F,3097,1945641,159.176
,2018,2018,42 years,42,Male,M,5196,1920426,270.565
Total,2018,2018,42 years,42,,,8293,3866067,214.507
,2018,2018,43 years,43,Female,F,3413,1999241,170.715
,2018,2018,43 years,43,Male,M,5489,1980368,277.171
Total,2018,2018,43 years,43,,,8902,3979609,223.69
,2018,2018,44 years,44,Female,F,3546,1942802,182.52
,2018,2018,44 years,44,Male,M,5930,1908353,310.739
Total,2018,2018,44 years,44,,,9476,3851155,246.056
,2018,2018,45 years,45,Female,F,4032,1975992,204.049
,2018,2018,45 years,45,Male,M,6477,1928049,335.935
Total,2018,2018,45 years,45,,,10509,3904041,269.183
,2018,2018,46 years,46,Female,F,4615,2059393,224.095
,2018,2018,46 years,46,Male,M,7310,2015066,362.767
Total,2018,2018,46 years,46,,,11925,4074459,292.677
,2018,2018,47 years,47,Female,F,5077,2175691,233.351
,2018,2018,47 years,47,Male,M,8172,2125627,384.451
Total,2018,2018,47 years,47,,,13249,4301318,308.022
,2018,2018,48 years,48,Female,F,5463,2192223,249.199
,2018,2018,48 years,48,Male,M,8719,2157491,404.127
Total,2018,2018,48 years,48,,,14182,4349714,326.044
,2018,2018,49 years,49,Female,F,5717,2079841,274.877
,2018,2018,49 years,49,Male,M,9291,2037762,455.941
Total,2018,2018,49 years,49,,,15008,4117603,364.484
,2018,2018,50 years,50,Female,F,6122,2036538,300.608
,2018,2018,50 years,50,Male,M,9701,1989936,487.503
Total,2018,2018,50 years,50,,,15823,4026474,392.974
,2018,2018,51 years,51,Female,F,6938,2042479,339.685
,2018,2018,51 years,51,Male,M,10605,1982590,534.906
Total,2018,2018,51 years,51,,,17543,4025069,435.843
,2018,2018,52 years,52,Female,F,7568,2077402,364.301
,2018,2018,52 years,52,Male,M,11936,2016677,591.865
Total,2018,2018,52 years,52,,,19504,4094079,476.395
,2018,2018,53 years,53,Female,F,8559,2201960,388.699
,2018,2018,53 years,53,Male,M,13554,2131415,635.916
Total,2018,2018,53 years,53,,,22113,4333375,510.295
,2018,2018,54 years,54,Female,F,9716,2248978,432.018
,2018,2018,54 years,54,Male,M,15265,2156589,707.831
Total,2018,2018,54 years,54,,,24981,4405567,567.033
,2018,2018,55 years,55,Female,F,10576,2248963,470.261
,2018,2018,55 years,55,Male,M,16734,2145020,780.133
Total,2018,2018,55 years,55,,,27310,4393983,621.532
,2018,2018,56 years,56,Female,F,11699,2244572,521.213
,2018,2018,56 years,56,Male,M,18158,2132558,851.466
Total,2018,2018,56 years,56,,,29857,4377130,682.114
,2018,2018,57 years,57,Female,F,12654,2274643,556.307
,2018,2018,57 years,57,Male,M,19889,2148167,925.859
Total,2018,2018,57 years,57,,,32543,4422810,735.799
,2018,2018,58 years,58,Female,F,13478,2287131,589.297
,2018,2018,58 years,58,Male,M,21133,2165907,975.711
Total,2018,2018,58 years,58,,,34611,4453038,777.245
,2018,2018,59 years,59,Female,F,14295,2216349,644.98
,2018,2018,59 years,59,Male,M,22347,2077675,1075.577
Total,2018,2018,59 years,59,,,36642,4294024,853.325
,2018,2018,60 years,60,Female,F,15164,2204821,687.766
,2018,2018,60 years,60,Male,M,23537,2054540,1145.609
Total,2018,2018,60 years,60,,,38701,4259361,908.61
,2018,2018,61 years,61,Female,F,16209,2184082,742.142
,2018,2018,61 years,61,Male,M,25083,2018812,1242.463
Total,2018,2018,61 years,61,,,41292,4202894,982.466
,2018,2018,62 years,62,Female,F,16737,2109543,793.395
,2018,2018,62 years,62,Male,M,26097,1933853,1349.482
Total,2018,2018,62 years,62,,,42834,4043396,1059.357
,2018,2018,63 years,63,Female,F,17658,2091595,844.236
,2018,2018,63 years,63,Male,M,27437,1908640,1437.516
Total,2018,2018,63 years,63,,,45095,4000235,1127.309
,2018,2018,64 years,64,Female,F,18093,2012074,899.221
,2018,2018,64 years,64,Male,M,27858,1813691,1535.984
Total,2018,2018,64 years,64,,,45951,3825765,1201.093
,2018,2018,65 years,65,Female,F,18893,1935507,976.127
,2018,2018,65 years,65,Male,M,28364,1734093,1635.668
Total,2018,2018,65 years,65,,,47257,3669600,1287.797
,2018,2018,66 years,66,Female,F,19488,1857985,1048.878
,2018,2018,66 years,66,Male,M,29154,1658451,1757.905
Total,2018,2018,66 years,66,,,48642,3516436,1383.276
,2018,2018,67 years,67,Female,F,20398,1803359,1131.111
,2018,2018,67 years,67,Male,M,29459,1595396,1846.501
Total,2018,2018,67 years,67,,,49857,3398755,1466.92
,2018,2018,68 years,68,Female,F,21238,1755485,1209.808
,2018,2018,68 years,68,Male,M,29869,1552348,1924.118
Total,2018,2018,68 years,68,,,51107,3307833,1545.03
,2018,2018,69 years,69,Female,F,22681,1699744,1334.377
,2018,2018,69 years,69,Male,M,31702,1494525,2121.209
Total,2018,2018,69 years,69,,,54383,3194269,1702.518
,2018,2018,70 years,70,Female,F,24851,1674714,1483.895
,2018,2018,70 years,70,Male,M,33290,1469752,2265.008
Total,2018,2018,70 years,70,,,58141,3144466,1848.994
,2018,2018,71 years,71,Female,F,27574,1738342,1586.224
,2018,2018,71 years,71,Male,M,36251,1522210,2381.472
Total,2018,2018,71 years,71,,,63825,3260552,1957.491
,2018,2018,72 years,72,Female,F,23635,1285319,1838.843
,2018,2018,72 years,72,Male,M,30308,1106964,2737.939
Total,2018,2018,72 years,72,,,53943,2392283,2254.875
,2018,2018,73 years,73,Female,F,24854,1266423,1962.535
,2018,2018,73 years,73,Male,M,31179,1078210,2891.737
Total,2018,2018,73 years,73,,,56033,2344633,2389.841
,2018,2018,74 years,74,Female,F,27255,1229353,2217.02
,2018,2018,74 years,74,Male,M,33335,1034136,3223.464
Total,2018,2018,74 years,74,,,60590,2263489,2676.841
,2018,2018,75 years,75,Female,F,30233,1251144,2416.428
,2018,2018,75 years,75,Male,M,36291,1042460,3481.285
Total,2018,2018,75 years,75,,,66524,2293604,2900.413
,2018,2018,76 years,76,Female,F,29114,1087069,2678.211
,2018,2018,76 years,76,Male,M,34251,890943,3844.354
Total,2018,2018,76 years,76,,,63365,1978012,3203.469
,2018,2018,77 years,77,Female,F,29172,991039,2943.577
,2018,2018,77 years,77,Male,M,33845,795142,4256.472
Total,2018,2018,77 years,77,,,63017,1786181,3528.03
,2018,2018,78 years,78,Female,F,29931,929716,3219.37
,2018,2018,78 years,78,Male,M,33257,736686,4514.406
Total,2018,2018,78 years,78,,,63188,1666402,3791.882
,2018,2018,79 years,79,Female,F,31323,863424,3627.766
,2018,2018,79 years,79,Male,M,34328,679443,5052.374
Total,2018,2018,79 years,79,,,65651,1542867,4255.13
,2018,2018,80 years,80,Female,F,32969,821411,4013.703
,2018,2018,80 years,80,Male,M,35018,630172,5556.896
Total,2018,2018,80 years,80,,,67987,1451583,4683.645
,2018,2018,81 years,81,Female,F,33960,749613,4530.338
,2018,2018,81 years,81,Male,M,34624,561875,6162.225
Total,2018,2018,81 years,81,,,68584,1311488,5229.48
,2018,2018,82 years,82,Female,F,35918,707051,5079.973
,2018,2018,82 years,82,Male,M,35372,517114,6840.271
Total,2018,2018,82 years,82,,,71290,1224165,5823.561
,2018,2018,83 years,83,Female,F,37682,669490,5628.463
,2018,2018,83 years,83,Male,M,35491,474179,7484.726
Total,2018,2018,83 years,83,,,73173,1143669,6398.092
,2018,2018,84 years,84,Female,F,37715,589377,6399.13
,2018,2018,84 years,84,Male,M,34711,407026,8527.956
Total,2018,2018,84 years,84,,,72426,996403,7268.746
,2018,2018,85 years,85,Female,F,39910,Not Applicable,Not Applicable
,2018,2018,85 years,85,Male,M,35113,Not Applicable,Not Applicable
Total,2018,2018,85 years,85,,,75023,Not Applicable,Not Applicable
,2018,2018,86 years,86,Female,F,41504,Not Applicable,Not Applicable
,2018,2018,86 years,86,Male,M,35139,Not Applicable,Not Applicable
Total,2018,2018,86 years,86,,,76643,Not Applicable,Not Applicable
,2018,2018,87 years,87,Female,F,43316,Not Applicable,Not Applicable
,2018,2018,87 years,87,Male,M,34673,Not Applicable,Not Applicable
Total,2018,2018,87 years,87,,,77989,Not Applicable,Not Applicable
,2018,2018,88 years,88,Female,F,44841,Not Applicable,Not Applicable
,2018,2018,88 years,88,Male,M,34258,Not Applicable,Not Applicable
Total,2018,2018,88 years,88,,,79099,Not Applicable,Not Applicable
,2018,2018,89 years,89,Female,F,44546,Not Applicable,Not Applicable
,2018,2018,89 years,89,Male,M,31816,Not Applicable,Not Applicable
Total,2018,2018,89 years,89,,,76362,Not Applicable,Not Applicable
,2018,2018,90 years,90,Female,F,44795,Not Applicable,Not Applicable
,2018,2018,90 years,90,Male,M,29999,Not Applicable,Not Applicable
Total,2018,2018,90 years,90,,,74794,Not Applicable,Not Applicable
,2018,2018,91 years,91,Female,F,43599,Not Applicable,Not Applicable
,2018,2018,91 years,91,Male,M,27236,Not Applicable,Not Applicable
Total,2018,2018,91 years,91,,,70835,Not Applicable,Not Applicable
,2018,2018,92 years,92,Female,F,40559,Not Applicable,Not Applicable
,2018,2018,92 years,92,Male,M,23641,Not Applicable,Not Applicable
Total,2018,2018,92 years,92,,,64200,Not Applicable,Not Applicable
,2018,2018,93 years,93,Female,F,38039,Not Applicable,Not Applicable
,2018,2018,93 years,93,Male,M,20766,Not Applicable,Not Applicable
Total,2018,2018,93 years,93,,,58805,Not Applicable,Not Applicable
,2018,2018,94 years,94,Female,F,34273,Not Applicable,Not Applicable
,2018,2018,94 years,94,Male,M,17162,Not Applicable,Not Applicable
Total,2018,2018,94 years,94,,,51435,Not Applicable,Not Applicable
,2018,2018,95 years,95,Female,F,29842,Not Applicable,Not Applicable
,2018,2018,95 years,95,Male,M,13731,Not Applicable,Not Applicable
Total,2018,2018,95 years,95,,,43573,Not Applicable,Not Applicable
,2018,2018,96 years,96,Female,F,25380,Not Applicable,Not Applicable
,2018,2018,96 years,96,Male,M,10958,Not Applicable,Not Applicable
Total,2018,2018,96 years,96,,,36338,Not Applicable,Not Applicable
,2018,2018,97 years,97,Female,F,20824,Not Applicable,Not Applicable
,2018,2018,97 years,97,Male,M,8084,Not Applicable,Not Applicable
Total,2018,2018,97 years,97,,,28908,Not Applicable,Not Applicable
,2018,2018,98 years,98,Female,F,15743,Not Applicable,Not Applicable
,2018,2018,98 years,98,Male,M,5564,Not Applicable,Not Applicable
Total,2018,2018,98 years,98,,,21307,Not Applicable,Not Applicable
,2018,2018,99 years,99,Female,F,11237,Not Applicable,Not Applicable
,2018,2018,99 years,99,Male,M,3483,Not Applicable,Not Applicable
Total,2018,2018,99 years,99,,,14720,Not Applicable,Not Applicable
,2018,2018,100+ years,100,Female,F,24554,Not Applicable,Not Applicable
,2018,2018,100+ years,100,Male,M,5695,Not Applicable,Not Applicable
Total,2018,2018,100+ years,100,,,30249,Not Applicable,Not Applicable
,2018,2018,Not Stated,NS,Female,F,35,Not Applicable,Not Applicable
,2018,2018,Not Stated,NS,Male,M,109,Not Applicable,Not Applicable
Total,2018,2018,Not Stated,NS,,,144,Not Applicable,Not Applicable
Total,2018,2018,,,,,2839205,327167434,867.814
,2019,2019,< 1 year,0,Female,F,9247,1847935,500.396
,2019,2019,< 1 year,0,Male,M,11674,1935117,603.271
Total,2019,2019,< 1 year,0,,,20921,3783052,553.019
,2019,2019,1 year,1,Female,F,649,1871014,34.687
,2019,2019,1 year,1,Male,M,825,1958585,42.122
Total,2019,2019,1 year,1,,,1474,3829599,38.49
,2019,2019,2 years,2,Female,F,401,1916500,20.924
,2019,2019,2 years,2,Male,M,515,2005544,25.679
Total,2019,2019,2 years,2,,,916,3922044,23.355
,2019,2019,3 years,3,Female,F,320,1955655,16.363
,2019,2019,3 years,3,Male,M,390,2043010,19.089
Total,2019,2019,3 years,3,,,710,3998665,17.756
,2019,2019,4 years,4,Female,F,265,1976372,13.408
,2019,2019,4 years,4,Male,M,311,2066951,15.046
Total,2019,2019,4 years,4,,,576,4043323,14.246
,2019,2019,5 years,5,Female,F,245,1967081,12.455
,2019,2019,5 years,5,Male,M,291,2061200,14.118
Total,2019,2019,5 years,5,,,536,4028281,13.306
,2019,2019,6 years,6,Female,F,224,1964271,11.404
,2019,2019,6 years,6,Male,M,266,2052956,12.957
Total,2019,2019,6 years,6,,,490,4017227,12.197
,2019,2019,7 years,7,Female,F,196,1966584,9.967
,2019,2019,7 years,7,Male,M,243,2055735,11.821
Total,2019,2019,7 years,7,,,439,4022319,10.914
,2019,2019,8 years,8,Female,F,184,1986471,9.263
,2019,2019,8 years,8,Male,M,251,2079723,12.069
Total,2019,2019,8 years,8,,,435,4066194,10.698
,2019,2019,9 years,9,Female,F,194,1988726,9.755
,2019,2019,9 years,9,Male,M,239,2073148,11.528
Total,2019,2019,9 years,9,,,433,4061874,10.66
,2019,2019,10 years,10,Female,F,189,1989162,9.501
,2019,2019,10 years,10,Male,M,291,2071778,14.046
Total,2019,2019,10 years,10,,,480,4060940,11.82
,2019,2019,11 years,11,Female,F,212,2051224,10.335
,2019,2019,11 years,11,Male,M,324,2138037,15.154
Total,2019,2019,11 years,11,,,536,4189261,12.795
,2019,2019,12 years,12,Female,F,250,2058568,12.144
,2019,2019,12 years,12,Male,M,351,2149819,16.327
Total,2019,2019,12 years,12,,,601,4208387,14.281
,2019,2019,13 years,13,Female,F,293,2042234,14.347
,2019,2019,13 years,13,Male,M,394,2132987,18.472
Total,2019,2019,13 years,13,,,687,4175221,16.454
,2019,2019,14 years,14,Female,F,324,2038819,15.892
,2019,2019,14 years,14,Male,M,536,2125640,25.216
Total,2019,2019,14 years,14,,,860,4164459,20.651
,2019,2019,15 years,15,Female,F,383,2045739,18.722
,2019,2019,15 years,15,Male,M,754,2129720,35.404
Total,2019,2019,15 years,15,,,1137,4175459,27.231
,2019,2019,16 years,16,Female,F,445,2034255,21.875
,2019,2019,16 years,16,Male,M,1040,2116165,49.146
Total,2019,2019,16 years,16,,,1485,4150420,35.78
,2019,2019,17 years,17,Female,F,533,2029872,26.258
,2019,2019,17 years,17,Male,M,1353,2112553,64.046
Total,2019,2019,17 years,17,,,1886,4142425,45.529
,2019,2019,18 years,18,Female,F,760,2083442,36.478
,2019,2019,18 years,18,Male,M,1972,2172385,90.776
Total,2019,2019,18 years,18,,,2732,4255827,64.194
,2019,2019,19 years,19,Female,F,776,2115655,36.679
,2019,2019,19 years,19,Male,M,2242,2214784,101.229
Total,2019,2019,19 years,19,,,3018,4330439,69.693
,2019,2019,20 years,20,Female,F,861,2086544,41.264
,2019,2019,20 years,20,Male,M,2452,2183139,112.315
Total,2019,2019,20 years,20,,,3313,4269683,77.594
,2019,2019,21 years,21,Female,F,950,2091237,45.428
,2019,2019,21 years,21,Male,M,2871,2187086,131.271
Total,2019,2019,21 years,21,,,3821,4278323,89.311
,2019,2019,22 years,22,Female,F,973,2103476,46.257
,2019,2019,22 years,22,Male,M,2909,2195296,132.511
Total,2019,2019,22 years,22,,,3882,4298772,90.305
,2019,2019,23 years,23,Female,F,1167,2119886,55.05
,2019,2019,23 years,23,Male,M,2979,2221758,134.083
Total,2019,2019,23 years,23,,,4146,4341644,95.494
,2019,2019,24 years,24,Female,F,1175,2167045,54.221
,2019,2019,24 years,24,Male,M,3176,2277473,139.453
Total,2019,2019,24 years,24,,,4351,4444518,97.896
,2019,2019,25 years,25,Female,F,1271,2213205,57.428
,2019,2019,25 years,25,Male,M,3481,2325853,149.666
Total,2019,2019,25 years,25,,,4752,4539058,104.691
,2019,2019,26 years,26,Female,F,1390,2245334,61.906
,2019,2019,26 years,26,Male,M,3696,2365886,156.221
Total,2019,2019,26 years,26,,,5086,4611220,110.296
,2019,2019,27 years,27,Female,F,1519,2312599,65.684
,2019,2019,27 years,27,Male,M,3864,2421270,159.586
Total,2019,2019,27 years,27,,,5383,4733869,113.712
,2019,2019,28 years,28,Female,F,1628,2366969,68.78
,2019,2019,28 years,28,Male,M,4129,2451756,168.41
Total,2019,2019,28 years,28,,,5757,4818725,119.471
,2019,2019,29 years,29,Female,F,1719,2366339,72.644
,2019,2019,29 years,29,Male,M,4272,2439805,175.096
Total,2019,2019,29 years,29,,,5991,4806144,124.653
,2019,2019,30 years,30,Female,F,1882,2273519,82.779
,2019,2019,30 years,30,Male,M,4301,2340865,183.735
Total,2019,2019,30 years,30,,,6183,4614384,133.994
,2019,2019,31 years,31,Female,F,1943,2220984,87.484
,2019,2019,31 years,31,Male,M,4282,2281327,187.698
Total,2019,2019,31 years,31,,,6225,4502311,138.262
,2019,2019,32 years,32,Female,F,1994,2181619,91.4
,2019,2019,32 years,32,Male,M,4269,2239886,190.59
Total,2019,2019,32 years,32,,,6263,4421505,141.649
,2019,2019,33 years,33,Female,F,2273,2189693,103.805
,2019,2019,33 years,33,Male,M,4410,2243280,196.587
Total,2019,2019,33 years,33,,,6683,4432973,150.757
,2019,2019,34 years,34,Female,F,2208,2210880,99.87
,2019,2019,34 years,34,Male,M,4647,2249252,206.602
Total,2019,2019,34 years,34,,,6855,4460132,153.695
,2019,2019,35 years,35,Female,F,2327,2148244,108.321
,2019,2019,35 years,35,Male,M,4671,2167622,215.49
Total,2019,2019,35 years,35,,,6998,4315866,162.146
,2019,2019,36 years,36,Female,F,2472,2181076,113.339
,2019,2019,36 years,36,Male,M,4854,2191368,221.505
Total,2019,2019,36 years,36,,,7326,4372444,167.549
,2019,2019,37 years,37,Female,F,2626,2180124,120.452
,2019,2019,37 years,37,Male,M,5066,2181162,232.262
Total,2019,2019,37 years,37,,,7692,4361286,176.37
,2019,2019,38 years,38,Female,F,2896,2156217,134.309
,2019,2019,38 years,38,Male,M,5281,2149359,245.701
Total,2019,2019,38 years,38,,,8177,4305576,189.917
,2019,2019,39 years,39,Female,F,3076,2186919,140.655
,2019,2019,39 years,39,Male,M,5369,2195430,244.553
Total,2019,2019,39 years,39,,,8445,4382349,192.705
,2019,2019,40 years,40,Female,F,3011,2058650,146.261
,2019,2019,40 years,40,Male,M,5628,2046663,274.984
Total,2019,2019,40 years,40,,,8639,4105313,210.435
,2019,2019,41 years,41,Female,F,3071,2018752,152.124
,2019,2019,41 years,41,Male,M,5385,2001502,269.048
Total,2019,2019,41 years,41,,,8456,4020254,210.335
,2019,2019,42 years,42,Female,F,3136,2002157,156.631
,2019,2019,42 years,42,Male,M,5655,1972584,286.68
Total,2019,2019,42 years,42,,,8791,3974741,221.172
,2019,2019,43 years,43,Female,F,3370,1940751,173.644
,2019,2019,43 years,43,Male,M,5558,1913289,290.495
Total,2019,2019,43 years,43,,,8928,3854040,231.653
,2019,2019,44 years,44,Female,F,3565,1994174,178.771
,2019,2019,44 years,44,Male,M,5969,1973101,302.519
Total,2019,2019,44 years,44,,,9534,3967275,240.316
,2019,2019,45 years,45,Female,F,3861,1937417,199.286
,2019,2019,45 years,45,Male,M,6309,1900492,331.967
Total,2019,2019,45 years,45,,,10170,3837909,264.988
,2019,2019,46 years,46,Female,F,4261,1970074,216.286
,2019,2019,46 years,46,Male,M,6937,1919298,361.434
Total,2019,2019,46 years,46,,,11198,3889372,287.913
,2019,2019,47 years,47,Female,F,4786,2052817,233.143
,2019,2019,47 years,47,Male,M,7793,2005221,388.635
Total,2019,2019,47 years,47,,,12579,4058038,309.977
,2019,2019,48 years,48,Female,F,5542,2168043,255.622
,2019,2019,48 years,48,Male,M,8843,2114614,418.185
Total,2019,2019,48 years,48,,,14385,4282657,335.89
,2019,2019,49 years,49,Female,F,5931,2184045,271.56
,2019,2019,49 years,49,Male,M,9476,2145730,441.621
Total,2019,2019,49 years,49,,,15407,4329775,355.838
,2019,2019,50 years,50,Female,F,6211,2071196,299.875
,2019,2019,50 years,50,Male,M,9940,2025376,490.773
Total,2019,2019,50 years,50,,,16151,4096572,394.256
,2019,2019,51 years,51,Female,F,6545,2027460,322.818
,2019,2019,51 years,51,Male,M,10653,1976883,538.879
Total,2019,2019,51 years,51,,,17198,4004343,429.484
,2019,2019,52 years,52,Female,F,7183,2033163,353.292
,2019,2019,52 years,52,Male,M,11605,1968619,589.5
Total,2019,2019,52 years,52,,,18788,4001782,469.491
,2019,2019,53 years,53,Female,F,8043,2067526,389.016
,2019,2019,53 years,53,Male,M,12550,2001325,627.085
Total,2019,2019,53 years,53,,,20593,4068851,506.113
,2019,2019,54 years,54,Female,F,9183,2191195,419.086
,2019,2019,54 years,54,Male,M,14741,2114408,697.169
Total,2019,2019,54 years,54,,,23924,4305603,555.648
,2019,2019,55 years,55,Female,F,10259,2236979,458.61
,2019,2019,55 years,55,Male,M,16534,2137586,773.489
Total,2019,2019,55 years,55,,,26793,4374565,612.472
,2019,2019,56 years,56,Female,F,11173,2235893,499.711
,2019,2019,56 years,56,Male,M,17793,2125123,837.269
Total,2019,2019,56 years,56,,,28966,4361016,664.203
,2019,2019,57 years,57,Female,F,12317,2230590,552.186
,2019,2019,57 years,57,Male,M,19341,2111795,915.856
Total,2019,2019,57 years,57,,,31658,4342385,729.046
,2019,2019,58 years,58,Female,F,13439,2259796,594.7
,2019,2019,58 years,58,Male,M,20908,2125774,983.548
Total,2019,2019,58 years,58,,,34347,4385570,783.182
,2019,2019,59 years,59,Female,F,14210,2271644,625.538
,2019,2019,59 years,59,Male,M,22479,2142211,1049.336
Total,2019,2019,59 years,59,,,36689,4413855,831.223
,2019,2019,60 years,60,Female,F,15391,2199986,699.595
,2019,2019,60 years,60,Male,M,23299,2052677,1135.054
Total,2019,2019,60 years,60,,,38690,4252663,909.783
,2019,2019,61 years,61,Female,F,16341,2187221,747.112
,2019,2019,61 years,61,Male,M,25181,2027951,1241.697
Total,2019,2019,61 years,61,,,41522,4215172,985.061
,2019,2019,62 years,62,Female,F,17321,2165425,799.889
,2019,2019,62 years,62,Male,M,26654,1991220,1338.576
Total,2019,2019,62 years,62,,,43975,4156645,1057.945
,2019,2019,63 years,63,Female,F,17837,2090246,853.345
,2019,2019,63 years,63,Male,M,27524,1905842,1444.191
Total,2019,2019,63 years,63,,,45361,3996088,1135.135
,2019,2019,64 years,64,Female,F,18724,2071538,903.869
,2019,2019,64 years,64,Male,M,28212,1879040,1501.405
Total,2019,2019,64 years,64,,,46936,3950578,1188.079
,2019,2019,65 years,65,Female,F,19046,1991169,956.524
,2019,2019,65 years,65,Male,M,29113,1783428,1632.418
Total,2019,2019,65 years,65,,,48159,3774597,1275.871
,2019,2019,66 years,66,Female,F,19793,1914181,1034.019
,2019,2019,66 years,66,Male,M,29767,1703888,1747.004
Total,2019,2019,66 years,66,,,49560,3618069,1369.791
,2019,2019,67 years,67,Female,F,20479,1836574,1115.065
,2019,2019,67 years,67,Male,M,30240,1627863,1857.65
Total,2019,2019,67 years,67,,,50719,3464437,1463.99
,2019,2019,68 years,68,Female,F,21517,1781346,1207.907
,2019,2019,68 years,68,Male,M,30695,1564129,1962.434
Total,2019,2019,68 years,68,,,52212,3345475,1560.675
,2019,2019,69 years,69,Female,F,22639,1731958,1307.133
,2019,2019,69 years,69,Male,M,31123,1520465,2046.94
Total,2019,2019,69 years,69,,,53762,3252423,1652.983
,2019,2019,70 years,70,Female,F,24422,1674584,1458.392
,2019,2019,70 years,70,Male,M,32921,1462120,2251.594
Total,2019,2019,70 years,70,,,57343,3136704,1828.129
,2019,2019,71 years,71,Female,F,26607,1647705,1614.791
,2019,2019,71 years,71,Male,M,34789,1435378,2423.682
Total,2019,2019,71 years,71,,,61396,3083083,1991.383
,2019,2019,72 years,72,Female,F,29424,1707812,1722.906
,2019,2019,72 years,72,Male,M,37706,1483236,2542.144
Total,2019,2019,72 years,72,,,67130,3191048,2103.698
,2019,2019,73 years,73,Female,F,25287,1259662,2007.443
,2019,2019,73 years,73,Male,M,31566,1074771,2936.998
Total,2019,2019,73 years,73,,,56853,2334433,2435.409
,2019,2019,74 years,74,Female,F,26098,1238863,2106.609
,2019,2019,74 years,74,Male,M,32327,1044301,3095.563
Total,2019,2019,74 years,74,,,58425,2283164,2558.949
,2019,2019,75 years,75,Female,F,28571,1199896,2381.123
,2019,2019,75 years,75,Male,M,34576,998390,3463.176
Total,2019,2019,75 years,75,,,63147,2198286,2872.556
,2019,2019,76 years,76,Female,F,31604,1218702,2593.251
,2019,2019,76 years,76,Male,M,37415,1003690,3727.745
Total,2019,2019,76 years,76,,,69019,2222392,3105.618
,2019,2019,77 years,77,Female,F,30493,1056331,2886.69
,2019,2019,77 years,77,Male,M,35401,854930,4140.807
Total,2019,2019,77 years,77,,,65894,1911261,3447.671
,2019,2019,78 years,78,Female,F,30611,960647,3186.498
,2019,2019,78 years,78,Male,M,34513,760170,4540.169
Total,2019,2019,78 years,78,,,65124,1720817,3784.481
,2019,2019,79 years,79,Female,F,31718,898590,3529.752
,2019,2019,79 years,79,Male,M,34591,701319,4932.278
Total,2019,2019,79 years,79,,,66309,1599909,4144.548
,2019,2019,80 years,80,Female,F,33085,831640,3978.284
,2019,2019,80 years,80,Male,M,35264,643638,5478.856
Total,2019,2019,80 years,80,,,68349,1475278,4632.957
,2019,2019,81 years,81,Female,F,34649,788013,4397.009
,2019,2019,81 years,81,Male,M,35972,593628,6059.687
Total,2019,2019,81 years,81,,,70621,1381641,5111.386
,2019,2019,82 years,82,Female,F,35705,715575,4989.694
,2019,2019,82 years,82,Male,M,35419,525766,6736.647
Total,2019,2019,82 years,82,,,71124,1241341,5729.61
,2019,2019,83 years,83,Female,F,37703,671025,5618.718
,2019,2019,83 years,83,Male,M,35821,480165,7460.144
Total,2019,2019,83 years,83,,,73524,1151190,6386.782
,2019,2019,84 years,84,Female,F,38788,631230,6144.828
,2019,2019,84 years,84,Male,M,36128,436527,8276.235
Total,2019,2019,84 years,84,,,74916,1067757,7016.203
,2019,2019,85 years,85,Female,F,38617,Not Applicable,Not Applicable
,2019,2019,85 years,85,Male,M,34590,Not Applicable,Not Applicable
Total,2019,2019,85 years,85,,,73207,Not Applicable,Not Applicable
,2019,2019,86 years,86,Female,F,40701,Not Applicable,Not Applicable
,2019,2019,86 years,86,Male,M,34592,Not Applicable,Not Applicable
Total,2019,2019,86 years,86,,,75293,Not Applicable,Not Applicable
,2019,2019,87 years,87,Female,F,42209,Not Applicable,Not Applicable
,2019,2019,87 years,87,Male,M,34712,Not Applicable,Not Applicable
Total,2019,2019,87 years,87,,,76921,Not Applicable,Not Applicable
,2019,2019,88 years,88,Female,F,43076,Not Applicable,Not Applicable
,2019,2019,88 years,88,Male,M,33815,Not Applicable,Not Applicable
Total,2019,2019,88 years,88,,,76891,Not Applicable,Not Applicable
,2019,2019,89 years,89,Female,F,44433,Not Applicable,Not Applicable
,2019,2019,89 years,89,Male,M,32171,Not Applicable,Not Applicable
Total,2019,2019,89 years,89,,,76604,Not Applicable,Not Applicable
,2019,2019,90 years,90,Female,F,43295,Not Applicable,Not Applicable
,2019,2019,90 years,90,Male,M,29487,Not Applicable,Not Applicable
Total,2019,2019,90 years,90,,,72782,Not Applicable,Not Applicable
,2019,2019,91 years,91,Female,F,42575,Not Applicable,Not Applicable
,2019,2019,91 years,91,Male,M,27308,Not Applicable,Not Applicable
Total,2019,2019,91 years,91,,,69883,Not Applicable,Not Applicable
,2019,2019,92 years,92,Female,F,40611,Not Applicable,Not Applicable
,2019,2019,92 years,92,Male,M,24250,Not Applicable,Not Applicable
Total,2019,2019,92 years,92,,,64861,Not Applicable,Not Applicable
,2019,2019,93 years,93,Female,F,37326,Not Applicable,Not Applicable
,2019,2019,93 years,93,Male,M,20790,Not Applicable,Not Applicable
Total,2019,2019,93 years,93,,,58116,Not Applicable,Not Applicable
,2019,2019,94 years,94,Female,F,34401,Not Applicable,Not Applicable
,2019,2019,94 years,94,Male,M,17440,Not Applicable,Not Applicable
Total,2019,2019,94 years,94,,,51841,Not Applicable,Not Applicable
,2019,2019,95 years,95,Female,F,29725,Not Applicable,Not Applicable
,2019,2019,95 years,95,Male,M,14151,Not Applicable,Not Applicable
Total,2019,2019,95 years,95,,,43876,Not Applicable,Not Applicable
,2019,2019,96 years,96,Female,F,25132,Not Applicable,Not Applicable
,2019,2019,96 years,96,Male,M,10902,Not Applicable,Not Applicable
Total,2019,2019,96 years,96,,,36034,Not Applicable,Not Applicable
,2019,2019,97 years,97,Female,F,20719,Not Applicable,Not Applicable
,2019,2019,97 years,97,Male,M,8259,Not Applicable,Not Applicable
Total,2019,2019,97 years,97,,,28978,Not Applicable,Not Applicable
,2019,2019,98 years,98,Female,F,16217,Not Applicable,Not Applicable
,2019,2019,98 years,98,Male,M,5978,Not Applicable,Not Applicable
Total,2019,2019,98 years,98,,,22195,Not Applicable,Not Applicable
,2019,2019,99 years,99,Female,F,11769,Not Applicable,Not Applicable
,2019,2019,99 years,99,Male,M,3764,Not Applicable,Not Applicable
Total,2019,2019,99 years,99,,,15533,Not Applicable,Not Applicable
,2019,2019,100+ years,100,Female,F,24775,Not Applicable,Not Applicable
,2019,2019,100+ years,100,Male,M,5956,Not Applicable,Not Applicable
Total,2019,2019,100+ years,100,,,30731,Not Applicable,Not Applicable
,2019,2019,Not Stated,NS,Female,F,44,Not Applicable,Not Applicable
,2019,2019,Not Stated,NS,Male,M,103,Not Applicable,Not Applicable
Total,2019,2019,Not Stated,NS,,,147,Not Applicable,Not Applicable
Total,2019,2019,,,,,2854838,328239523,869.742
,2020,2020,< 1 year,0,Female,F,8723,1826869,477.484
,2020,2020,< 1 year,0,Male,M,10859,1908141,569.088
Total,2020,2020,< 1 year,0,,,19582,3735010,524.282
,2020,2020,1 year,1,Female,F,579,1847230,31.344
,2020,2020,1 year,1,Male,M,785,1926654,40.744
Total,2020,2020,1 year,1,,,1364,3773884,36.143
,2020,2020,2 years,2,Female,F,377,1884480,20.006
,2020,2020,2 years,2,Male,M,512,1968545,26.009
Total,2020,2020,2 years,2,,,889,3853025,23.073
,2020,2020,3 years,3,Female,F,309,1916691,16.122
,2020,2020,3 years,3,Male,M,416,2004835,20.75
Total,2020,2020,3 years,3,,,725,3921526,18.488
,2020,2020,4 years,4,Female,F,238,1964865,12.113
,2020,2020,4 years,4,Male,M,313,2052982,15.246
Total,2020,2020,4 years,4,,,551,4017847,13.714
,2020,2020,5 years,5,Female,F,210,1981945,10.596
,2020,2020,5 years,5,Male,M,306,2072391,14.766
Total,2020,2020,5 years,5,,,516,4054336,12.727
,2020,2020,6 years,6,Female,F,198,1972968,10.036
,2020,2020,6 years,6,Male,M,252,2067201,12.19
Total,2020,2020,6 years,6,,,450,4040169,11.138
,2020,2020,7 years,7,Female,F,201,1970498,10.2
,2020,2020,7 years,7,Male,M,240,2059255,11.655
Total,2020,2020,7 years,7,,,441,4029753,10.944
,2020,2020,8 years,8,Female,F,192,1972830,9.732
,2020,2020,8 years,8,Male,M,213,2061955,10.33
Total,2020,2020,8 years,8,,,405,4034785,10.038
,2020,2020,9 years,9,Female,F,164,1992717,8.23
,2020,2020,9 years,9,Male,M,234,2085951,11.218
Total,2020,2020,9 years,9,,,398,4078668,9.758
,2020,2020,10 years,10,Female,F,181,1994965,9.073
,2020,2020,10 years,10,Male,M,275,2079208,13.226
Total,2020,2020,10 years,10,,,456,4074173,11.192
,2020,2020,11 years,11,Female,F,203,1995208,10.174
,2020,2020,11 years,11,Male,M,323,2077786,15.545
Total,2020,2020,11 years,11,,,526,4072994,12.914
,2020,2020,12 years,12,Female,F,264,2057048,12.834
,2020,2020,12 years,12,Male,M,353,2143929,16.465
Total,2020,2020,12 years,12,,,617,4200977,14.687
,2020,2020,13 years,13,Female,F,303,2064369,14.678
,2020,2020,13 years,13,Male,M,497,2155552,23.057
Total,2020,2020,13 years,13,,,800,4219921,18.958
,2020,2020,14 years,14,Female,F,345,2047865,16.847
,2020,2020,14 years,14,Male,M,669,2138493,31.284
Total,2020,2020,14 years,14,,,1014,4186358,24.222
,2020,2020,15 years,15,Female,F,433,2044536,21.178
,2020,2020,15 years,15,Male,M,899,2131384,42.179
Total,2020,2020,15 years,15,,,1332,4175920,31.897
,2020,2020,16 years,16,Female,F,524,2051722,25.54
,2020,2020,16 years,16,Male,M,1269,2136152,59.406
Total,2020,2020,16 years,16,,,1793,4187874,42.814
,2020,2020,17 years,17,Female,F,593,2040904,29.056
,2020,2020,17 years,17,Male,M,1636,2123989,77.025
Total,2020,2020,17 years,17,,,2229,4164893,53.519
,2020,2020,18 years,18,Female,F,831,2037848,40.778
,2020,2020,18 years,18,Male,M,2328,2122009,109.707
Total,2020,2020,18 years,18,,,3159,4159857,75.94
,2020,2020,19 years,19,Female,F,946,2091322,45.235
,2020,2020,19 years,19,Male,M,2819,2181063,129.249
Total,2020,2020,19 years,19,,,3765,4272385,88.124
,2020,2020,20 years,20,Female,F,974,2123140,45.875
,2020,2020,20 years,20,Male,M,3009,2221432,135.453
Total,2020,2020,20 years,20,,,3983,4344572,91.678
,2020,2020,21 years,21,Female,F,1163,2094326,55.531
,2020,2020,21 years,21,Male,M,3413,2188824,155.928
Total,2020,2020,21 years,21,,,4576,4283150,106.837
,2020,2020,22 years,22,Female,F,1168,2100049,55.618
,2020,2020,22 years,22,Male,M,3517,2192971,160.376
Total,2020,2020,22 years,22,,,4685,4293020,109.131
,2020,2020,23 years,23,Female,F,1338,2113597,63.304
,2020,2020,23 years,23,Male,M,3694,2201623,167.785
Total,2020,2020,23 years,23,,,5032,4315220,116.611
,2020,2020,24 years,24,Female,F,1362,2130797,63.92
,2020,2020,24 years,24,Male,M,3900,2227996,175.045
Total,2020,2020,24 years,24,,,5262,4358793,120.721
,2020,2020,25 years,25,Female,F,1563,2177731,71.772
,2020,2020,25 years,25,Male,M,4143,2283275,181.45
Total,2020,2020,25 years,25,,,5706,4461006,127.908
,2020,2020,26 years,26,Female,F,1613,2223511,72.543
,2020,2020,26 years,26,Male,M,4349,2332000,186.492
Total,2020,2020,26 years,26,,,5962,4555511,130.874
,2020,2020,27 years,27,Female,F,1819,2255755,80.638
,2020,2020,27 years,27,Male,M,4714,2372863,198.663
Total,2020,2020,27 years,27,,,6533,4628618,141.144
,2020,2020,28 years,28,Female,F,1951,2322743,83.996
,2020,2020,28 years,28,Male,M,5019,2428258,206.691
Total,2020,2020,28 years,28,,,6970,4751001,146.706
,2020,2020,29 years,29,Female,F,2196,2376377,92.41
,2020,2020,29 years,29,Male,M,5329,2458730,216.738
Total,2020,2020,29 years,29,,,7525,4835107,155.633
,2020,2020,30 years,30,Female,F,2336,2375032,98.357
,2020,2020,30 years,30,Male,M,5570,2446049,227.714
Total,2020,2020,30 years,30,,,7906,4821081,163.988
,2020,2020,31 years,31,Female,F,2307,2281303,101.126
,2020,2020,31 years,31,Male,M,5637,2346037,240.278
Total,2020,2020,31 years,31,,,7944,4627340,171.675
,2020,2020,32 years,32,Female,F,2527,2228352,113.402
,2020,2020,32 years,32,Male,M,5522,2286384,241.517
Total,2020,2020,32 years,32,,,8049,4514736,178.283
,2020,2020,33 years,33,Female,F,2653,2188527,121.223
,2020,2020,33 years,33,Male,M,5692,2244172,253.635
Total,2020,2020,33 years,33,,,8345,4432699,188.26
,2020,2020,34 years,34,Female,F,2689,2195936,122.453
,2020,2020,34 years,34,Male,M,5857,2246611,260.704
Total,2020,2020,34 years,34,,,8546,4442547,192.367
,2020,2020,35 years,35,Female,F,2860,2215833,129.071
,2020,2020,35 years,35,Male,M,5925,2250914,263.226
Total,2020,2020,35 years,35,,,8785,4466747,196.676
,2020,2020,36 years,36,Female,F,2980,2151567,138.504
,2020,2020,36 years,36,Male,M,6071,2167794,280.054
Total,2020,2020,36 years,36,,,9051,4319361,209.545
,2020,2020,37 years,37,Female,F,3282,2183495,150.309
,2020,2020,37 years,37,Male,M,6489,2190946,296.173
Total,2020,2020,37 years,37,,,9771,4374441,223.366
,2020,2020,38 years,38,Female,F,3342,2182398,153.134
,2020,2020,38 years,38,Male,M,6530,2180264,299.505
Total,2020,2020,38 years,38,,,9872,4362662,226.284
,2020,2020,39 years,39,Female,F,3551,2157423,164.595
,2020,2020,39 years,39,Male,M,7051,2147670,328.309
Total,2020,2020,39 years,39,,,10602,4305093,246.266
,2020,2020,40 years,40,Female,F,3714,2186513,169.859
,2020,2020,40 years,40,Male,M,7231,2192444,329.815
Total,2020,2020,40 years,40,,,10945,4378957,249.945
,2020,2020,41 years,41,Female,F,3947,2057329,191.851
,2020,2020,41 years,41,Male,M,7171,2042821,351.034
Total,2020,2020,41 years,41,,,11118,4100150,271.161
,2020,2020,42 years,42,Female,F,3867,2016979,191.722
,2020,2020,42 years,42,Male,M,7124,1997308,356.68
Total,2020,2020,42 years,42,,,10991,4014287,273.797
,2020,2020,43 years,43,Female,F,4143,2000043,207.146
,2020,2020,43 years,43,Male,M,7395,1967767,375.807
Total,2020,2020,43 years,43,,,11538,3967810,290.79
,2020,2020,44 years,44,Female,F,4310,1938744,222.309
,2020,2020,44 years,44,Male,M,7507,1907940,393.461
Total,2020,2020,44 years,44,,,11817,3846684,307.2
,2020,2020,45 years,45,Female,F,4725,1991382,237.272
,2020,2020,45 years,45,Male,M,8018,1966590,407.711
Total,2020,2020,45 years,45,,,12743,3957972,321.958
,2020,2020,46 years,46,Female,F,4986,1933297,257.901
,2020,2020,46 years,46,Male,M,8443,1893397,445.918
Total,2020,2020,46 years,46,,,13429,3826694,350.93
,2020,2020,47 years,47,Female,F,5510,1964957,280.413
,2020,2020,47 years,47,Male,M,9253,1911966,483.952
Total,2020,2020,47 years,47,,,14763,3876923,380.792
,2020,2020,48 years,48,Female,F,6121,2046809,299.051
,2020,2020,48 years,48,Male,M,10562,1996639,528.989
Total,2020,2020,48 years,48,,,16683,4043448,412.593
,2020,2020,49 years,49,Female,F,6935,2161257,320.878
,2020,2020,49 years,49,Male,M,11878,2104312,564.46
Total,2020,2020,49 years,49,,,18813,4265569,441.043
,2020,2020,50 years,50,Female,F,7503,2176827,344.676
,2020,2020,50 years,50,Male,M,12657,2133843,593.155
Total,2020,2020,50 years,50,,,20160,4310670,467.677
,2020,2020,51 years,51,Female,F,7879,2063731,381.784
,2020,2020,51 years,51,Male,M,13097,2012703,650.717
Total,2020,2020,51 years,51,,,20976,4076434,514.567
,2020,2020,52 years,52,Female,F,8378,2019631,414.828
,2020,2020,52 years,52,Male,M,14021,1964096,713.865
Total,2020,2020,52 years,52,,,22399,3983727,562.262
,2020,2020,53 years,53,Female,F,9133,2024943,451.025
,2020,2020,53 years,53,Male,M,15089,1955019,771.808
Total,2020,2020,53 years,53,,,24222,3979962,608.599
,2020,2020,54 years,54,Female,F,10128,2058607,491.983
,2020,2020,54 years,54,Male,M,16826,1986127,847.176
Total,2020,2020,54 years,54,,,26954,4044734,666.397
,2020,2020,55 years,55,Female,F,11416,2180669,523.509
,2020,2020,55 years,55,Male,M,19091,2097187,910.315
Total,2020,2020,55 years,55,,,30507,4277856,713.138
,2020,2020,56 years,56,Female,F,12646,2225298,568.283
,2020,2020,56 years,56,Male,M,21168,2118583,999.158
Total,2020,2020,56 years,56,,,33814,4343881,778.428
,2020,2020,57 years,57,Female,F,14072,2223160,632.973
,2020,2020,57 years,57,Male,M,22489,2104702,1068.512
Total,2020,2020,57 years,57,,,36561,4327862,844.782
,2020,2020,58 years,58,Female,F,14885,2216957,671.416
,2020,2020,58 years,58,Male,M,24355,2089658,1165.502
Total,2020,2020,58 years,58,,,39240,4306615,911.156
,2020,2020,59 years,59,Female,F,16549,2245087,737.121
,2020,2020,59 years,59,Male,M,26557,2101798,1263.537
Total,2020,2020,59 years,59,,,43106,4346885,991.653
,2020,2020,60 years,60,Female,F,17950,2255469,795.843
,2020,2020,60 years,60,Male,M,28354,2116626,1339.585
Total,2020,2020,60 years,60,,,46304,4372095,1059.08
,2020,2020,61 years,61,Female,F,18791,2182788,860.872
,2020,2020,61 years,61,Male,M,30080,2026188,1484.561
Total,2020,2020,61 years,61,,,48871,4208976,1161.114
,2020,2020,62 years,62,Female,F,19903,2168833,917.682
,2020,2020,62 years,62,Male,M,31422,1999600,1571.414
Total,2020,2020,62 years,62,,,51325,4168433,1231.278
,2020,2020,63 years,63,Female,F,21307,2145780,992.972
,2020,2020,63 years,63,Male,M,33504,1960712,1708.767
Total,2020,2020,63 years,63,,,54811,4106492,1334.74
,2020,2020,64 years,64,Female,F,21903,2070202,1058.013
,2020,2020,64 years,64,Male,M,34107,1874380,1819.642
Total,2020,2020,64 years,64,,,56010,3944582,1419.922
,2020,2020,65 years,65,Female,F,23040,2050844,1123.44
,2020,2020,65 years,65,Male,M,34987,1846576,1894.696
Total,2020,2020,65 years,65,,,58027,3897420,1488.857
,2020,2020,66 years,66,Female,F,23754,1969842,1205.884
,2020,2020,66 years,66,Male,M,36153,1750568,2065.215
Total,2020,2020,66 years,66,,,59907,3720410,1610.226
,2020,2020,67 years,67,Female,F,24675,1892051,1304.14
,2020,2020,67 years,67,Male,M,36489,1670185,2184.728
Total,2020,2020,67 years,67,,,61164,3562236,1717.011
,2020,2020,68 years,68,Female,F,25638,1813435,1413.781
,2020,2020,68 years,68,Male,M,37251,1593647,2337.469
Total,2020,2020,68 years,68,,,62889,3407082,1845.832
,2020,2020,69 years,69,Female,F,26545,1757144,1510.69
,2020,2020,69 years,69,Male,M,37856,1529375,2475.26
Total,2020,2020,69 years,69,,,64401,3286519,1959.551
,2020,2020,70 years,70,Female,F,28093,1706943,1645.808
,2020,2020,70 years,70,Male,M,39186,1485086,2638.635
Total,2020,2020,70 years,70,,,67279,3192029,2107.719
,2020,2020,71 years,71,Female,F,30411,1648341,1844.946
,2020,2020,71 years,71,Male,M,40638,1426391,2849.008
Total,2020,2020,71 years,71,,,71049,3074732,2310.738
,2020,2020,72 years,72,Female,F,32904,1619075,2032.272
,2020,2020,72 years,72,Male,M,43199,1398098,3089.841
Total,2020,2020,72 years,72,,,76103,3017173,2522.328
,2020,2020,73 years,73,Female,F,36024,1675385,2150.192
,2020,2020,73 years,73,Male,M,46529,1442000,3226.699
Total,2020,2020,73 years,73,,,82553,3117385,2648.149
,2020,2020,74 years,74,Female,F,31424,1232798,2548.998
,2020,2020,74 years,74,Male,M,39711,1041614,3812.449
Total,2020,2020,74 years,74,,,71135,2274412,3127.622
,2020,2020,75 years,75,Female,F,32471,1210107,2683.316
,2020,2020,75 years,75,Male,M,39754,1009458,3938.153
Total,2020,2020,75 years,75,,,72225,2219565,3254.016
,2020,2020,76 years,76,Female,F,35223,1168898,3013.351
,2020,2020,76 years,76,Male,M,42877,961529,4459.252
Total,2020,2020,76 years,76,,,78100,2130427,3665.932
,2020,2020,77 years,77,Female,F,38868,1183942,3282.931
,2020,2020,77 years,77,Male,M,46442,963155,4821.861
Total,2020,2020,77 years,77,,,85310,2147097,3973.272
,2020,2020,78 years,78,Female,F,37865,1023052,3701.18
,2020,2020,78 years,78,Male,M,44183,816776,5409.439
Total,2020,2020,78 years,78,,,82048,1839828,4459.547
,2020,2020,79 years,79,Female,F,38013,927150,4099.984
,2020,2020,79 years,79,Male,M,42495,722766,5879.496
Total,2020,2020,79 years,79,,,80508,1649916,4879.521
,2020,2020,80 years,80,Female,F,39250,863701,4544.397
,2020,2020,80 years,80,Male,M,42411,663256,6394.364
Total,2020,2020,80 years,80,,,81661,1526957,5347.957
,2020,2020,81 years,81,Female,F,40652,795451,5110.56
,2020,2020,81 years,81,Male,M,42685,604941,7056.06
Total,2020,2020,81 years,81,,,83337,1400392,5950.977
,2020,2020,82 years,82,Female,F,42717,749775,5697.309
,2020,2020,82 years,82,Male,M,42913,554034,7745.554
Total,2020,2020,82 years,82,,,85630,1303809,6567.68
,2020,2020,83 years,83,Female,F,43079,676482,6368.093
,2020,2020,83 years,83,Male,M,42570,486767,8745.457
Total,2020,2020,83 years,83,,,85649,1163249,7362.912
,2020,2020,84 years,84,Female,F,45088,629714,7160.076
,2020,2020,84 years,84,Male,M,42528,440593,9652.446
Total,2020,2020,84 years,84,,,87616,1070307,8186.063
,2020,2020,85 years,85,Female,F,47065,Not Applicable,Not Applicable
,2020,2020,85 years,85,Male,M,42593,Not Applicable,Not Applicable
Total,2020,2020,85 years,85,,,89658,Not Applicable,Not Applicable
,2020,2020,86 years,86,Female,F,46597,Not Applicable,Not Applicable
,2020,2020,86 years,86,Male,M,39831,Not Applicable,Not Applicable
Total,2020,2020,86 years,86,,,86428,Not Applicable,Not Applicable
,2020,2020,87 years,87,Female,F,47976,Not Applicable,Not Applicable
,2020,2020,87 years,87,Male,M,39480,Not Applicable,Not Applicable
Total,2020,2020,87 years,87,,,87456,Not Applicable,Not Applicable
,2020,2020,88 years,88,Female,F,49222,Not Applicable,Not Applicable
,2020,2020,88 years,88,Male,M,38795,Not Applicable,Not Applicable
Total,2020,2020,88 years,88,,,88017,Not Applicable,Not Applicable
,2020,2020,89 years,89,Female,F,50496,Not Applicable,Not Applicable
,2020,2020,89 years,89,Male,M,37196,Not Applicable,Not Applicable
Total,2020,2020,89 years,89,,,87692,Not Applicable,Not Applicable
,2020,2020,90 years,90,Female,F,50353,Not Applicable,Not Applicable
,2020,2020,90 years,90,Male,M,34852,Not Applicable,Not Applicable
Total,2020,2020,90 years,90,,,85205,Not Applicable,Not Applicable
,2020,2020,91 years,91,Female,F,47827,Not Applicable,Not Applicable
,2020,2020,91 years,91,Male,M,31528,Not Applicable,Not Applicable
Total,2020,2020,91 years,91,,,79355,Not Applicable,Not Applicable
,2020,2020,92 years,92,Female,F,46246,Not Applicable,Not Applicable
,2020,2020,92 years,92,Male,M,28214,Not Applicable,Not Applicable
Total,2020,2020,92 years,92,,,74460,Not Applicable,Not Applicable
,2020,2020,93 years,93,Female,F,43524,Not Applicable,Not Applicable
,2020,2020,93 years,93,Male,M,24433,Not Applicable,Not Applicable
Total,2020,2020,93 years,93,,,67957,Not Applicable,Not Applicable
,2020,2020,94 years,94,Female,F,38592,Not Applicable,Not Applicable
,2020,2020,94 years,94,Male,M,20117,Not Applicable,Not Applicable
Total,2020,2020,94 years,94,,,58709,Not Applicable,Not Applicable
,2020,2020,95 years,95,Female,F,34265,Not Applicable,Not Applicable
,2020,2020,95 years,95,Male,M,16436,Not Applicable,Not Applicable
Total,2020,2020,95 years,95,,,50701,Not Applicable,Not Applicable
,2020,2020,96 years,96,Female,F,29225,Not Applicable,Not Applicable
,2020,2020,96 years,96,Male,M,12916,Not Applicable,Not Applicable
Total,2020,2020,96 years,96,,,42141,Not Applicable,Not Applicable
,2020,2020,97 years,97,Female,F,23833,Not Applicable,Not Applicable
,2020,2020,97 years,97,Male,M,9535,Not Applicable,Not Applicable
Total,2020,2020,97 years,97,,,33368,Not Applicable,Not Applicable
,2020,2020,98 years,98,Female,F,18959,Not Applicable,Not Applicable
,2020,2020,98 years,98,Male,M,6880,Not Applicable,Not Applicable
Total,2020,2020,98 years,98,,,25839,Not Applicable,Not Applicable
,2020,2020,99 years,99,Female,F,14392,Not Applicable,Not Applicable
,2020,2020,99 years,99,Male,M,4795,Not Applicable,Not Applicable
Total,2020,2020,99 years,99,,,19187,Not Applicable,Not Applicable
,2020,2020,100+ years,100,Female,F,29313,Not Applicable,Not Applicable
,2020,2020,100+ years,100,Male,M,7319,Not Applicable,Not Applicable
Total,2020,2020,100+ years,100,,,36632,Not Applicable,Not Applicable
,2020,2020,Not Stated,NS,Female,F,37,Not Applicable,Not Applicable
,2020,2020,Not Stated,NS,Male,M,79,Not Applicable,Not Applicable
Total,2020,2020,Not Stated,NS,,,116,Not Applicable,Not Applicable
Total,2020,2020,,,,,3383729,329484123,1026.978
Total,,,,,,,17348153,1955156591,887.302
---,,,,,,,,,
"Dataset: Underlying Cause of Death, 1999-2020",,,,,,,,,
Query Parameters:,,,,,,,,,
Year/Month: 2015; 2016; 2017; 2018; 2019; 2020,,,,,,,,,
Group By: Year; Single-Year Ages; Sex,,,,,,,,,
Show Totals: True,,,,,,,,,
Show Zero Values: True,,,,,,,,,
Show Suppressed: True,,,,,,,,,
"Calculate Rates Per: 100,000",,,,,,,,,
Rate Options: Default intercensal populations for years 2001-2009 (except Infant Age Groups),,,,,,,,,
---,,,,,,,,,
Help: See http://wonder.cdc.gov/wonder/help/ucd.html for more information.,,,,,,,,,
---,,,,,,,,,
"Query Date: May 18, 2026 9:51:09 PM",,,,,,,,,
---,,,,,,,,,
"Suggested Citation: Centers for Disease Control and Prevention, National Center for Health Statistics. National Vital Statistics",,,,,,,,,
"System, Mortality 1999-2020 on CDC WONDER Online Database, released in 2021. Data are from the Multiple Cause of Death Files,",,,,,,,,,
"1999-2020, as compiled from data provided by the 57 vital statistics jurisdictions through the Vital Statistics Cooperative",,,,,,,,,
"Program. Accessed at http://wonder.cdc.gov/ucd-icd10.html on May 18, 2026 9:51:09 PM",,,,,,,,,
---,,,,,,,,,
Caveats:,,,,,,,,,
1. Population and rates are labeled 'Not Applicable' when they include a subset of ages 85-100+ because populations are not,,,,,,,,,
available for those ages. More information: http://wonder.cdc.gov/wonder/help/ucd.html#Ages 85-100.,,,,,,,,,
"2. Deaths of persons with Age ""Not Stated"" are included in ""All"" counts and rates, but are not distributed among age groups,",,,,,,,,,
"so are not included in age-specific counts, age-specific rates or in any age-adjusted rates. More information:",,,,,,,,,
http://wonder.cdc.gov/wonder/help/ucd.html#Not Stated.,,,,,,,,,
"3. The population figures for year 2020 are bridged-race estimates of the July 1 resident population, from the Vintage 2020",,,,,,,,,
"postcensal series released by NCHS on September 22, 2021. The population figures for year 2019 are bridged-race estimates of the",,,,,,,,,
"July 1 resident population, from the Vintage 2019 postcensal series released by NCHS on July 9, 2020. The population figures for",,,,,,,,,
"year 2018 are bridged-race estimates of the July 1 resident population, from the Vintage 2018 postcensal series released by NCHS",,,,,,,,,
"on June 25, 2019. The population figures for year 2017 are bridged-race estimates of the July 1 resident population, from the",,,,,,,,,
"Vintage 2017 postcensal series released by NCHS on June 27, 2018. The population figures for year 2016 are bridged-race",,,,,,,,,
"estimates of the July 1 resident population, from the Vintage 2016 postcensal series released by NCHS on June 26, 2017. The",,,,,,,,,
"population figures for year 2015 are bridged-race estimates of the July 1 resident population, from the Vintage 2015 postcensal",,,,,,,,,
"series released by NCHS on June 28, 2016. The population figures for year 2014 are bridged-race estimates of the July 1 resident",,,,,,,,,
"population, from the Vintage 2014 postcensal series released by NCHS on June 30, 2015. The population figures for year 2013 are",,,,,,,,,
"bridged-race estimates of the July 1 resident population, from the Vintage 2013 postcensal series released by NCHS on June 26,",,,,,,,,,
"2014. The population figures for year 2012 are bridged-race estimates of the July 1 resident population, from the Vintage 2012",,,,,,,,,
"postcensal series released by NCHS on June 13, 2013. The population figures for year 2011 are bridged-race estimates of the July",,,,,,,,,
"1 resident population, from the Vintage 2011 postcensal series released by NCHS on July 18, 2012. Population figures for 2010",,,,,,,,,
are April 1 Census counts. The population figures for years 2001 - 2009 are bridged-race estimates of the July 1 resident,,,,,,,,,
"population, from the revised intercensal county-level 2000 - 2009 series released by NCHS on October 26, 2012. Population",,,,,,,,,
figures for 2000 are April 1 Census counts. Population figures for 1999 are from the 1990-1999 intercensal series of July 1,,,,,,,,,
estimates. Population figures for the infant age groups are the number of live births. <br/><b>Note:</b> Rates and population,,,,,,,,,
"figures for years 2001 - 2009 differ slightly from previously published reports, due to use of the population estimates which",,,,,,,,,
were available at the time of release.,,,,,,,,,
4. The population figures used in the calculation of death rates for the age group 'under 1 year' are the estimates of the,,,,,,,,,
resident population that is under one year of age. More information: http://wonder.cdc.gov/wonder/help/ucd.html#Age Group.,,,,,,,,,
