"Notes","Year","Year Code","Single-Year Ages","Single-Year Ages Code","Sex","Sex Code",Deaths,Population,Crude Rate
,"1999","1999","< 1 year","0","Female","F",12291,1852123,663.617
,"1999","1999","< 1 year","0","Male","M",15646,1943639,804.985
"Total","1999","1999","< 1 year","0",,,27937,3795762,736.005
,"1999","1999","1 year","1","Female","F",886,1849170,47.913
,"1999","1999","1 year","1","Male","M",1103,1935918,56.976
"Total","1999","1999","1 year","1",,,1989,3785088,52.548
,"1999","1999","2 years","2","Female","F",579,1849556,31.305
,"1999","1999","2 years","2","Male","M",797,1933079,41.230
"Total","1999","1999","2 years","2",,,1376,3782635,36.377
,"1999","1999","3 years","3","Female","F",445,1868553,23.815
,"1999","1999","3 years","3","Male","M",601,1956253,30.722
"Total","1999","1999","3 years","3",,,1046,3824806,27.348
,"1999","1999","4 years","4","Female","F",364,1926335,18.896
,"1999","1999","4 years","4","Male","M",474,2020918,23.455
"Total","1999","1999","4 years","4",,,838,3947253,21.230
,"1999","1999","5 years","5","Female","F",317,1950892,16.249
,"1999","1999","5 years","5","Male","M",446,2048870,21.768
"Total","1999","1999","5 years","5",,,763,3999762,19.076
,"1999","1999","6 years","6","Female","F",312,1970698,15.832
,"1999","1999","6 years","6","Male","M",384,2071922,18.534
"Total","1999","1999","6 years","6",,,696,4042620,17.217
,"1999","1999","7 years","7","Female","F",297,2034495,14.598
,"1999","1999","7 years","7","Male","M",386,2128808,18.132
"Total","1999","1999","7 years","7",,,683,4163303,16.405
,"1999","1999","8 years","8","Female","F",303,2034953,14.890
,"1999","1999","8 years","8","Male","M",389,2135753,18.214
"Total","1999","1999","8 years","8",,,692,4170706,16.592
,"1999","1999","9 years","9","Female","F",281,2061580,13.630
,"1999","1999","9 years","9","Male","M",359,2168489,16.555
"Total","1999","1999","9 years","9",,,640,4230069,15.130
,"1999","1999","10 years","10","Female","F",293,2021562,14.494
,"1999","1999","10 years","10","Male","M",394,2127091,18.523
"Total","1999","1999","10 years","10",,,687,4148653,16.560
,"1999","1999","11 years","11","Female","F",296,1969839,15.027
,"1999","1999","11 years","11","Male","M",415,2066343,20.084
"Total","1999","1999","11 years","11",,,711,4036182,17.616
,"1999","1999","12 years","12","Female","F",303,1956197,15.489
,"1999","1999","12 years","12","Male","M",414,2053713,20.159
"Total","1999","1999","12 years","12",,,717,4009910,17.881
,"1999","1999","13 years","13","Female","F",296,1952202,15.162
,"1999","1999","13 years","13","Male","M",551,2051405,26.860
"Total","1999","1999","13 years","13",,,847,4003607,21.156
,"1999","1999","14 years","14","Female","F",405,1955864,20.707
,"1999","1999","14 years","14","Male","M",754,2059148,36.617
"Total","1999","1999","14 years","14",,,1159,4015012,28.867
,"1999","1999","15 years","15","Female","F",512,1913334,26.760
,"1999","1999","15 years","15","Male","M",997,2025818,49.215
"Total","1999","1999","15 years","15",,,1509,3939152,38.308
,"1999","1999","16 years","16","Female","F",784,1948049,40.245
,"1999","1999","16 years","16","Male","M",1570,2072256,75.763
"Total","1999","1999","16 years","16",,,2354,4020305,58.553
,"1999","1999","17 years","17","Female","F",892,1947136,45.811
,"1999","1999","17 years","17","Male","M",2012,2084088,96.541
"Total","1999","1999","17 years","17",,,2904,4031224,72.038
,"1999","1999","18 years","18","Female","F",904,1942583,46.536
,"1999","1999","18 years","18","Male","M",2500,2047260,122.114
"Total","1999","1999","18 years","18",,,3404,3989843,85.317
,"1999","1999","19 years","19","Female","F",906,2010467,45.064
,"1999","1999","19 years","19","Male","M",2701,2093611,129.012
"Total","1999","1999","19 years","19",,,3607,4104078,87.888
,"1999","1999","20 years","20","Female","F",885,1915294,46.207
,"1999","1999","20 years","20","Male","M",2616,2010201,130.136
"Total","1999","1999","20 years","20",,,3501,3925495,89.186
,"1999","1999","21 years","21","Female","F",860,1838440,46.779
,"1999","1999","21 years","21","Male","M",2678,1924961,139.120
"Total","1999","1999","21 years","21",,,3538,3763401,94.011
,"1999","1999","22 years","22","Female","F",832,1807150,46.039
,"1999","1999","22 years","22","Male","M",2541,1887040,134.655
"Total","1999","1999","22 years","22",,,3373,3694190,91.306
,"1999","1999","23 years","23","Female","F",827,1744637,47.402
,"1999","1999","23 years","23","Male","M",2461,1817832,135.381
"Total","1999","1999","23 years","23",,,3288,3562469,92.296
,"1999","1999","24 years","24","Female","F",840,1793094,46.846
,"1999","1999","24 years","24","Male","M",2338,1852780,126.189
"Total","1999","1999","24 years","24",,,3178,3645874,87.167
,"1999","1999","25 years","25","Female","F",884,1800091,49.109
,"1999","1999","25 years","25","Male","M",2253,1857316,121.304
"Total","1999","1999","25 years","25",,,3137,3657407,85.771
,"1999","1999","26 years","26","Female","F",909,1814511,50.096
,"1999","1999","26 years","26","Male","M",2368,1851717,127.881
"Total","1999","1999","26 years","26",,,3277,3666228,89.383
,"1999","1999","27 years","27","Female","F",1037,1949822,53.184
,"1999","1999","27 years","27","Male","M",2512,1985242,126.534
"Total","1999","1999","27 years","27",,,3549,3935064,90.189
,"1999","1999","28 years","28","Female","F",1120,2060374,54.359
,"1999","1999","28 years","28","Male","M",2642,2086110,126.647
"Total","1999","1999","28 years","28",,,3762,4146484,90.727
,"1999","1999","29 years","29","Female","F",1211,2071169,58.469
,"1999","1999","29 years","29","Male","M",2767,2098705,131.843
"Total","1999","1999","29 years","29",,,3978,4169874,95.399
,"1999","1999","30 years","30","Female","F",1295,2064871,62.716
,"1999","1999","30 years","30","Male","M",2710,2116341,128.051
"Total","1999","1999","30 years","30",,,4005,4181212,95.786
,"1999","1999","31 years","31","Female","F",1356,1957054,69.288
,"1999","1999","31 years","31","Male","M",2828,1979133,142.891
"Total","1999","1999","31 years","31",,,4184,3936187,106.296
,"1999","1999","32 years","32","Female","F",1486,2014551,73.763
,"1999","1999","32 years","32","Male","M",3113,2029406,153.395
"Total","1999","1999","32 years","32",,,4599,4043957,113.725
,"1999","1999","33 years","33","Female","F",1634,2036474,80.237
,"1999","1999","33 years","33","Male","M",3331,2043243,163.025
"Total","1999","1999","33 years","33",,,4965,4079717,121.700
,"1999","1999","34 years","34","Female","F",1858,2176173,85.379
,"1999","1999","34 years","34","Male","M",3752,2186103,171.630
"Total","1999","1999","34 years","34",,,5610,4362276,128.603
,"1999","1999","35 years","35","Female","F",2110,2293916,91.982
,"1999","1999","35 years","35","Male","M",4165,2311702,180.170
"Total","1999","1999","35 years","35",,,6275,4605618,136.247
,"1999","1999","36 years","36","Female","F",2379,2281275,104.284
,"1999","1999","36 years","36","Male","M",4288,2262286,189.543
"Total","1999","1999","36 years","36",,,6667,4543561,146.735
,"1999","1999","37 years","37","Female","F",2592,2298941,112.748
,"1999","1999","37 years","37","Male","M",4714,2283851,206.406
"Total","1999","1999","37 years","37",,,7306,4582792,159.422
,"1999","1999","38 years","38","Female","F",2928,2276449,128.621
,"1999","1999","38 years","38","Male","M",5113,2253560,226.885
"Total","1999","1999","38 years","38",,,8041,4530009,177.505
,"1999","1999","39 years","39","Female","F",3114,2323573,134.018
,"1999","1999","39 years","39","Male","M",5401,2296996,235.133
"Total","1999","1999","39 years","39",,,8515,4620569,184.285
,"1999","1999","40 years","40","Female","F",3256,2341168,139.076
,"1999","1999","40 years","40","Male","M",5780,2326357,248.457
"Total","1999","1999","40 years","40",,,9036,4667525,193.593
,"1999","1999","41 years","41","Female","F",3537,2250723,157.150
,"1999","1999","41 years","41","Male","M",6270,2211175,283.560
"Total","1999","1999","41 years","41",,,9807,4461898,219.794
,"1999","1999","42 years","42","Female","F",3827,2271051,168.512
,"1999","1999","42 years","42","Male","M",6646,2235880,297.243
"Total","1999","1999","42 years","42",,,10473,4506931,232.375
,"1999","1999","43 years","43","Female","F",4029,2179527,184.857
,"1999","1999","43 years","43","Male","M",7183,2118325,339.089
"Total","1999","1999","43 years","43",,,11212,4297852,260.875
,"1999","1999","44 years","44","Female","F",4366,2152981,202.789
,"1999","1999","44 years","44","Male","M",7558,2106941,358.719
"Total","1999","1999","44 years","44",,,11924,4259922,279.911
,"1999","1999","45 years","45","Female","F",4568,2146028,212.858
,"1999","1999","45 years","45","Male","M",7839,2099854,373.312
"Total","1999","1999","45 years","45",,,12407,4245882,292.213
,"1999","1999","46 years","46","Female","F",4714,2031823,232.008
,"1999","1999","46 years","46","Male","M",8392,1963127,427.481
"Total","1999","1999","46 years","46",,,13106,3994950,328.064
,"1999","1999","47 years","47","Female","F",4905,2002180,244.983
,"1999","1999","47 years","47","Male","M",8645,1934967,446.778
"Total","1999","1999","47 years","47",,,13550,3937147,344.158
,"1999","1999","48 years","48","Female","F",5109,1889850,270.339
,"1999","1999","48 years","48","Male","M",8930,1820806,490.442
"Total","1999","1999","48 years","48",,,14039,3710656,378.343
,"1999","1999","49 years","49","Female","F",5521,1917853,287.874
,"1999","1999","49 years","49","Male","M",9497,1847719,513.985
"Total","1999","1999","49 years","49",,,15018,3765572,398.824
,"1999","1999","50 years","50","Female","F",5858,1915145,305.878
,"1999","1999","50 years","50","Male","M",9775,1847555,529.078
"Total","1999","1999","50 years","50",,,15633,3762700,415.473
,"1999","1999","51 years","51","Female","F",6400,1839362,347.947
,"1999","1999","51 years","51","Male","M",10470,1762492,594.045
"Total","1999","1999","51 years","51",,,16870,3601854,468.370
,"1999","1999","52 years","52","Female","F",7177,1972464,363.860
,"1999","1999","52 years","52","Male","M",11509,1900702,605.513
"Total","1999","1999","52 years","52",,,18686,3873166,482.448
,"1999","1999","53 years","53","Female","F",6313,1430150,441.422
,"1999","1999","53 years","53","Male","M",9885,1355175,729.426
"Total","1999","1999","53 years","53",,,16198,2785325,581.548
,"1999","1999","54 years","54","Female","F",6750,1487450,453.797
,"1999","1999","54 years","54","Male","M",10717,1413117,758.394
"Total","1999","1999","54 years","54",,,17467,2900567,602.193
,"1999","1999","55 years","55","Female","F",7423,1468560,505.461
,"1999","1999","55 years","55","Male","M",11728,1390616,843.367
"Total","1999","1999","55 years","55",,,19151,2859176,669.808
,"1999","1999","56 years","56","Female","F",8416,1510736,557.079
,"1999","1999","56 years","56","Male","M",12919,1423773,907.378
"Total","1999","1999","56 years","56",,,21335,2934509,727.038
,"1999","1999","57 years","57","Female","F",8132,1327155,612.739
,"1999","1999","57 years","57","Male","M",12509,1234061,1013.645
"Total","1999","1999","57 years","57",,,20641,2561216,805.906
,"1999","1999","58 years","58","Female","F",8463,1252109,675.900
,"1999","1999","58 years","58","Male","M",12865,1160403,1108.667
"Total","1999","1999","58 years","58",,,21328,2412512,884.058
,"1999","1999","59 years","59","Female","F",9009,1206474,746.721
,"1999","1999","59 years","59","Male","M",13420,1110934,1207.993
"Total","1999","1999","59 years","59",,,22429,2317408,967.849
,"1999","1999","60 years","60","Female","F",9504,1205799,788.191
,"1999","1999","60 years","60","Male","M",14016,1107631,1265.403
"Total","1999","1999","60 years","60",,,23520,2313430,1016.672
,"1999","1999","61 years","61","Female","F",10206,1138272,896.622
,"1999","1999","61 years","61","Male","M",14881,1040279,1430.482
"Total","1999","1999","61 years","61",,,25087,2178551,1151.545
,"1999","1999","62 years","62","Female","F",10734,1089367,985.343
,"1999","1999","62 years","62","Male","M",15506,986960,1571.087
"Total","1999","1999","62 years","62",,,26240,2076327,1263.770
,"1999","1999","63 years","63","Female","F",11590,1083500,1069.682
,"1999","1999","63 years","63","Male","M",16626,971465,1711.436
"Total","1999","1999","63 years","63",,,28216,2054965,1373.065
,"1999","1999","64 years","64","Female","F",12778,1096791,1165.035
,"1999","1999","64 years","64","Male","M",18254,973141,1875.782
"Total","1999","1999","64 years","64",,,31032,2069932,1499.180
,"1999","1999","65 years","65","Female","F",13404,1018034,1316.655
,"1999","1999","65 years","65","Male","M",18538,895420,2070.313
"Total","1999","1999","65 years","65",,,31942,1913454,1669.337
,"1999","1999","66 years","66","Female","F",14491,1018914,1422.200
,"1999","1999","66 years","66","Male","M",19743,877447,2250.050
"Total","1999","1999","66 years","66",,,34234,1896361,1805.247
,"1999","1999","67 years","67","Female","F",15509,1035759,1497.356
,"1999","1999","67 years","67","Male","M",21115,880924,2396.915
"Total","1999","1999","67 years","67",,,36624,1916683,1910.801
,"1999","1999","68 years","68","Female","F",16988,1038635,1635.608
,"1999","1999","68 years","68","Male","M",23073,879176,2624.389
"Total","1999","1999","68 years","68",,,40061,1917811,2088.892
,"1999","1999","69 years","69","Female","F",18774,1030646,1821.576
,"1999","1999","69 years","69","Male","M",25060,866543,2891.951
"Total","1999","1999","69 years","69",,,43834,1897189,2310.471
,"1999","1999","70 years","70","Female","F",19954,1036615,1924.919
,"1999","1999","70 years","70","Male","M",25849,835920,3092.282
"Total","1999","1999","70 years","70",,,45803,1872535,2446.042
,"1999","1999","71 years","71","Female","F",21793,1013700,2149.847
,"1999","1999","71 years","71","Male","M",28204,817115,3451.656
"Total","1999","1999","71 years","71",,,49997,1830815,2730.860
,"1999","1999","72 years","72","Female","F",23669,984670,2403.749
,"1999","1999","72 years","72","Male","M",29893,766712,3898.856
"Total","1999","1999","72 years","72",,,53562,1751382,3058.271
,"1999","1999","73 years","73","Female","F",25383,969353,2618.551
,"1999","1999","73 years","73","Male","M",31073,745037,4170.665
"Total","1999","1999","73 years","73",,,56456,1714390,3293.066
,"1999","1999","74 years","74","Female","F",27715,979098,2830.667
,"1999","1999","74 years","74","Male","M",32372,729191,4439.440
"Total","1999","1999","74 years","74",,,60087,1708289,3517.379
,"1999","1999","75 years","75","Female","F",29240,947146,3087.169
,"1999","1999","75 years","75","Male","M",33584,690588,4863.102
"Total","1999","1999","75 years","75",,,62824,1637734,3836.032
,"1999","1999","76 years","76","Female","F",30499,899769,3389.648
,"1999","1999","76 years","76","Male","M",33944,639518,5307.747
"Total","1999","1999","76 years","76",,,64443,1539287,4186.549
,"1999","1999","77 years","77","Female","F",32953,882594,3733.653
,"1999","1999","77 years","77","Male","M",35701,616768,5788.400
"Total","1999","1999","77 years","77",,,68654,1499362,4578.881
,"1999","1999","78 years","78","Female","F",34756,837925,4147.865
,"1999","1999","78 years","78","Male","M",36020,569315,6326.902
"Total","1999","1999","78 years","78",,,70776,1407240,5029.419
,"1999","1999","79 years","79","Female","F",36048,763787,4719.640
,"1999","1999","79 years","79","Male","M",35604,495196,7189.880
"Total","1999","1999","79 years","79",,,71652,1258983,5691.260
,"1999","1999","80 years","80","Female","F",36414,729846,4989.272
,"1999","1999","80 years","80","Male","M",33930,459536,7383.535
"Total","1999","1999","80 years","80",,,70344,1189382,5914.332
,"1999","1999","81 years","81","Female","F",37609,653248,5757.232
,"1999","1999","81 years","81","Male","M",34429,394017,8737.948
"Total","1999","1999","81 years","81",,,72038,1047265,6878.679
,"1999","1999","82 years","82","Female","F",38957,610394,6382.271
,"1999","1999","82 years","82","Male","M",33404,361782,9233.185
"Total","1999","1999","82 years","82",,,72361,972176,7443.200
,"1999","1999","83 years","83","Female","F",39836,563499,7069.400
,"1999","1999","83 years","83","Male","M",32623,311593,10469.747
"Total","1999","1999","83 years","83",,,72459,875092,8280.158
,"1999","1999","84 years","84","Female","F",41308,522990,7898.430
,"1999","1999","84 years","84","Male","M",31731,275403,11521.661
"Total","1999","1999","84 years","84",,,73039,798393,9148.252
,"1999","1999","85 years","85","Female","F",41775,Not Applicable,Not Applicable
,"1999","1999","85 years","85","Male","M",30524,Not Applicable,Not Applicable
"Total","1999","1999","85 years","85",,,72299,Not Applicable,Not Applicable
,"1999","1999","86 years","86","Female","F",42335,Not Applicable,Not Applicable
,"1999","1999","86 years","86","Male","M",27775,Not Applicable,Not Applicable
"Total","1999","1999","86 years","86",,,70110,Not Applicable,Not Applicable
,"1999","1999","87 years","87","Female","F",40980,Not Applicable,Not Applicable
,"1999","1999","87 years","87","Male","M",25418,Not Applicable,Not Applicable
"Total","1999","1999","87 years","87",,,66398,Not Applicable,Not Applicable
,"1999","1999","88 years","88","Female","F",40513,Not Applicable,Not Applicable
,"1999","1999","88 years","88","Male","M",22655,Not Applicable,Not Applicable
"Total","1999","1999","88 years","88",,,63168,Not Applicable,Not Applicable
,"1999","1999","89 years","89","Female","F",38769,Not Applicable,Not Applicable
,"1999","1999","89 years","89","Male","M",20159,Not Applicable,Not Applicable
"Total","1999","1999","89 years","89",,,58928,Not Applicable,Not Applicable
,"1999","1999","90 years","90","Female","F",36153,Not Applicable,Not Applicable
,"1999","1999","90 years","90","Male","M",17257,Not Applicable,Not Applicable
"Total","1999","1999","90 years","90",,,53410,Not Applicable,Not Applicable
,"1999","1999","91 years","91","Female","F",34640,Not Applicable,Not Applicable
,"1999","1999","91 years","91","Male","M",15012,Not Applicable,Not Applicable
"Total","1999","1999","91 years","91",,,49652,Not Applicable,Not Applicable
,"1999","1999","92 years","92","Female","F",30736,Not Applicable,Not Applicable
,"1999","1999","92 years","92","Male","M",12385,Not Applicable,Not Applicable
"Total","1999","1999","92 years","92",,,43121,Not Applicable,Not Applicable
,"1999","1999","93 years","93","Female","F",26466,Not Applicable,Not Applicable
,"1999","1999","93 years","93","Male","M",9988,Not Applicable,Not Applicable
"Total","1999","1999","93 years","93",,,36454,Not Applicable,Not Applicable
,"1999","1999","94 years","94","Female","F",23485,Not Applicable,Not Applicable
,"1999","1999","94 years","94","Male","M",7869,Not Applicable,Not Applicable
"Total","1999","1999","94 years","94",,,31354,Not Applicable,Not Applicable
,"1999","1999","95 years","95","Female","F",19632,Not Applicable,Not Applicable
,"1999","1999","95 years","95","Male","M",6219,Not Applicable,Not Applicable
"Total","1999","1999","95 years","95",,,25851,Not Applicable,Not Applicable
,"1999","1999","96 years","96","Female","F",16099,Not Applicable,Not Applicable
,"1999","1999","96 years","96","Male","M",4639,Not Applicable,Not Applicable
"Total","1999","1999","96 years","96",,,20738,Not Applicable,Not Applicable
,"1999","1999","97 years","97","Female","F",12540,Not Applicable,Not Applicable
,"1999","1999","97 years","97","Male","M",3281,Not Applicable,Not Applicable
"Total","1999","1999","97 years","97",,,15821,Not Applicable,Not Applicable
,"1999","1999","98 years","98","Female","F",9823,Not Applicable,Not Applicable
,"1999","1999","98 years","98","Male","M",2270,Not Applicable,Not Applicable
"Total","1999","1999","98 years","98",,,12093,Not Applicable,Not Applicable
,"1999","1999","99 years","99","Female","F",7129,Not Applicable,Not Applicable
,"1999","1999","99 years","99","Male","M",1702,Not Applicable,Not Applicable
"Total","1999","1999","99 years","99",,,8831,Not Applicable,Not Applicable
,"1999","1999","100+ years","100","Female","F",15077,Not Applicable,Not Applicable
,"1999","1999","100+ years","100","Male","M",2836,Not Applicable,Not Applicable
"Total","1999","1999","100+ years","100",,,17913,Not Applicable,Not Applicable
,"1999","1999","Not Stated","NS","Female","F",79,Not Applicable,Not Applicable
,"1999","1999","Not Stated","NS","Male","M",277,Not Applicable,Not Applicable
"Total","1999","1999","Not Stated","NS",,,356,Not Applicable,Not Applicable
"Total","1999","1999",,,,,2391399,279040168,857.009
,"2000","2000","< 1 year","0","Female","F",12317,1856631,663.406
,"2000","2000","< 1 year","0","Male","M",15718,1949017,806.458
"Total","2000","2000","< 1 year","0",,,28035,3805648,736.668
,"2000","2000","1 year","1","Female","F",856,1867477,45.837
,"2000","2000","1 year","1","Male","M",1090,1953105,55.809
"Total","2000","2000","1 year","1",,,1946,3820582,50.935
,"2000","2000","2 years","2","Female","F",571,1851456,30.841
,"2000","2000","2 years","2","Male","M",746,1938990,38.474
"Total","2000","2000","2 years","2",,,1317,3790446,34.745
,"2000","2000","3 years","3","Female","F",374,1873836,19.959
,"2000","2000","3 years","3","Male","M",558,1958963,28.484
"Total","2000","2000","3 years","3",,,932,3832799,24.316
,"2000","2000","4 years","4","Female","F",354,1915665,18.479
,"2000","2000","4 years","4","Male","M",430,2010658,21.386
"Total","2000","2000","4 years","4",,,784,3926323,19.968
,"2000","2000","5 years","5","Female","F",314,1934031,16.236
,"2000","2000","5 years","5","Male","M",430,2031072,21.171
"Total","2000","2000","5 years","5",,,744,3965103,18.764
,"2000","2000","6 years","6","Female","F",273,1961488,13.918
,"2000","2000","6 years","6","Male","M",380,2058217,18.463
"Total","2000","2000","6 years","6",,,653,4019705,16.245
,"2000","2000","7 years","7","Female","F",295,2008279,14.689
,"2000","2000","7 years","7","Male","M",347,2109868,16.447
"Total","2000","2000","7 years","7",,,642,4118147,15.590
,"2000","2000","8 years","8","Female","F",260,2041401,12.736
,"2000","2000","8 years","8","Male","M",349,2137829,16.325
"Total","2000","2000","8 years","8",,,609,4179230,14.572
,"2000","2000","9 years","9","Female","F",261,2081029,12.542
,"2000","2000","9 years","9","Male","M",344,2186291,15.734
"Total","2000","2000","9 years","9",,,605,4267320,14.178
,"2000","2000","10 years","10","Female","F",254,2082812,12.195
,"2000","2000","10 years","10","Male","M",390,2191244,17.798
"Total","2000","2000","10 years","10",,,644,4274056,15.068
,"2000","2000","11 years","11","Female","F",301,2006936,14.998
,"2000","2000","11 years","11","Male","M",441,2108157,20.919
"Total","2000","2000","11 years","11",,,742,4115093,18.031
,"2000","2000","12 years","12","Female","F",279,1988614,14.030
,"2000","2000","12 years","12","Male","M",462,2087228,22.135
"Total","2000","2000","12 years","12",,,741,4075842,18.180
,"2000","2000","13 years","13","Female","F",339,1956842,17.324
,"2000","2000","13 years","13","Male","M",533,2054008,25.949
"Total","2000","2000","13 years","13",,,872,4010850,21.741
,"2000","2000","14 years","14","Female","F",436,1972671,22.102
,"2000","2000","14 years","14","Male","M",725,2079560,34.863
"Total","2000","2000","14 years","14",,,1161,4052231,28.651
,"2000","2000","15 years","15","Female","F",540,1954277,27.632
,"2000","2000","15 years","15","Male","M",1019,2065127,49.343
"Total","2000","2000","15 years","15",,,1559,4019404,38.787
,"2000","2000","16 years","16","Female","F",716,1926439,37.167
,"2000","2000","16 years","16","Male","M",1493,2048582,72.880
"Total","2000","2000","16 years","16",,,2209,3975021,55.572
,"2000","2000","17 years","17","Female","F",784,1954732,40.108
,"2000","2000","17 years","17","Male","M",1952,2091280,93.340
"Total","2000","2000","17 years","17",,,2736,4046012,67.622
,"2000","2000","18 years","18","Female","F",927,1972745,46.990
,"2000","2000","18 years","18","Male","M",2440,2078853,117.372
"Total","2000","2000","18 years","18",,,3367,4051598,83.103
,"2000","2000","19 years","19","Female","F",899,2020693,44.490
,"2000","2000","19 years","19","Male","M",2793,2107162,132.548
"Total","2000","2000","19 years","19",,,3692,4127855,89.441
,"2000","2000","20 years","20","Female","F",911,1978228,46.051
,"2000","2000","20 years","20","Male","M",2812,2071220,135.765
"Total","2000","2000","20 years","20",,,3723,4049448,91.938
,"2000","2000","21 years","21","Female","F",924,1875409,49.269
,"2000","2000","21 years","21","Male","M",2855,1965673,145.243
"Total","2000","2000","21 years","21",,,3779,3841082,98.384
,"2000","2000","22 years","22","Female","F",863,1837099,46.976
,"2000","2000","22 years","22","Male","M",2649,1921549,137.858
"Total","2000","2000","22 years","22",,,3512,3758648,93.438
,"2000","2000","23 years","23","Female","F",850,1798182,47.270
,"2000","2000","23 years","23","Male","M",2546,1875400,135.758
"Total","2000","2000","23 years","23",,,3396,3673582,92.444
,"2000","2000","24 years","24","Female","F",822,1787269,45.992
,"2000","2000","24 years","24","Male","M",2512,1853972,135.493
"Total","2000","2000","24 years","24",,,3334,3641241,91.562
,"2000","2000","25 years","25","Female","F",894,1838640,48.623
,"2000","2000","25 years","25","Male","M",2405,1905899,126.187
"Total","2000","2000","25 years","25",,,3299,3744539,88.102
,"2000","2000","26 years","26","Female","F",900,1787277,50.356
,"2000","2000","26 years","26","Male","M",2349,1832383,128.194
"Total","2000","2000","26 years","26",,,3249,3619660,89.760
,"2000","2000","27 years","27","Female","F",999,1874853,53.284
,"2000","2000","27 years","27","Male","M",2483,1914947,129.664
"Total","2000","2000","27 years","27",,,3482,3789800,91.878
,"2000","2000","28 years","28","Female","F",1068,1974005,54.103
,"2000","2000","28 years","28","Male","M",2561,2010807,127.362
"Total","2000","2000","28 years","28",,,3629,3984812,91.071
,"2000","2000","29 years","29","Female","F",1201,2107801,56.979
,"2000","2000","29 years","29","Male","M",2821,2134724,132.148
"Total","2000","2000","29 years","29",,,4022,4242525,94.802
,"2000","2000","30 years","30","Female","F",1260,2115732,59.554
,"2000","2000","30 years","30","Male","M",2765,2174238,127.171
"Total","2000","2000","30 years","30",,,4025,4289970,93.823
,"2000","2000","31 years","31","Female","F",1366,1991793,68.581
,"2000","2000","31 years","31","Male","M",2889,2019782,143.035
"Total","2000","2000","31 years","31",,,4255,4011575,106.068
,"2000","2000","32 years","32","Female","F",1464,1985244,73.744
,"2000","2000","32 years","32","Male","M",2918,2008877,145.255
"Total","2000","2000","32 years","32",,,4382,3994121,109.711
,"2000","2000","33 years","33","Female","F",1620,2008556,80.655
,"2000","2000","33 years","33","Male","M",3166,2018017,156.887
"Total","2000","2000","33 years","33",,,4786,4026573,118.860
,"2000","2000","34 years","34","Female","F",1789,2087294,85.709
,"2000","2000","34 years","34","Male","M",3533,2100855,168.170
"Total","2000","2000","34 years","34",,,5322,4188149,127.073
,"2000","2000","35 years","35","Female","F",2030,2250497,90.202
,"2000","2000","35 years","35","Male","M",3861,2265621,170.417
"Total","2000","2000","35 years","35",,,5891,4516118,130.444
,"2000","2000","36 years","36","Female","F",2291,2263639,101.209
,"2000","2000","36 years","36","Male","M",4275,2247529,190.209
"Total","2000","2000","36 years","36",,,6566,4511168,145.550
,"2000","2000","37 years","37","Female","F",2611,2266938,115.177
,"2000","2000","37 years","37","Male","M",4624,2250122,205.500
"Total","2000","2000","37 years","37",,,7235,4517060,160.171
,"2000","2000","38 years","38","Female","F",2802,2285731,122.587
,"2000","2000","38 years","38","Male","M",5099,2268083,224.815
"Total","2000","2000","38 years","38",,,7901,4553814,173.503
,"2000","2000","39 years","39","Female","F",3154,2321163,135.880
,"2000","2000","39 years","39","Male","M",5393,2287341,235.776
"Total","2000","2000","39 years","39",,,8547,4608504,185.461
,"2000","2000","40 years","40","Female","F",3402,2358828,144.224
,"2000","2000","40 years","40","Male","M",6003,2352606,255.164
"Total","2000","2000","40 years","40",,,9405,4711434,199.621
,"2000","2000","41 years","41","Female","F",3681,2253642,163.336
,"2000","2000","41 years","41","Male","M",6292,2213034,284.316
"Total","2000","2000","41 years","41",,,9973,4466676,223.276
,"2000","2000","42 years","42","Female","F",3869,2290677,168.902
,"2000","2000","42 years","42","Male","M",6731,2256543,298.288
"Total","2000","2000","42 years","42",,,10600,4547220,233.109
,"2000","2000","43 years","43","Female","F",4290,2229419,192.427
,"2000","2000","43 years","43","Male","M",7339,2178451,336.891
"Total","2000","2000","43 years","43",,,11629,4407870,263.824
,"2000","2000","44 years","44","Female","F",4371,2180195,200.487
,"2000","2000","44 years","44","Male","M",7680,2128468,360.823
"Total","2000","2000","44 years","44",,,12051,4308663,279.692
,"2000","2000","45 years","45","Female","F",4735,2190345,216.176
,"2000","2000","45 years","45","Male","M",8170,2151115,379.803
"Total","2000","2000","45 years","45",,,12905,4341460,297.250
,"2000","2000","46 years","46","Female","F",4811,2077993,231.521
,"2000","2000","46 years","46","Male","M",8579,2009570,426.907
"Total","2000","2000","46 years","46",,,13390,4087563,327.579
,"2000","2000","47 years","47","Female","F",5148,2043564,251.913
,"2000","2000","47 years","47","Male","M",9016,1976128,456.246
"Total","2000","2000","47 years","47",,,14164,4019692,352.365
,"2000","2000","48 years","48","Female","F",5356,1975473,271.125
,"2000","2000","48 years","48","Male","M",9531,1909672,499.091
"Total","2000","2000","48 years","48",,,14887,3885145,383.177
,"2000","2000","49 years","49","Female","F",5661,1915523,295.533
,"2000","2000","49 years","49","Male","M",9825,1843021,533.092
"Total","2000","2000","49 years","49",,,15486,3758544,412.021
,"2000","2000","50 years","50","Female","F",6100,1936877,314.940
,"2000","2000","50 years","50","Male","M",10256,1871638,547.969
"Total","2000","2000","50 years","50",,,16356,3808515,429.459
,"2000","2000","51 years","51","Female","F",6378,1847534,345.217
,"2000","2000","51 years","51","Male","M",10614,1769463,599.843
"Total","2000","2000","51 years","51",,,16992,3616997,469.782
,"2000","2000","52 years","52","Female","F",7039,1891651,372.109
,"2000","2000","52 years","52","Male","M",11488,1815785,632.674
"Total","2000","2000","52 years","52",,,18527,3707436,499.725
,"2000","2000","53 years","53","Female","F",7848,1856617,422.704
,"2000","2000","53 years","53","Male","M",12364,1778423,695.223
"Total","2000","2000","53 years","53",,,20212,3635040,556.032
,"2000","2000","54 years","54","Female","F",6867,1445145,475.177
,"2000","2000","54 years","54","Male","M",10555,1372415,769.082
"Total","2000","2000","54 years","54",,,17422,2817560,618.336
,"2000","2000","55 years","55","Female","F",7283,1463741,497.561
,"2000","2000","55 years","55","Male","M",11498,1386859,829.068
"Total","2000","2000","55 years","55",,,18781,2850600,658.844
,"2000","2000","56 years","56","Female","F",8069,1462265,551.815
,"2000","2000","56 years","56","Male","M",12334,1375187,896.896
"Total","2000","2000","56 years","56",,,20403,2837452,719.061
,"2000","2000","57 years","57","Female","F",8930,1479824,603.450
,"2000","2000","57 years","57","Male","M",13597,1384196,982.303
"Total","2000","2000","57 years","57",,,22527,2864020,786.552
,"2000","2000","58 years","58","Female","F",8892,1317443,674.944
,"2000","2000","58 years","58","Male","M",13356,1222709,1092.329
"Total","2000","2000","58 years","58",,,22248,2540152,875.853
,"2000","2000","59 years","59","Female","F",9152,1237235,739.714
,"2000","2000","59 years","59","Male","M",13640,1139778,1196.724
"Total","2000","2000","59 years","59",,,22792,2377013,958.850
,"2000","2000","60 years","60","Female","F",9596,1208384,794.118
,"2000","2000","60 years","60","Male","M",14152,1111560,1273.166
"Total","2000","2000","60 years","60",,,23748,2319944,1023.645
,"2000","2000","61 years","61","Female","F",10435,1159548,899.920
,"2000","2000","61 years","61","Male","M",14657,1061679,1380.549
"Total","2000","2000","61 years","61",,,25092,2221227,1129.646
,"2000","2000","62 years","62","Female","F",11092,1137207,975.372
,"2000","2000","62 years","62","Male","M",15832,1033865,1531.341
"Total","2000","2000","62 years","62",,,26924,2171072,1240.125
,"2000","2000","63 years","63","Female","F",11507,1081948,1063.545
,"2000","2000","63 years","63","Male","M",16511,971203,1700.057
"Total","2000","2000","63 years","63",,,28018,2053151,1364.634
,"2000","2000","64 years","64","Female","F",12569,1081733,1161.932
,"2000","2000","64 years","64","Male","M",17744,958320,1851.574
"Total","2000","2000","64 years","64",,,30313,2040053,1485.893
,"2000","2000","65 years","65","Female","F",13536,1079260,1254.193
,"2000","2000","65 years","65","Male","M",18614,950651,1958.027
"Total","2000","2000","65 years","65",,,32150,2029911,1583.813
,"2000","2000","66 years","66","Female","F",14175,996164,1422.958
,"2000","2000","66 years","66","Male","M",18960,864156,2194.048
"Total","2000","2000","66 years","66",,,33135,1860320,1781.145
,"2000","2000","67 years","67","Female","F",15384,1022372,1504.736
,"2000","2000","67 years","67","Male","M",20658,874079,2363.402
"Total","2000","2000","67 years","67",,,36042,1896451,1900.497
,"2000","2000","68 years","68","Female","F",16719,1008370,1658.022
,"2000","2000","68 years","68","Male","M",22082,856145,2579.236
"Total","2000","2000","68 years","68",,,38801,1864515,2081.024
,"2000","2000","69 years","69","Female","F",17990,1027017,1751.675
,"2000","2000","69 years","69","Male","M",23621,855331,2761.621
"Total","2000","2000","69 years","69",,,41611,1882348,2210.590
,"2000","2000","70 years","70","Female","F",19904,1030658,1931.193
,"2000","2000","70 years","70","Male","M",25690,844517,3041.975
"Total","2000","2000","70 years","70",,,45594,1875175,2431.453
,"2000","2000","71 years","71","Female","F",21150,989752,2136.899
,"2000","2000","71 years","71","Male","M",27007,798517,3382.145
"Total","2000","2000","71 years","71",,,48157,1788269,2692.939
,"2000","2000","72 years","72","Female","F",23224,1000532,2321.165
,"2000","2000","72 years","72","Male","M",29167,791164,3686.593
"Total","2000","2000","72 years","72",,,52391,1791696,2924.101
,"2000","2000","73 years","73","Female","F",24886,973735,2555.726
,"2000","2000","73 years","73","Male","M",30297,751433,4031.896
"Total","2000","2000","73 years","73",,,55183,1725168,3198.703
,"2000","2000","74 years","74","Female","F",26833,959852,2795.535
,"2000","2000","74 years","74","Male","M",31312,717281,4365.374
"Total","2000","2000","74 years","74",,,58145,1677133,3466.928
,"2000","2000","75 years","75","Female","F",29663,955776,3103.551
,"2000","2000","75 years","75","Male","M",32971,695865,4738.132
"Total","2000","2000","75 years","75",,,62634,1651641,3792.228
,"2000","2000","76 years","76","Female","F",31019,908794,3413.205
,"2000","2000","76 years","76","Male","M",33727,647773,5206.608
"Total","2000","2000","76 years","76",,,64746,1556567,4159.538
,"2000","2000","77 years","77","Female","F",32347,861039,3756.740
,"2000","2000","77 years","77","Male","M",34530,599742,5757.476
"Total","2000","2000","77 years","77",,,66877,1460781,4578.167
,"2000","2000","78 years","78","Female","F",35009,852548,4106.396
,"2000","2000","78 years","78","Male","M",35746,579368,6169.826
"Total","2000","2000","78 years","78",,,70755,1431916,4941.281
,"2000","2000","79 years","79","Female","F",36335,793200,4580.812
,"2000","2000","79 years","79","Male","M",36353,521708,6968.074
"Total","2000","2000","79 years","79",,,72688,1314908,5527.991
,"2000","2000","80 years","80","Female","F",38076,740352,5142.959
,"2000","2000","80 years","80","Male","M",35604,467013,7623.771
"Total","2000","2000","80 years","80",,,73680,1207365,6102.546
,"2000","2000","81 years","81","Female","F",37461,665502,5628.984
,"2000","2000","81 years","81","Male","M",33516,406546,8244.086
"Total","2000","2000","81 years","81",,,70977,1072048,6620.692
,"2000","2000","82 years","82","Female","F",39322,616747,6375.710
,"2000","2000","82 years","82","Male","M",34053,364815,9334.320
"Total","2000","2000","82 years","82",,,73375,981562,7475.330
,"2000","2000","83 years","83","Female","F",39953,565774,7061.654
,"2000","2000","83 years","83","Male","M",32350,317289,10195.752
"Total","2000","2000","83 years","83",,,72303,883063,8187.751
,"2000","2000","84 years","84","Female","F",41041,522095,7860.830
,"2000","2000","84 years","84","Male","M",31369,279234,11233.947
"Total","2000","2000","84 years","84",,,72410,801329,9036.239
,"2000","2000","85 years","85","Female","F",42558,Not Applicable,Not Applicable
,"2000","2000","85 years","85","Male","M",30401,Not Applicable,Not Applicable
"Total","2000","2000","85 years","85",,,72959,Not Applicable,Not Applicable
,"2000","2000","86 years","86","Female","F",42620,Not Applicable,Not Applicable
,"2000","2000","86 years","86","Male","M",28512,Not Applicable,Not Applicable
"Total","2000","2000","86 years","86",,,71132,Not Applicable,Not Applicable
,"2000","2000","87 years","87","Female","F",42236,Not Applicable,Not Applicable
,"2000","2000","87 years","87","Male","M",26109,Not Applicable,Not Applicable
"Total","2000","2000","87 years","87",,,68345,Not Applicable,Not Applicable
,"2000","2000","88 years","88","Female","F",40423,Not Applicable,Not Applicable
,"2000","2000","88 years","88","Male","M",23161,Not Applicable,Not Applicable
"Total","2000","2000","88 years","88",,,63584,Not Applicable,Not Applicable
,"2000","2000","89 years","89","Female","F",39099,Not Applicable,Not Applicable
,"2000","2000","89 years","89","Male","M",20694,Not Applicable,Not Applicable
"Total","2000","2000","89 years","89",,,59793,Not Applicable,Not Applicable
,"2000","2000","90 years","90","Female","F",37181,Not Applicable,Not Applicable
,"2000","2000","90 years","90","Male","M",17771,Not Applicable,Not Applicable
"Total","2000","2000","90 years","90",,,54952,Not Applicable,Not Applicable
,"2000","2000","91 years","91","Female","F",34358,Not Applicable,Not Applicable
,"2000","2000","91 years","91","Male","M",15155,Not Applicable,Not Applicable
"Total","2000","2000","91 years","91",,,49513,Not Applicable,Not Applicable
,"2000","2000","92 years","92","Female","F",31999,Not Applicable,Not Applicable
,"2000","2000","92 years","92","Male","M",12902,Not Applicable,Not Applicable
"Total","2000","2000","92 years","92",,,44901,Not Applicable,Not Applicable
,"2000","2000","93 years","93","Female","F",27542,Not Applicable,Not Applicable
,"2000","2000","93 years","93","Male","M",10455,Not Applicable,Not Applicable
"Total","2000","2000","93 years","93",,,37997,Not Applicable,Not Applicable
,"2000","2000","94 years","94","Female","F",23764,Not Applicable,Not Applicable
,"2000","2000","94 years","94","Male","M",8156,Not Applicable,Not Applicable
"Total","2000","2000","94 years","94",,,31920,Not Applicable,Not Applicable
,"2000","2000","95 years","95","Female","F",19959,Not Applicable,Not Applicable
,"2000","2000","95 years","95","Male","M",6226,Not Applicable,Not Applicable
"Total","2000","2000","95 years","95",,,26185,Not Applicable,Not Applicable
,"2000","2000","96 years","96","Female","F",16228,Not Applicable,Not Applicable
,"2000","2000","96 years","96","Male","M",4783,Not Applicable,Not Applicable
"Total","2000","2000","96 years","96",,,21011,Not Applicable,Not Applicable
,"2000","2000","97 years","97","Female","F",12949,Not Applicable,Not Applicable
,"2000","2000","97 years","97","Male","M",3453,Not Applicable,Not Applicable
"Total","2000","2000","97 years","97",,,16402,Not Applicable,Not Applicable
,"2000","2000","98 years","98","Female","F",9725,Not Applicable,Not Applicable
,"2000","2000","98 years","98","Male","M",2409,Not Applicable,Not Applicable
"Total","2000","2000","98 years","98",,,12134,Not Applicable,Not Applicable
,"2000","2000","99 years","99","Female","F",7228,Not Applicable,Not Applicable
,"2000","2000","99 years","99","Male","M",1681,Not Applicable,Not Applicable
"Total","2000","2000","99 years","99",,,8909,Not Applicable,Not Applicable
,"2000","2000","100+ years","100","Female","F",15560,Not Applicable,Not Applicable
,"2000","2000","100+ years","100","Male","M",2874,Not Applicable,Not Applicable
"Total","2000","2000","100+ years","100",,,18434,Not Applicable,Not Applicable
,"2000","2000","Not Stated","NS","Female","F",67,Not Applicable,Not Applicable
,"2000","2000","Not Stated","NS","Male","M",289,Not Applicable,Not Applicable
"Total","2000","2000","Not Stated","NS",,,356,Not Applicable,Not Applicable
"Total","2000","2000",,,,,2403351,281421906,854.003
,"2001","2001","< 1 year","0","Female","F",12091,1962905,615.975
,"2001","2001","< 1 year","0","Male","M",15477,2049753,755.067
"Total","2001","2001","< 1 year","0",,,27568,4012658,687.026
,"2001","2001","1 year","1","Female","F",891,1882601,47.328
,"2001","2001","1 year","1","Male","M",1111,1972806,56.316
"Total","2001","2001","1 year","1",,,2002,3855407,51.927
,"2001","2001","2 years","2","Female","F",556,1857181,29.938
,"2001","2001","2 years","2","Male","M",747,1942915,38.447
"Total","2001","2001","2 years","2",,,1303,3800096,34.289
,"2001","2001","3 years","3","Female","F",420,1857443,22.612
,"2001","2001","3 years","3","Male","M",563,1945267,28.942
"Total","2001","2001","3 years","3",,,983,3802710,25.850
,"2001","2001","4 years","4","Female","F",341,1871311,18.223
,"2001","2001","4 years","4","Male","M",478,1956035,24.437
"Total","2001","2001","4 years","4",,,819,3827346,21.399
,"2001","2001","5 years","5","Female","F",287,1909212,15.032
,"2001","2001","5 years","5","Male","M",383,2000821,19.142
"Total","2001","2001","5 years","5",,,670,3910033,17.135
,"2001","2001","6 years","6","Female","F",282,1937940,14.552
,"2001","2001","6 years","6","Male","M",351,2034568,17.252
"Total","2001","2001","6 years","6",,,633,3972508,15.935
,"2001","2001","7 years","7","Female","F",275,1958002,14.045
,"2001","2001","7 years","7","Male","M",306,2054047,14.897
"Total","2001","2001","7 years","7",,,581,4012049,14.481
,"2001","2001","8 years","8","Female","F",246,1998184,12.311
,"2001","2001","8 years","8","Male","M",338,2101358,16.085
"Total","2001","2001","8 years","8",,,584,4099542,14.245
,"2001","2001","9 years","9","Female","F",276,2040960,13.523
,"2001","2001","9 years","9","Male","M",349,2138270,16.322
"Total","2001","2001","9 years","9",,,625,4179230,14.955
,"2001","2001","10 years","10","Female","F",245,2087011,11.739
,"2001","2001","10 years","10","Male","M",391,2190238,17.852
"Total","2001","2001","10 years","10",,,636,4277249,14.869
,"2001","2001","11 years","11","Female","F",272,2117318,12.846
,"2001","2001","11 years","11","Male","M",409,2227595,18.361
"Total","2001","2001","11 years","11",,,681,4344913,15.674
,"2001","2001","12 years","12","Female","F",301,2040841,14.749
,"2001","2001","12 years","12","Male","M",435,2143114,20.298
"Total","2001","2001","12 years","12",,,736,4183955,17.591
,"2001","2001","13 years","13","Female","F",325,2006423,16.198
,"2001","2001","13 years","13","Male","M",536,2106768,25.442
"Total","2001","2001","13 years","13",,,861,4113191,20.933
,"2001","2001","14 years","14","Female","F",418,1979876,21.112
,"2001","2001","14 years","14","Male","M",670,2079494,32.219
"Total","2001","2001","14 years","14",,,1088,4059370,26.802
,"2001","2001","15 years","15","Female","F",499,1987434,25.108
,"2001","2001","15 years","15","Male","M",962,2096444,45.887
"Total","2001","2001","15 years","15",,,1461,4083878,35.775
,"2001","2001","16 years","16","Female","F",741,1992853,37.183
,"2001","2001","16 years","16","Male","M",1441,2115451,68.118
"Total","2001","2001","16 years","16",,,2182,4108304,53.112
,"2001","2001","17 years","17","Female","F",849,1947338,43.598
,"2001","2001","17 years","17","Male","M",1922,2081398,92.342
"Total","2001","2001","17 years","17",,,2771,4028736,68.781
,"2001","2001","18 years","18","Female","F",830,1977996,41.962
,"2001","2001","18 years","18","Male","M",2547,2124855,119.867
"Total","2001","2001","18 years","18",,,3377,4102851,82.309
,"2001","2001","19 years","19","Female","F",870,2003276,43.429
,"2001","2001","19 years","19","Male","M",2894,2129239,135.917
"Total","2001","2001","19 years","19",,,3764,4132515,91.083
,"2001","2001","20 years","20","Female","F",900,2034401,44.239
,"2001","2001","20 years","20","Male","M",2857,2122324,134.617
"Total","2001","2001","20 years","20",,,3757,4156725,90.384
,"2001","2001","21 years","21","Female","F",959,2025446,47.348
,"2001","2001","21 years","21","Male","M",3136,2107865,148.776
"Total","2001","2001","21 years","21",,,4095,4133311,99.073
,"2001","2001","22 years","22","Female","F",839,1916731,43.772
,"2001","2001","22 years","22","Male","M",2876,2002585,143.614
"Total","2001","2001","22 years","22",,,3715,3919316,94.787
,"2001","2001","23 years","23","Female","F",916,1860062,49.246
,"2001","2001","23 years","23","Male","M",2693,1938492,138.922
"Total","2001","2001","23 years","23",,,3609,3798554,95.010
,"2001","2001","24 years","24","Female","F",886,1840310,48.144
,"2001","2001","24 years","24","Male","M",2635,1909070,138.025
"Total","2001","2001","24 years","24",,,3521,3749380,93.909
,"2001","2001","25 years","25","Female","F",934,1800155,51.884
,"2001","2001","25 years","25","Male","M",2472,1859564,132.934
"Total","2001","2001","25 years","25",,,3406,3659719,93.067
,"2001","2001","26 years","26","Female","F",938,1858168,50.480
,"2001","2001","26 years","26","Male","M",2635,1909984,137.959
"Total","2001","2001","26 years","26",,,3573,3768152,94.821
,"2001","2001","27 years","27","Female","F",1013,1814890,55.816
,"2001","2001","27 years","27","Male","M",2498,1853810,134.750
"Total","2001","2001","27 years","27",,,3511,3668700,95.701
,"2001","2001","28 years","28","Female","F",1098,1867542,58.794
,"2001","2001","28 years","28","Male","M",2665,1898587,140.368
"Total","2001","2001","28 years","28",,,3763,3766129,99.917
,"2001","2001","29 years","29","Female","F",1222,1962358,62.272
,"2001","2001","29 years","29","Male","M",2736,1994289,137.192
"Total","2001","2001","29 years","29",,,3958,3956647,100.034
,"2001","2001","30 years","30","Female","F",1374,2096477,65.539
,"2001","2001","30 years","30","Male","M",3008,2121783,141.768
"Total","2001","2001","30 years","30",,,4382,4218260,103.882
,"2001","2001","31 years","31","Female","F",1372,2128146,64.469
,"2001","2001","31 years","31","Male","M",3066,2174543,140.995
"Total","2001","2001","31 years","31",,,4438,4302689,103.145
,"2001","2001","32 years","32","Female","F",1556,2026967,76.765
,"2001","2001","32 years","32","Male","M",3015,2055935,146.649
"Total","2001","2001","32 years","32",,,4571,4082902,111.955
,"2001","2001","33 years","33","Female","F",1639,1998254,82.022
,"2001","2001","33 years","33","Male","M",3240,2016658,160.662
"Total","2001","2001","33 years","33",,,4879,4014912,121.522
,"2001","2001","34 years","34","Female","F",1780,2014086,88.378
,"2001","2001","34 years","34","Male","M",3422,2019326,169.462
"Total","2001","2001","34 years","34",,,5202,4033412,128.973
,"2001","2001","35 years","35","Female","F",2007,2075753,96.688
,"2001","2001","35 years","35","Male","M",3894,2085387,186.728
"Total","2001","2001","35 years","35",,,5901,4161140,141.812
,"2001","2001","36 years","36","Female","F",2341,2225186,105.205
,"2001","2001","36 years","36","Male","M",4256,2232492,190.639
"Total","2001","2001","36 years","36",,,6597,4457678,147.992
,"2001","2001","37 years","37","Female","F",2613,2274547,114.880
,"2001","2001","37 years","37","Male","M",4859,2260101,214.990
"Total","2001","2001","37 years","37",,,7472,4534648,164.776
,"2001","2001","38 years","38","Female","F",2971,2277958,130.424
,"2001","2001","38 years","38","Male","M",5202,2251371,231.059
"Total","2001","2001","38 years","38",,,8173,4529329,180.446
,"2001","2001","39 years","39","Female","F",3236,2288066,141.429
,"2001","2001","39 years","39","Male","M",5516,2265057,243.526
"Total","2001","2001","39 years","39",,,8752,4553123,192.220
,"2001","2001","40 years","40","Female","F",3537,2322098,152.319
,"2001","2001","40 years","40","Male","M",5970,2284503,261.326
"Total","2001","2001","40 years","40",,,9507,4606601,206.378
,"2001","2001","41 years","41","Female","F",3731,2358452,158.197
,"2001","2001","41 years","41","Male","M",6473,2342019,276.385
"Total","2001","2001","41 years","41",,,10204,4700471,217.085
,"2001","2001","42 years","42","Female","F",3970,2276695,174.376
,"2001","2001","42 years","42","Male","M",6689,2237740,298.918
"Total","2001","2001","42 years","42",,,10659,4514435,236.109
,"2001","2001","43 years","43","Female","F",4420,2281350,193.745
,"2001","2001","43 years","43","Male","M",7441,2242083,331.879
"Total","2001","2001","43 years","43",,,11861,4523433,262.212
,"2001","2001","44 years","44","Female","F",4684,2262324,207.044
,"2001","2001","44 years","44","Male","M",7864,2208570,356.068
"Total","2001","2001","44 years","44",,,12548,4470894,280.660
,"2001","2001","45 years","45","Female","F",4940,2180011,226.604
,"2001","2001","45 years","45","Male","M",8291,2121944,390.727
"Total","2001","2001","45 years","45",,,13231,4301955,307.558
,"2001","2001","46 years","46","Female","F",5181,2188271,236.762
,"2001","2001","46 years","46","Male","M",8840,2143311,412.446
"Total","2001","2001","46 years","46",,,14021,4331582,323.692
,"2001","2001","47 years","47","Female","F",5404,2109830,256.134
,"2001","2001","47 years","47","Male","M",9429,2042517,461.636
"Total","2001","2001","47 years","47",,,14833,4152347,357.220
,"2001","2001","48 years","48","Female","F",5514,2046074,269.492
,"2001","2001","48 years","48","Male","M",9814,1972847,497.454
"Total","2001","2001","48 years","48",,,15328,4018921,381.396
,"2001","2001","49 years","49","Female","F",6078,1981763,306.697
,"2001","2001","49 years","49","Male","M",10193,1912415,532.991
"Total","2001","2001","49 years","49",,,16271,3894178,417.829
,"2001","2001","50 years","50","Female","F",6160,1937183,317.988
,"2001","2001","50 years","50","Male","M",10480,1858963,563.755
"Total","2001","2001","50 years","50",,,16640,3796146,438.339
,"2001","2001","51 years","51","Female","F",6524,1933991,337.334
,"2001","2001","51 years","51","Male","M",11034,1862989,592.274
"Total","2001","2001","51 years","51",,,17558,3796980,462.420
,"2001","2001","52 years","52","Female","F",7135,1867556,382.050
,"2001","2001","52 years","52","Male","M",11402,1786849,638.107
"Total","2001","2001","52 years","52",,,18537,3654405,507.251
,"2001","2001","53 years","53","Female","F",7824,1855738,421.611
,"2001","2001","53 years","53","Male","M",12073,1775276,680.063
"Total","2001","2001","53 years","53",,,19897,3631014,547.974
,"2001","2001","54 years","54","Female","F",8457,1946664,434.436
,"2001","2001","54 years","54","Male","M",13292,1862076,713.827
"Total","2001","2001","54 years","54",,,21749,3808740,571.029
,"2001","2001","55 years","55","Female","F",7411,1464238,506.134
,"2001","2001","55 years","55","Male","M",11552,1386854,832.964
"Total","2001","2001","55 years","55",,,18963,2851092,665.114
,"2001","2001","56 years","56","Female","F",7958,1463829,543.643
,"2001","2001","56 years","56","Male","M",12151,1383009,878.592
"Total","2001","2001","56 years","56",,,20109,2846838,706.363
,"2001","2001","57 years","57","Female","F",8815,1447922,608.804
,"2001","2001","57 years","57","Male","M",13207,1357485,972.902
"Total","2001","2001","57 years","57",,,22022,2805407,784.984
,"2001","2001","58 years","58","Female","F",9815,1500388,654.164
,"2001","2001","58 years","58","Male","M",14710,1399744,1050.906
"Total","2001","2001","58 years","58",,,24525,2900132,845.651
,"2001","2001","59 years","59","Female","F",9723,1333019,729.397
,"2001","2001","59 years","59","Male","M",14181,1232487,1150.600
"Total","2001","2001","59 years","59",,,23904,2565506,931.746
,"2001","2001","60 years","60","Female","F",9811,1241416,790.307
,"2001","2001","60 years","60","Male","M",14542,1138884,1276.864
"Total","2001","2001","60 years","60",,,24353,2380300,1023.106
,"2001","2001","61 years","61","Female","F",10330,1213556,851.217
,"2001","2001","61 years","61","Male","M",14909,1110151,1342.970
"Total","2001","2001","61 years","61",,,25239,2323707,1086.152
,"2001","2001","62 years","62","Female","F",11082,1156768,958.014
,"2001","2001","62 years","62","Male","M",15801,1056502,1495.596
"Total","2001","2001","62 years","62",,,26883,2213270,1214.628
,"2001","2001","63 years","63","Female","F",11904,1141614,1042.734
,"2001","2001","63 years","63","Male","M",16672,1030410,1617.997
"Total","2001","2001","63 years","63",,,28576,2172024,1315.639
,"2001","2001","64 years","64","Female","F",12332,1080816,1140.990
,"2001","2001","64 years","64","Male","M",17233,966203,1783.580
"Total","2001","2001","64 years","64",,,29565,2047019,1444.295
,"2001","2001","65 years","65","Female","F",13193,1068644,1234.555
,"2001","2001","65 years","65","Male","M",18366,943626,1946.322
"Total","2001","2001","65 years","65",,,31559,2012270,1568.328
,"2001","2001","66 years","66","Female","F",14295,1075042,1329.715
,"2001","2001","66 years","66","Male","M",19340,938399,2060.957
"Total","2001","2001","66 years","66",,,33635,2013441,1670.523
,"2001","2001","67 years","67","Female","F",14971,993065,1507.555
,"2001","2001","67 years","67","Male","M",19994,857420,2331.879
"Total","2001","2001","67 years","67",,,34965,1850485,1889.505
,"2001","2001","68 years","68","Female","F",16051,1001409,1602.842
,"2001","2001","68 years","68","Male","M",21299,851383,2501.694
"Total","2001","2001","68 years","68",,,37350,1852792,2015.877
,"2001","2001","69 years","69","Female","F",17612,996458,1767.460
,"2001","2001","69 years","69","Male","M",23111,836787,2761.874
"Total","2001","2001","69 years","69",,,40723,1833245,2221.362
,"2001","2001","70 years","70","Female","F",19075,994877,1917.322
,"2001","2001","70 years","70","Male","M",24481,822982,2974.670
"Total","2001","2001","70 years","70",,,43556,1817859,2396.005
,"2001","2001","71 years","71","Female","F",21031,1018307,2065.291
,"2001","2001","71 years","71","Male","M",26412,826369,3196.151
"Total","2001","2001","71 years","71",,,47443,1844676,2571.888
,"2001","2001","72 years","72","Female","F",22278,969044,2298.967
,"2001","2001","72 years","72","Male","M",27749,774723,3581.796
"Total","2001","2001","72 years","72",,,50027,1743767,2868.904
,"2001","2001","73 years","73","Female","F",24644,972997,2532.793
,"2001","2001","73 years","73","Male","M",29964,760633,3939.351
"Total","2001","2001","73 years","73",,,54608,1733630,3149.922
,"2001","2001","74 years","74","Female","F",26229,953283,2751.439
,"2001","2001","74 years","74","Male","M",30865,728731,4235.445
"Total","2001","2001","74 years","74",,,57094,1682014,3394.383
,"2001","2001","75 years","75","Female","F",28150,925789,3040.650
,"2001","2001","75 years","75","Male","M",32102,685103,4685.719
"Total","2001","2001","75 years","75",,,60252,1610892,3740.288
,"2001","2001","76 years","76","Female","F",31023,925212,3353.069
,"2001","2001","76 years","76","Male","M",33744,663891,5082.762
"Total","2001","2001","76 years","76",,,64767,1589103,4075.696
,"2001","2001","77 years","77","Female","F",32466,885017,3668.404
,"2001","2001","77 years","77","Male","M",34456,618080,5574.683
"Total","2001","2001","77 years","77",,,66922,1503097,4452.274
,"2001","2001","78 years","78","Female","F",34009,833703,4079.270
,"2001","2001","78 years","78","Male","M",34717,572230,6066.966
"Total","2001","2001","78 years","78",,,68726,1405933,4888.284
,"2001","2001","79 years","79","Female","F",36718,808438,4541.845
,"2001","2001","79 years","79","Male","M",36292,537950,6746.352
"Total","2001","2001","79 years","79",,,73010,1346388,5422.657
,"2001","2001","80 years","80","Female","F",38619,762992,5061.521
,"2001","2001","80 years","80","Male","M",35983,491840,7315.997
"Total","2001","2001","80 years","80",,,74602,1254832,5945.178
,"2001","2001","81 years","81","Female","F",39167,714199,5484.046
,"2001","2001","81 years","81","Male","M",35451,439939,8058.163
"Total","2001","2001","81 years","81",,,74618,1154138,6465.258
,"2001","2001","82 years","82","Female","F",39090,622491,6279.609
,"2001","2001","82 years","82","Male","M",33552,370580,9053.915
"Total","2001","2001","82 years","82",,,72642,993071,7314.885
,"2001","2001","83 years","83","Female","F",40597,588776,6895.152
,"2001","2001","83 years","83","Male","M",33171,338416,9801.842
"Total","2001","2001","83 years","83",,,73768,927192,7956.065
,"2001","2001","84 years","84","Female","F",41348,523116,7904.174
,"2001","2001","84 years","84","Male","M",31274,285856,10940.474
"Total","2001","2001","84 years","84",,,72622,808972,8977.072
,"2001","2001","85 years","85","Female","F",42049,Not Applicable,Not Applicable
,"2001","2001","85 years","85","Male","M",30156,Not Applicable,Not Applicable
"Total","2001","2001","85 years","85",,,72205,Not Applicable,Not Applicable
,"2001","2001","86 years","86","Female","F",42814,Not Applicable,Not Applicable
,"2001","2001","86 years","86","Male","M",28875,Not Applicable,Not Applicable
"Total","2001","2001","86 years","86",,,71689,Not Applicable,Not Applicable
,"2001","2001","87 years","87","Female","F",42919,Not Applicable,Not Applicable
,"2001","2001","87 years","87","Male","M",26513,Not Applicable,Not Applicable
"Total","2001","2001","87 years","87",,,69432,Not Applicable,Not Applicable
,"2001","2001","88 years","88","Female","F",41764,Not Applicable,Not Applicable
,"2001","2001","88 years","88","Male","M",23743,Not Applicable,Not Applicable
"Total","2001","2001","88 years","88",,,65507,Not Applicable,Not Applicable
,"2001","2001","89 years","89","Female","F",39824,Not Applicable,Not Applicable
,"2001","2001","89 years","89","Male","M",21118,Not Applicable,Not Applicable
"Total","2001","2001","89 years","89",,,60942,Not Applicable,Not Applicable
,"2001","2001","90 years","90","Female","F",37194,Not Applicable,Not Applicable
,"2001","2001","90 years","90","Male","M",18083,Not Applicable,Not Applicable
"Total","2001","2001","90 years","90",,,55277,Not Applicable,Not Applicable
,"2001","2001","91 years","91","Female","F",34710,Not Applicable,Not Applicable
,"2001","2001","91 years","91","Male","M",15540,Not Applicable,Not Applicable
"Total","2001","2001","91 years","91",,,50250,Not Applicable,Not Applicable
,"2001","2001","92 years","92","Female","F",31217,Not Applicable,Not Applicable
,"2001","2001","92 years","92","Male","M",12842,Not Applicable,Not Applicable
"Total","2001","2001","92 years","92",,,44059,Not Applicable,Not Applicable
,"2001","2001","93 years","93","Female","F",28589,Not Applicable,Not Applicable
,"2001","2001","93 years","93","Male","M",10683,Not Applicable,Not Applicable
"Total","2001","2001","93 years","93",,,39272,Not Applicable,Not Applicable
,"2001","2001","94 years","94","Female","F",24077,Not Applicable,Not Applicable
,"2001","2001","94 years","94","Male","M",8379,Not Applicable,Not Applicable
"Total","2001","2001","94 years","94",,,32456,Not Applicable,Not Applicable
,"2001","2001","95 years","95","Female","F",20417,Not Applicable,Not Applicable
,"2001","2001","95 years","95","Male","M",6372,Not Applicable,Not Applicable
"Total","2001","2001","95 years","95",,,26789,Not Applicable,Not Applicable
,"2001","2001","96 years","96","Female","F",16615,Not Applicable,Not Applicable
,"2001","2001","96 years","96","Male","M",4877,Not Applicable,Not Applicable
"Total","2001","2001","96 years","96",,,21492,Not Applicable,Not Applicable
,"2001","2001","97 years","97","Female","F",12950,Not Applicable,Not Applicable
,"2001","2001","97 years","97","Male","M",3414,Not Applicable,Not Applicable
"Total","2001","2001","97 years","97",,,16364,Not Applicable,Not Applicable
,"2001","2001","98 years","98","Female","F",10087,Not Applicable,Not Applicable
,"2001","2001","98 years","98","Male","M",2457,Not Applicable,Not Applicable
"Total","2001","2001","98 years","98",,,12544,Not Applicable,Not Applicable
,"2001","2001","99 years","99","Female","F",7153,Not Applicable,Not Applicable
,"2001","2001","99 years","99","Male","M",1612,Not Applicable,Not Applicable
"Total","2001","2001","99 years","99",,,8765,Not Applicable,Not Applicable
,"2001","2001","100+ years","100","Female","F",15619,Not Applicable,Not Applicable
,"2001","2001","100+ years","100","Male","M",2869,Not Applicable,Not Applicable
"Total","2001","2001","100+ years","100",,,18488,Not Applicable,Not Applicable
,"2001","2001","Not Stated","NS","Female","F",91,Not Applicable,Not Applicable
,"2001","2001","Not Stated","NS","Male","M",331,Not Applicable,Not Applicable
"Total","2001","2001","Not Stated","NS",,,422,Not Applicable,Not Applicable
"Total","2001","2001",,,,,2416425,284968955,847.961
,"2002","2002","< 1 year","0","Female","F",12317,1932939,637.216
,"2002","2002","< 1 year","0","Male","M",15717,2018522,778.639
"Total","2002","2002","< 1 year","0",,,28034,3951461,709.459
,"2002","2002","1 year","1","Female","F",827,1960195,42.190
,"2002","2002","1 year","1","Male","M",1083,2044479,52.972
"Total","2002","2002","1 year","1",,,1910,4004674,47.694
,"2002","2002","2 years","2","Female","F",531,1883190,28.197
,"2002","2002","2 years","2","Male","M",726,1972924,36.798
"Total","2002","2002","2 years","2",,,1257,3856114,32.598
,"2002","2002","3 years","3","Female","F",375,1859439,20.167
,"2002","2002","3 years","3","Male","M",537,1944897,27.611
"Total","2002","2002","3 years","3",,,912,3804336,23.973
,"2002","2002","4 years","4","Female","F",319,1861887,17.133
,"2002","2002","4 years","4","Male","M",460,1950720,23.581
"Total","2002","2002","4 years","4",,,779,3812607,20.432
,"2002","2002","5 years","5","Female","F",306,1876401,16.308
,"2002","2002","5 years","5","Male","M",368,1960786,18.768
"Total","2002","2002","5 years","5",,,674,3837187,17.565
,"2002","2002","6 years","6","Female","F",243,1911028,12.716
,"2002","2002","6 years","6","Male","M",325,2002026,16.234
"Total","2002","2002","6 years","6",,,568,3913054,14.516
,"2002","2002","7 years","7","Female","F",239,1943048,12.300
,"2002","2002","7 years","7","Male","M",326,2039312,15.986
"Total","2002","2002","7 years","7",,,565,3982360,14.188
,"2002","2002","8 years","8","Female","F",263,1962016,13.405
,"2002","2002","8 years","8","Male","M",350,2058954,16.999
"Total","2002","2002","8 years","8",,,613,4020970,15.245
,"2002","2002","9 years","9","Female","F",265,2007242,13.202
,"2002","2002","9 years","9","Male","M",333,2111604,15.770
"Total","2002","2002","9 years","9",,,598,4118846,14.519
,"2002","2002","10 years","10","Female","F",258,2072652,12.448
,"2002","2002","10 years","10","Male","M",377,2171164,17.364
"Total","2002","2002","10 years","10",,,635,4243816,14.963
,"2002","2002","11 years","11","Female","F",271,2095934,12.930
,"2002","2002","11 years","11","Male","M",385,2199786,17.502
"Total","2002","2002","11 years","11",,,656,4295720,15.271
,"2002","2002","12 years","12","Female","F",304,2134909,14.239
,"2002","2002","12 years","12","Male","M",496,2245442,22.089
"Total","2002","2002","12 years","12",,,800,4380351,18.263
,"2002","2002","13 years","13","Female","F",382,2052880,18.608
,"2002","2002","13 years","13","Male","M",565,2156145,26.204
"Total","2002","2002","13 years","13",,,947,4209025,22.499
,"2002","2002","14 years","14","Female","F",421,2015047,20.893
,"2002","2002","14 years","14","Male","M",673,2117462,31.783
"Total","2002","2002","14 years","14",,,1094,4132509,26.473
,"2002","2002","15 years","15","Female","F",506,1996259,25.347
,"2002","2002","15 years","15","Male","M",911,2101617,43.348
"Total","2002","2002","15 years","15",,,1417,4097876,34.579
,"2002","2002","16 years","16","Female","F",773,2004322,38.567
,"2002","2002","16 years","16","Male","M",1567,2122639,73.823
"Total","2002","2002","16 years","16",,,2340,4126961,56.700
,"2002","2002","17 years","17","Female","F",872,2007233,43.443
,"2002","2002","17 years","17","Male","M",1901,2141357,88.775
"Total","2002","2002","17 years","17",,,2773,4148590,66.842
,"2002","2002","18 years","18","Female","F",915,1971434,46.413
,"2002","2002","18 years","18","Male","M",2524,2112882,119.458
"Total","2002","2002","18 years","18",,,3439,4084316,84.200
,"2002","2002","19 years","19","Female","F",902,2002631,45.041
,"2002","2002","19 years","19","Male","M",2941,2149996,136.791
"Total","2002","2002","19 years","19",,,3843,4152627,92.544
,"2002","2002","20 years","20","Female","F",909,2018607,45.031
,"2002","2002","20 years","20","Male","M",2935,2140289,137.131
"Total","2002","2002","20 years","20",,,3844,4158896,92.428
,"2002","2002","21 years","21","Female","F",1018,2051942,49.612
,"2002","2002","21 years","21","Male","M",3071,2130736,144.129
"Total","2002","2002","21 years","21",,,4089,4182678,97.760
,"2002","2002","22 years","22","Female","F",942,2036887,46.247
,"2002","2002","22 years","22","Male","M",2939,2108849,139.365
"Total","2002","2002","22 years","22",,,3881,4145736,93.614
,"2002","2002","23 years","23","Female","F",875,1931984,45.290
,"2002","2002","23 years","23","Male","M",2879,2004943,143.595
"Total","2002","2002","23 years","23",,,3754,3936927,95.354
,"2002","2002","24 years","24","Female","F",918,1876825,48.912
,"2002","2002","24 years","24","Male","M",2748,1942703,141.452
"Total","2002","2002","24 years","24",,,3666,3819528,95.980
,"2002","2002","25 years","25","Female","F",919,1862425,49.344
,"2002","2002","25 years","25","Male","M",2588,1916744,135.021
"Total","2002","2002","25 years","25",,,3507,3779169,92.798
,"2002","2002","26 years","26","Female","F",942,1813125,51.954
,"2002","2002","26 years","26","Male","M",2645,1856790,142.450
"Total","2002","2002","26 years","26",,,3587,3669915,97.741
,"2002","2002","27 years","27","Female","F",951,1876960,50.667
,"2002","2002","27 years","27","Male","M",2535,1914753,132.393
"Total","2002","2002","27 years","27",,,3486,3791713,91.937
,"2002","2002","28 years","28","Female","F",1052,1824836,57.649
,"2002","2002","28 years","28","Male","M",2499,1857165,134.560
"Total","2002","2002","28 years","28",,,3551,3682001,96.442
,"2002","2002","29 years","29","Female","F",1141,1871240,60.976
,"2002","2002","29 years","29","Male","M",2687,1897302,141.622
"Total","2002","2002","29 years","29",,,3828,3768542,101.578
,"2002","2002","30 years","30","Female","F",1273,1981699,64.238
,"2002","2002","30 years","30","Male","M",2892,2012465,143.704
"Total","2002","2002","30 years","30",,,4165,3994164,104.277
,"2002","2002","31 years","31","Female","F",1412,2098098,67.299
,"2002","2002","31 years","31","Male","M",3113,2112815,147.339
"Total","2002","2002","31 years","31",,,4525,4210913,107.459
,"2002","2002","32 years","32","Female","F",1570,2146046,73.158
,"2002","2002","32 years","32","Male","M",3086,2184931,141.240
"Total","2002","2002","32 years","32",,,4656,4330977,107.505
,"2002","2002","33 years","33","Female","F",1626,2036914,79.827
,"2002","2002","33 years","33","Male","M",3312,2058617,160.885
"Total","2002","2002","33 years","33",,,4938,4095531,120.570
,"2002","2002","34 years","34","Female","F",1733,2007436,86.329
,"2002","2002","34 years","34","Male","M",3379,2019285,167.336
"Total","2002","2002","34 years","34",,,5112,4026721,126.952
,"2002","2002","35 years","35","Female","F",1952,2024887,96.400
,"2002","2002","35 years","35","Male","M",3640,2025303,179.726
"Total","2002","2002","35 years","35",,,5592,4050190,138.068
,"2002","2002","36 years","36","Female","F",2177,2083908,104.467
,"2002","2002","36 years","36","Male","M",3960,2084490,189.975
"Total","2002","2002","36 years","36",,,6137,4168398,147.227
,"2002","2002","37 years","37","Female","F",2511,2230362,112.583
,"2002","2002","37 years","37","Male","M",4540,2229027,203.676
"Total","2002","2002","37 years","37",,,7051,4459389,158.116
,"2002","2002","38 years","38","Female","F",2800,2280768,122.766
,"2002","2002","38 years","38","Male","M",5056,2258080,223.907
"Total","2002","2002","38 years","38",,,7856,4538848,173.084
,"2002","2002","39 years","39","Female","F",3281,2283521,143.682
,"2002","2002","39 years","39","Male","M",5430,2250872,241.240
"Total","2002","2002","39 years","39",,,8711,4534393,192.110
,"2002","2002","40 years","40","Female","F",3448,2291233,150.487
,"2002","2002","40 years","40","Male","M",6074,2260679,268.680
"Total","2002","2002","40 years","40",,,9522,4551912,209.187
,"2002","2002","41 years","41","Female","F",3847,2326545,165.352
,"2002","2002","41 years","41","Male","M",6471,2284301,283.281
"Total","2002","2002","41 years","41",,,10318,4610846,223.777
,"2002","2002","42 years","42","Female","F",4154,2360011,176.016
,"2002","2002","42 years","42","Male","M",6982,2339185,298.480
"Total","2002","2002","42 years","42",,,11136,4699196,236.977
,"2002","2002","43 years","43","Female","F",4571,2279943,200.487
,"2002","2002","43 years","43","Male","M",7382,2235579,330.205
"Total","2002","2002","43 years","43",,,11953,4515522,264.709
,"2002","2002","44 years","44","Female","F",4806,2278277,210.949
,"2002","2002","44 years","44","Male","M",8058,2233678,360.750
"Total","2002","2002","44 years","44",,,12864,4511955,285.109
,"2002","2002","45 years","45","Female","F",5191,2260411,229.649
,"2002","2002","45 years","45","Male","M",8442,2200968,383.559
"Total","2002","2002","45 years","45",,,13633,4461379,305.578
,"2002","2002","46 years","46","Female","F",5248,2180913,240.633
,"2002","2002","46 years","46","Male","M",9130,2120188,430.622
"Total","2002","2002","46 years","46",,,14378,4301101,334.287
,"2002","2002","47 years","47","Female","F",5653,2189603,258.175
,"2002","2002","47 years","47","Male","M",9548,2140507,446.063
"Total","2002","2002","47 years","47",,,15201,4330110,351.053
,"2002","2002","48 years","48","Female","F",6052,2107972,287.101
,"2002","2002","48 years","48","Male","M",10142,2035358,498.291
"Total","2002","2002","48 years","48",,,16194,4143330,390.845
,"2002","2002","49 years","49","Female","F",6220,2046892,303.875
,"2002","2002","49 years","49","Male","M",10439,1969476,530.039
"Total","2002","2002","49 years","49",,,16659,4016368,414.778
,"2002","2002","50 years","50","Female","F",6410,1978124,324.044
,"2002","2002","50 years","50","Male","M",11001,1902885,578.122
"Total","2002","2002","50 years","50",,,17411,3881009,448.620
,"2002","2002","51 years","51","Female","F",6773,1939473,349.219
,"2002","2002","51 years","51","Male","M",11388,1857726,613.008
"Total","2002","2002","51 years","51",,,18161,3797199,478.274
,"2002","2002","52 years","52","Female","F",7022,1930904,363.664
,"2002","2002","52 years","52","Male","M",11933,1854284,643.537
"Total","2002","2002","52 years","52",,,18955,3785188,500.768
,"2002","2002","53 years","53","Female","F",7718,1867431,413.295
,"2002","2002","53 years","53","Male","M",12493,1782978,700.682
"Total","2002","2002","53 years","53",,,20211,3650409,553.664
,"2002","2002","54 years","54","Female","F",8376,1855880,451.322
,"2002","2002","54 years","54","Male","M",13206,1770221,746.009
"Total","2002","2002","54 years","54",,,21582,3626101,595.185
,"2002","2002","55 years","55","Female","F",9216,1940351,474.966
,"2002","2002","55 years","55","Male","M",14490,1847760,784.193
"Total","2002","2002","55 years","55",,,23706,3788111,625.800
,"2002","2002","56 years","56","Female","F",7961,1463840,543.844
,"2002","2002","56 years","56","Male","M",12511,1382872,904.711
"Total","2002","2002","56 years","56",,,20472,2846712,719.145
,"2002","2002","57 years","57","Female","F",8552,1459583,585.921
,"2002","2002","57 years","57","Male","M",12923,1374045,940.508
"Total","2002","2002","57 years","57",,,21475,2833628,757.862
,"2002","2002","58 years","58","Female","F",9401,1444145,650.973
,"2002","2002","58 years","58","Male","M",14163,1348687,1050.132
"Total","2002","2002","58 years","58",,,23564,2792832,843.731
,"2002","2002","59 years","59","Female","F",10481,1494071,701.506
,"2002","2002","59 years","59","Male","M",15743,1387713,1134.456
"Total","2002","2002","59 years","59",,,26224,2881784,909.992
,"2002","2002","60 years","60","Female","F",10440,1323400,788.877
,"2002","2002","60 years","60","Male","M",15373,1217335,1262.841
"Total","2002","2002","60 years","60",,,25813,2540735,1015.966
,"2002","2002","61 years","61","Female","F",10537,1238720,850.636
,"2002","2002","61 years","61","Male","M",15326,1131638,1354.320
"Total","2002","2002","61 years","61",,,25863,2370358,1091.101
,"2002","2002","62 years","62","Female","F",11096,1207560,918.878
,"2002","2002","62 years","62","Male","M",16305,1098596,1484.167
"Total","2002","2002","62 years","62",,,27401,2306156,1188.168
,"2002","2002","63 years","63","Female","F",11690,1150553,1016.033
,"2002","2002","63 years","63","Male","M",16861,1045297,1613.034
"Total","2002","2002","63 years","63",,,28551,2195850,1300.225
,"2002","2002","64 years","64","Female","F",12605,1131435,1114.072
,"2002","2002","64 years","64","Male","M",17668,1015731,1739.437
"Total","2002","2002","64 years","64",,,30273,2147166,1409.905
,"2002","2002","65 years","65","Female","F",13046,1073097,1215.734
,"2002","2002","65 years","65","Male","M",18106,952282,1901.328
"Total","2002","2002","65 years","65",,,31152,2025379,1538.083
,"2002","2002","66 years","66","Female","F",13899,1058192,1313.467
,"2002","2002","66 years","66","Male","M",18993,928349,2045.890
"Total","2002","2002","66 years","66",,,32892,1986541,1655.742
,"2002","2002","67 years","67","Female","F",15318,1064068,1439.570
,"2002","2002","67 years","67","Male","M",20463,922458,2218.312
"Total","2002","2002","67 years","67",,,35781,1986526,1801.185
,"2002","2002","68 years","68","Female","F",15572,981106,1587.188
,"2002","2002","68 years","68","Male","M",20769,840036,2472.394
"Total","2002","2002","68 years","68",,,36341,1821142,1995.506
,"2002","2002","69 years","69","Female","F",17166,987351,1738.591
,"2002","2002","69 years","69","Male","M",22259,831542,2676.834
"Total","2002","2002","69 years","69",,,39425,1818893,2167.527
,"2002","2002","70 years","70","Female","F",18817,978995,1922.073
,"2002","2002","70 years","70","Male","M",24091,813765,2960.437
"Total","2002","2002","70 years","70",,,42908,1792760,2393.405
,"2002","2002","71 years","71","Female","F",20183,979452,2060.642
,"2002","2002","71 years","71","Male","M",25839,802655,3219.191
"Total","2002","2002","71 years","71",,,46022,1782107,2582.449
,"2002","2002","72 years","72","Female","F",22352,997815,2240.095
,"2002","2002","72 years","72","Male","M",27160,800131,3394.444
"Total","2002","2002","72 years","72",,,49512,1797946,2753.809
,"2002","2002","73 years","73","Female","F",23633,948338,2492.044
,"2002","2002","73 years","73","Male","M",28794,749112,3843.751
"Total","2002","2002","73 years","73",,,52427,1697450,3088.574
,"2002","2002","74 years","74","Female","F",25983,948244,2740.118
,"2002","2002","74 years","74","Male","M",30547,731547,4175.672
"Total","2002","2002","74 years","74",,,56530,1679791,3365.300
,"2002","2002","75 years","75","Female","F",28177,924736,3047.032
,"2002","2002","75 years","75","Male","M",31852,696076,4575.937
"Total","2002","2002","75 years","75",,,60029,1620812,3703.637
,"2002","2002","76 years","76","Female","F",29721,899159,3305.422
,"2002","2002","76 years","76","Male","M",32924,655316,5024.141
"Total","2002","2002","76 years","76",,,62645,1554475,4029.978
,"2002","2002","77 years","77","Female","F",32666,893289,3656.823
,"2002","2002","77 years","77","Male","M",34317,629601,5450.595
"Total","2002","2002","77 years","77",,,66983,1522890,4398.414
,"2002","2002","78 years","78","Female","F",34201,852413,4012.257
,"2002","2002","78 years","78","Male","M",35008,583772,5996.862
"Total","2002","2002","78 years","78",,,69209,1436185,4818.947
,"2002","2002","79 years","79","Female","F",35750,799095,4473.811
,"2002","2002","79 years","79","Male","M",35524,537004,6615.221
"Total","2002","2002","79 years","79",,,71274,1336099,5334.485
,"2002","2002","80 years","80","Female","F",39020,769357,5071.768
,"2002","2002","80 years","80","Male","M",36436,499953,7287.885
"Total","2002","2002","80 years","80",,,75456,1269310,5944.647
,"2002","2002","81 years","81","Female","F",40161,725072,5538.898
,"2002","2002","81 years","81","Male","M",36568,455626,8025.881
"Total","2002","2002","81 years","81",,,76729,1180698,6498.614
,"2002","2002","82 years","82","Female","F",41594,672556,6184.466
,"2002","2002","82 years","82","Male","M",35263,402497,8761.059
"Total","2002","2002","82 years","82",,,76857,1075053,7149.136
,"2002","2002","83 years","83","Female","F",40717,582764,6986.876
,"2002","2002","83 years","83","Male","M",32963,337181,9776.055
"Total","2002","2002","83 years","83",,,73680,919945,8009.174
,"2002","2002","84 years","84","Female","F",42143,545663,7723.265
,"2002","2002","84 years","84","Male","M",32649,303734,10749.208
"Total","2002","2002","84 years","84",,,74792,849397,8805.305
,"2002","2002","85 years","85","Female","F",41967,Not Applicable,Not Applicable
,"2002","2002","85 years","85","Male","M",30689,Not Applicable,Not Applicable
"Total","2002","2002","85 years","85",,,72656,Not Applicable,Not Applicable
,"2002","2002","86 years","86","Female","F",42632,Not Applicable,Not Applicable
,"2002","2002","86 years","86","Male","M",29467,Not Applicable,Not Applicable
"Total","2002","2002","86 years","86",,,72099,Not Applicable,Not Applicable
,"2002","2002","87 years","87","Female","F",43066,Not Applicable,Not Applicable
,"2002","2002","87 years","87","Male","M",27256,Not Applicable,Not Applicable
"Total","2002","2002","87 years","87",,,70322,Not Applicable,Not Applicable
,"2002","2002","88 years","88","Female","F",42249,Not Applicable,Not Applicable
,"2002","2002","88 years","88","Male","M",24905,Not Applicable,Not Applicable
"Total","2002","2002","88 years","88",,,67154,Not Applicable,Not Applicable
,"2002","2002","89 years","89","Female","F",40834,Not Applicable,Not Applicable
,"2002","2002","89 years","89","Male","M",22320,Not Applicable,Not Applicable
"Total","2002","2002","89 years","89",,,63154,Not Applicable,Not Applicable
,"2002","2002","90 years","90","Female","F",37906,Not Applicable,Not Applicable
,"2002","2002","90 years","90","Male","M",19043,Not Applicable,Not Applicable
"Total","2002","2002","90 years","90",,,56949,Not Applicable,Not Applicable
,"2002","2002","91 years","91","Female","F",35687,Not Applicable,Not Applicable
,"2002","2002","91 years","91","Male","M",15911,Not Applicable,Not Applicable
"Total","2002","2002","91 years","91",,,51598,Not Applicable,Not Applicable
,"2002","2002","92 years","92","Female","F",32160,Not Applicable,Not Applicable
,"2002","2002","92 years","92","Male","M",13801,Not Applicable,Not Applicable
"Total","2002","2002","92 years","92",,,45961,Not Applicable,Not Applicable
,"2002","2002","93 years","93","Female","F",28829,Not Applicable,Not Applicable
,"2002","2002","93 years","93","Male","M",11088,Not Applicable,Not Applicable
"Total","2002","2002","93 years","93",,,39917,Not Applicable,Not Applicable
,"2002","2002","94 years","94","Female","F",25188,Not Applicable,Not Applicable
,"2002","2002","94 years","94","Male","M",8974,Not Applicable,Not Applicable
"Total","2002","2002","94 years","94",,,34162,Not Applicable,Not Applicable
,"2002","2002","95 years","95","Female","F",20642,Not Applicable,Not Applicable
,"2002","2002","95 years","95","Male","M",6639,Not Applicable,Not Applicable
"Total","2002","2002","95 years","95",,,27281,Not Applicable,Not Applicable
,"2002","2002","96 years","96","Female","F",16698,Not Applicable,Not Applicable
,"2002","2002","96 years","96","Male","M",4926,Not Applicable,Not Applicable
"Total","2002","2002","96 years","96",,,21624,Not Applicable,Not Applicable
,"2002","2002","97 years","97","Female","F",13419,Not Applicable,Not Applicable
,"2002","2002","97 years","97","Male","M",3582,Not Applicable,Not Applicable
"Total","2002","2002","97 years","97",,,17001,Not Applicable,Not Applicable
,"2002","2002","98 years","98","Female","F",10267,Not Applicable,Not Applicable
,"2002","2002","98 years","98","Male","M",2623,Not Applicable,Not Applicable
"Total","2002","2002","98 years","98",,,12890,Not Applicable,Not Applicable
,"2002","2002","99 years","99","Female","F",7734,Not Applicable,Not Applicable
,"2002","2002","99 years","99","Male","M",1752,Not Applicable,Not Applicable
"Total","2002","2002","99 years","99",,,9486,Not Applicable,Not Applicable
,"2002","2002","100+ years","100","Female","F",15892,Not Applicable,Not Applicable
,"2002","2002","100+ years","100","Male","M",2930,Not Applicable,Not Applicable
"Total","2002","2002","100+ years","100",,,18822,Not Applicable,Not Applicable
,"2002","2002","Not Stated","NS","Female","F",75,Not Applicable,Not Applicable
,"2002","2002","Not Stated","NS","Male","M",282,Not Applicable,Not Applicable
"Total","2002","2002","Not Stated","NS",,,357,Not Applicable,Not Applicable
"Total","2002","2002",,,,,2443387,287625193,849.504
,"2003","2003","< 1 year","0","Female","F",12123,1942634,624.050
,"2003","2003","< 1 year","0","Male","M",15902,2033237,782.103
"Total","2003","2003","< 1 year","0",,,28025,3975871,704.877
,"2003","2003","1 year","1","Female","F",804,1926719,41.729
,"2003","2003","1 year","1","Male","M",1060,2009420,52.752
"Total","2003","2003","1 year","1",,,1864,3936139,47.356
,"2003","2003","2 years","2","Female","F",585,1959311,29.857
,"2003","2003","2 years","2","Male","M",753,2043525,36.848
"Total","2003","2003","2 years","2",,,1338,4002836,33.426
,"2003","2003","3 years","3","Female","F",421,1885740,22.325
,"2003","2003","3 years","3","Male","M",582,1974987,29.469
"Total","2003","2003","3 years","3",,,1003,3860727,25.980
,"2003","2003","4 years","4","Female","F",329,1864923,17.641
,"2003","2003","4 years","4","Male","M",431,1951950,22.080
"Total","2003","2003","4 years","4",,,760,3816873,19.912
,"2003","2003","5 years","5","Female","F",270,1867683,14.456
,"2003","2003","5 years","5","Male","M",379,1955885,19.377
"Total","2003","2003","5 years","5",,,649,3823568,16.974
,"2003","2003","6 years","6","Female","F",240,1877108,12.786
,"2003","2003","6 years","6","Male","M",342,1960653,17.443
"Total","2003","2003","6 years","6",,,582,3837761,15.165
,"2003","2003","7 years","7","Female","F",256,1916822,13.355
,"2003","2003","7 years","7","Male","M",309,2007360,15.393
"Total","2003","2003","7 years","7",,,565,3924182,14.398
,"2003","2003","8 years","8","Female","F",236,1946758,12.123
,"2003","2003","8 years","8","Male","M",322,2044317,15.751
"Total","2003","2003","8 years","8",,,558,3991075,13.981
,"2003","2003","9 years","9","Female","F",256,1972876,12.976
,"2003","2003","9 years","9","Male","M",288,2071389,13.904
"Total","2003","2003","9 years","9",,,544,4044265,13.451
,"2003","2003","10 years","10","Female","F",288,2049649,14.051
,"2003","2003","10 years","10","Male","M",395,2155393,18.326
"Total","2003","2003","10 years","10",,,683,4205042,16.242
,"2003","2003","11 years","11","Female","F",273,2077602,13.140
,"2003","2003","11 years","11","Male","M",350,2176445,16.081
"Total","2003","2003","11 years","11",,,623,4254047,14.645
,"2003","2003","12 years","12","Female","F",278,2114378,13.148
,"2003","2003","12 years","12","Male","M",478,2218609,21.545
"Total","2003","2003","12 years","12",,,756,4332987,17.448
,"2003","2003","13 years","13","Female","F",346,2144999,16.131
,"2003","2003","13 years","13","Male","M",565,2256394,25.040
"Total","2003","2003","13 years","13",,,911,4401393,20.698
,"2003","2003","14 years","14","Female","F",361,2058247,17.539
,"2003","2003","14 years","14","Male","M",722,2163637,33.370
"Total","2003","2003","14 years","14",,,1083,4221884,25.652
,"2003","2003","15 years","15","Female","F",489,2032351,24.061
,"2003","2003","15 years","15","Male","M",908,2140303,42.424
"Total","2003","2003","15 years","15",,,1397,4172654,33.480
,"2003","2003","16 years","16","Female","F",705,2012581,35.030
,"2003","2003","16 years","16","Male","M",1481,2126560,69.643
"Total","2003","2003","16 years","16",,,2186,4139141,52.813
,"2003","2003","17 years","17","Female","F",794,2015547,39.394
,"2003","2003","17 years","17","Male","M",1908,2144766,88.961
"Total","2003","2003","17 years","17",,,2702,4160313,64.947
,"2003","2003","18 years","18","Female","F",983,2032257,48.370
,"2003","2003","18 years","18","Male","M",2554,2169578,117.719
"Total","2003","2003","18 years","18",,,3537,4201835,84.178
,"2003","2003","19 years","19","Female","F",918,1993831,46.042
,"2003","2003","19 years","19","Male","M",2855,2129392,134.076
"Total","2003","2003","19 years","19",,,3773,4123223,91.506
,"2003","2003","20 years","20","Female","F",965,2010652,47.994
,"2003","2003","20 years","20","Male","M",2978,2146225,138.755
"Total","2003","2003","20 years","20",,,3943,4156877,94.855
,"2003","2003","21 years","21","Female","F",988,2031746,48.628
,"2003","2003","21 years","21","Male","M",3031,2135808,141.914
"Total","2003","2003","21 years","21",,,4019,4167554,96.435
,"2003","2003","22 years","22","Female","F",1037,2057360,50.404
,"2003","2003","22 years","22","Male","M",3124,2117934,147.502
"Total","2003","2003","22 years","22",,,4161,4175294,99.658
,"2003","2003","23 years","23","Female","F",1012,2048153,49.410
,"2003","2003","23 years","23","Male","M",2992,2099624,142.502
"Total","2003","2003","23 years","23",,,4004,4147777,96.534
,"2003","2003","24 years","24","Female","F",1007,1945812,51.752
,"2003","2003","24 years","24","Male","M",2839,1998374,142.065
"Total","2003","2003","24 years","24",,,3846,3944186,97.511
,"2003","2003","25 years","25","Female","F",946,1898603,49.826
,"2003","2003","25 years","25","Male","M",2669,1943865,137.304
"Total","2003","2003","25 years","25",,,3615,3842468,94.080
,"2003","2003","26 years","26","Female","F",1021,1870192,54.593
,"2003","2003","26 years","26","Male","M",2655,1901518,139.625
"Total","2003","2003","26 years","26",,,3676,3771710,97.462
,"2003","2003","27 years","27","Female","F",1053,1831742,57.486
,"2003","2003","27 years","27","Male","M",2551,1856904,137.379
"Total","2003","2003","27 years","27",,,3604,3688646,97.705
,"2003","2003","28 years","28","Female","F",1034,1882450,54.928
,"2003","2003","28 years","28","Male","M",2542,1912388,132.923
"Total","2003","2003","28 years","28",,,3576,3794838,94.233
,"2003","2003","29 years","29","Female","F",1153,1824117,63.209
,"2003","2003","29 years","29","Male","M",2626,1849806,141.961
"Total","2003","2003","29 years","29",,,3779,3673923,102.860
,"2003","2003","30 years","30","Female","F",1193,1894832,62.961
,"2003","2003","30 years","30","Male","M",2713,1918704,141.398
"Total","2003","2003","30 years","30",,,3906,3813536,102.425
,"2003","2003","31 years","31","Female","F",1346,1979254,68.005
,"2003","2003","31 years","31","Male","M",2910,1994472,145.903
"Total","2003","2003","31 years","31",,,4256,3973726,107.104
,"2003","2003","32 years","32","Female","F",1464,2120394,69.044
,"2003","2003","32 years","32","Male","M",3255,2124673,153.200
"Total","2003","2003","32 years","32",,,4719,4245067,111.164
,"2003","2003","33 years","33","Female","F",1730,2154626,80.292
,"2003","2003","33 years","33","Male","M",3333,2182673,152.703
"Total","2003","2003","33 years","33",,,5063,4337299,116.732
,"2003","2003","34 years","34","Female","F",1758,2044712,85.978
,"2003","2003","34 years","34","Male","M",3348,2057870,162.692
"Total","2003","2003","34 years","34",,,5106,4102582,124.458
,"2003","2003","35 years","35","Female","F",1981,2018457,98.144
,"2003","2003","35 years","35","Male","M",3556,2024193,175.675
"Total","2003","2003","35 years","35",,,5537,4042650,136.965
,"2003","2003","36 years","36","Female","F",2116,2031827,104.143
,"2003","2003","36 years","36","Male","M",3836,2020135,189.888
"Total","2003","2003","36 years","36",,,5952,4051962,146.892
,"2003","2003","37 years","37","Female","F",2397,2087581,114.822
,"2003","2003","37 years","37","Male","M",4242,2077426,204.195
"Total","2003","2003","37 years","37",,,6639,4165007,159.399
,"2003","2003","38 years","38","Female","F",2718,2236167,121.547
,"2003","2003","38 years","38","Male","M",4785,2225884,214.971
"Total","2003","2003","38 years","38",,,7503,4462051,168.151
,"2003","2003","39 years","39","Female","F",3102,2286069,135.691
,"2003","2003","39 years","39","Male","M",5322,2256420,235.860
"Total","2003","2003","39 years","39",,,8424,4542489,185.449
,"2003","2003","40 years","40","Female","F",3476,2285662,152.078
,"2003","2003","40 years","40","Male","M",5736,2243727,255.646
"Total","2003","2003","40 years","40",,,9212,4529389,203.383
,"2003","2003","41 years","41","Female","F",3768,2296230,164.095
,"2003","2003","41 years","41","Male","M",6393,2260614,282.799
"Total","2003","2003","41 years","41",,,10161,4556844,222.983
,"2003","2003","42 years","42","Female","F",4167,2326876,179.081
,"2003","2003","42 years","42","Male","M",6943,2279589,304.572
"Total","2003","2003","42 years","42",,,11110,4606465,241.183
,"2003","2003","43 years","43","Female","F",4444,2363514,188.025
,"2003","2003","43 years","43","Male","M",7585,2335874,324.718
"Total","2003","2003","43 years","43",,,12029,4699388,255.970
,"2003","2003","44 years","44","Female","F",4857,2274320,213.558
,"2003","2003","44 years","44","Male","M",8037,2223641,361.434
"Total","2003","2003","44 years","44",,,12894,4497961,286.663
,"2003","2003","45 years","45","Female","F",5185,2275557,227.856
,"2003","2003","45 years","45","Male","M",8488,2224414,381.584
"Total","2003","2003","45 years","45",,,13673,4499971,303.846
,"2003","2003","46 years","46","Female","F",5587,2262137,246.979
,"2003","2003","46 years","46","Male","M",9386,2200290,426.580
"Total","2003","2003","46 years","46",,,14973,4462427,335.535
,"2003","2003","47 years","47","Female","F",5757,2183207,263.695
,"2003","2003","47 years","47","Male","M",9839,2117276,464.701
"Total","2003","2003","47 years","47",,,15596,4300483,362.657
,"2003","2003","48 years","48","Female","F",6083,2186886,278.158
,"2003","2003","48 years","48","Male","M",10496,2131053,492.526
"Total","2003","2003","48 years","48",,,16579,4317939,383.956
,"2003","2003","49 years","49","Female","F",6422,2109478,304.436
,"2003","2003","49 years","49","Male","M",10930,2032378,537.794
"Total","2003","2003","49 years","49",,,17352,4141856,418.943
,"2003","2003","50 years","50","Female","F",6683,2041746,327.318
,"2003","2003","50 years","50","Male","M",11372,1957066,581.074
"Total","2003","2003","50 years","50",,,18055,3998812,451.509
,"2003","2003","51 years","51","Female","F",7020,1982259,354.141
,"2003","2003","51 years","51","Male","M",11826,1903885,621.151
"Total","2003","2003","51 years","51",,,18846,3886144,484.954
,"2003","2003","52 years","52","Female","F",7340,1935134,379.302
,"2003","2003","52 years","52","Male","M",12166,1846875,658.734
"Total","2003","2003","52 years","52",,,19506,3782009,515.758
,"2003","2003","53 years","53","Female","F",7663,1931805,396.676
,"2003","2003","53 years","53","Male","M",12578,1851585,679.310
"Total","2003","2003","53 years","53",,,20241,3783390,534.996
,"2003","2003","54 years","54","Female","F",8359,1868710,447.314
,"2003","2003","54 years","54","Male","M",13601,1778213,764.869
"Total","2003","2003","54 years","54",,,21960,3646923,602.151
,"2003","2003","55 years","55","Female","F",8954,1848350,484.432
,"2003","2003","55 years","55","Male","M",14307,1753341,815.985
"Total","2003","2003","55 years","55",,,23261,3601691,645.836
,"2003","2003","56 years","56","Female","F",9833,1941139,506.558
,"2003","2003","56 years","56","Male","M",15540,1844529,842.491
"Total","2003","2003","56 years","56",,,25373,3785668,670.238
,"2003","2003","57 years","57","Female","F",8660,1458769,593.651
,"2003","2003","57 years","57","Male","M",13169,1372827,959.261
"Total","2003","2003","57 years","57",,,21829,2831596,770.908
,"2003","2003","58 years","58","Female","F",9403,1456110,645.762
,"2003","2003","58 years","58","Male","M",13913,1365498,1018.896
"Total","2003","2003","58 years","58",,,23316,2821608,826.337
,"2003","2003","59 years","59","Female","F",10301,1437588,716.547
,"2003","2003","59 years","59","Male","M",15259,1336406,1141.794
"Total","2003","2003","59 years","59",,,25560,2773994,921.415
,"2003","2003","60 years","60","Female","F",11428,1481214,771.529
,"2003","2003","60 years","60","Male","M",16717,1368194,1221.830
"Total","2003","2003","60 years","60",,,28145,2849408,987.749
,"2003","2003","61 years","61","Female","F",11140,1322858,842.116
,"2003","2003","61 years","61","Male","M",16369,1212101,1350.465
"Total","2003","2003","61 years","61",,,27509,2534959,1085.185
,"2003","2003","62 years","62","Female","F",11526,1232608,935.090
,"2003","2003","62 years","62","Male","M",16600,1119523,1482.774
"Total","2003","2003","62 years","62",,,28126,2352131,1195.767
,"2003","2003","63 years","63","Female","F",11980,1201532,997.060
,"2003","2003","63 years","63","Male","M",16901,1087611,1553.956
"Total","2003","2003","63 years","63",,,28881,2289143,1261.651
,"2003","2003","64 years","64","Female","F",12833,1139251,1126.442
,"2003","2003","64 years","64","Male","M",17686,1029496,1717.928
"Total","2003","2003","64 years","64",,,30519,2168747,1407.218
,"2003","2003","65 years","65","Female","F",13333,1124059,1186.148
,"2003","2003","65 years","65","Male","M",18427,1001903,1839.200
"Total","2003","2003","65 years","65",,,31760,2125962,1493.912
,"2003","2003","66 years","66","Female","F",13730,1062639,1292.066
,"2003","2003","66 years","66","Male","M",18805,937277,2006.344
"Total","2003","2003","66 years","66",,,32535,1999916,1626.818
,"2003","2003","67 years","67","Female","F",14955,1048005,1426.997
,"2003","2003","67 years","67","Male","M",20079,913146,2198.882
"Total","2003","2003","67 years","67",,,35034,1961151,1786.400
,"2003","2003","68 years","68","Female","F",16040,1051571,1525.337
,"2003","2003","68 years","68","Male","M",21144,904419,2337.854
"Total","2003","2003","68 years","68",,,37184,1955990,1901.032
,"2003","2003","69 years","69","Female","F",16444,967432,1699.758
,"2003","2003","69 years","69","Male","M",21860,820345,2664.733
"Total","2003","2003","69 years","69",,,38304,1787777,2142.549
,"2003","2003","70 years","70","Female","F",18349,969166,1893.277
,"2003","2003","70 years","70","Male","M",23025,808170,2849.029
"Total","2003","2003","70 years","70",,,41374,1777336,2327.866
,"2003","2003","71 years","71","Female","F",19539,964958,2024.855
,"2003","2003","71 years","71","Male","M",24264,795334,3050.794
"Total","2003","2003","71 years","71",,,43803,1760292,2488.394
,"2003","2003","72 years","72","Female","F",21437,959437,2234.331
,"2003","2003","72 years","72","Male","M",26525,776914,3414.149
"Total","2003","2003","72 years","72",,,47962,1736351,2762.230
,"2003","2003","73 years","73","Female","F",23401,977035,2395.104
,"2003","2003","73 years","73","Male","M",28299,774554,3653.586
"Total","2003","2003","73 years","73",,,51700,1751589,2951.606
,"2003","2003","74 years","74","Female","F",24848,923900,2689.469
,"2003","2003","74 years","74","Male","M",28993,720651,4023.168
"Total","2003","2003","74 years","74",,,53841,1644551,3273.903
,"2003","2003","75 years","75","Female","F",27197,919089,2959.126
,"2003","2003","75 years","75","Male","M",31567,698219,4521.074
"Total","2003","2003","75 years","75",,,58764,1617308,3633.445
,"2003","2003","76 years","76","Female","F",29302,899842,3256.349
,"2003","2003","76 years","76","Male","M",32623,667787,4885.240
"Total","2003","2003","76 years","76",,,61925,1567629,3950.233
,"2003","2003","77 years","77","Female","F",31494,868089,3627.969
,"2003","2003","77 years","77","Male","M",33162,621701,5334.075
"Total","2003","2003","77 years","77",,,64656,1489790,4339.941
,"2003","2003","78 years","78","Female","F",33902,861328,3936.015
,"2003","2003","78 years","78","Male","M",34557,595667,5801.396
"Total","2003","2003","78 years","78",,,68459,1456995,4698.643
,"2003","2003","79 years","79","Female","F",35936,817634,4395.121
,"2003","2003","79 years","79","Male","M",35445,548486,6462.334
"Total","2003","2003","79 years","79",,,71381,1366120,5225.090
,"2003","2003","80 years","80","Female","F",37554,760319,4939.243
,"2003","2003","80 years","80","Male","M",35528,499405,7114.066
"Total","2003","2003","80 years","80",,,73082,1259724,5801.430
,"2003","2003","81 years","81","Female","F",39965,732492,5456.032
,"2003","2003","81 years","81","Male","M",36401,464268,7840.515
"Total","2003","2003","81 years","81",,,76366,1196760,6381.062
,"2003","2003","82 years","82","Female","F",41696,683447,6100.839
,"2003","2003","82 years","82","Male","M",35917,417522,8602.421
"Total","2003","2003","82 years","82",,,77613,1100969,7049.517
,"2003","2003","83 years","83","Female","F",42363,630578,6718.122
,"2003","2003","83 years","83","Male","M",34900,367149,9505.678
"Total","2003","2003","83 years","83",,,77263,997727,7743.902
,"2003","2003","84 years","84","Female","F",41283,540339,7640.204
,"2003","2003","84 years","84","Male","M",32232,303077,10634.921
"Total","2003","2003","84 years","84",,,73515,843416,8716.339
,"2003","2003","85 years","85","Female","F",42806,Not Applicable,Not Applicable
,"2003","2003","85 years","85","Male","M",31099,Not Applicable,Not Applicable
"Total","2003","2003","85 years","85",,,73905,Not Applicable,Not Applicable
,"2003","2003","86 years","86","Female","F",42681,Not Applicable,Not Applicable
,"2003","2003","86 years","86","Male","M",29184,Not Applicable,Not Applicable
"Total","2003","2003","86 years","86",,,71865,Not Applicable,Not Applicable
,"2003","2003","87 years","87","Female","F",42462,Not Applicable,Not Applicable
,"2003","2003","87 years","87","Male","M",27213,Not Applicable,Not Applicable
"Total","2003","2003","87 years","87",,,69675,Not Applicable,Not Applicable
,"2003","2003","88 years","88","Female","F",42446,Not Applicable,Not Applicable
,"2003","2003","88 years","88","Male","M",25248,Not Applicable,Not Applicable
"Total","2003","2003","88 years","88",,,67694,Not Applicable,Not Applicable
,"2003","2003","89 years","89","Female","F",41275,Not Applicable,Not Applicable
,"2003","2003","89 years","89","Male","M",22433,Not Applicable,Not Applicable
"Total","2003","2003","89 years","89",,,63708,Not Applicable,Not Applicable
,"2003","2003","90 years","90","Female","F",38694,Not Applicable,Not Applicable
,"2003","2003","90 years","90","Male","M",19792,Not Applicable,Not Applicable
"Total","2003","2003","90 years","90",,,58486,Not Applicable,Not Applicable
,"2003","2003","91 years","91","Female","F",35770,Not Applicable,Not Applicable
,"2003","2003","91 years","91","Male","M",16657,Not Applicable,Not Applicable
"Total","2003","2003","91 years","91",,,52427,Not Applicable,Not Applicable
,"2003","2003","92 years","92","Female","F",32721,Not Applicable,Not Applicable
,"2003","2003","92 years","92","Male","M",13714,Not Applicable,Not Applicable
"Total","2003","2003","92 years","92",,,46435,Not Applicable,Not Applicable
,"2003","2003","93 years","93","Female","F",29224,Not Applicable,Not Applicable
,"2003","2003","93 years","93","Male","M",11225,Not Applicable,Not Applicable
"Total","2003","2003","93 years","93",,,40449,Not Applicable,Not Applicable
,"2003","2003","94 years","94","Female","F",24832,Not Applicable,Not Applicable
,"2003","2003","94 years","94","Male","M",8774,Not Applicable,Not Applicable
"Total","2003","2003","94 years","94",,,33606,Not Applicable,Not Applicable
,"2003","2003","95 years","95","Female","F",21660,Not Applicable,Not Applicable
,"2003","2003","95 years","95","Male","M",6905,Not Applicable,Not Applicable
"Total","2003","2003","95 years","95",,,28565,Not Applicable,Not Applicable
,"2003","2003","96 years","96","Female","F",17240,Not Applicable,Not Applicable
,"2003","2003","96 years","96","Male","M",5166,Not Applicable,Not Applicable
"Total","2003","2003","96 years","96",,,22406,Not Applicable,Not Applicable
,"2003","2003","97 years","97","Female","F",13514,Not Applicable,Not Applicable
,"2003","2003","97 years","97","Male","M",3501,Not Applicable,Not Applicable
"Total","2003","2003","97 years","97",,,17015,Not Applicable,Not Applicable
,"2003","2003","98 years","98","Female","F",10390,Not Applicable,Not Applicable
,"2003","2003","98 years","98","Male","M",2502,Not Applicable,Not Applicable
"Total","2003","2003","98 years","98",,,12892,Not Applicable,Not Applicable
,"2003","2003","99 years","99","Female","F",7595,Not Applicable,Not Applicable
,"2003","2003","99 years","99","Male","M",1798,Not Applicable,Not Applicable
"Total","2003","2003","99 years","99",,,9393,Not Applicable,Not Applicable
,"2003","2003","100+ years","100","Female","F",16330,Not Applicable,Not Applicable
,"2003","2003","100+ years","100","Male","M",3001,Not Applicable,Not Applicable
"Total","2003","2003","100+ years","100",,,19331,Not Applicable,Not Applicable
,"2003","2003","Not Stated","NS","Female","F",71,Not Applicable,Not Applicable
,"2003","2003","Not Stated","NS","Male","M",271,Not Applicable,Not Applicable
"Total","2003","2003","Not Stated","NS",,,342,Not Applicable,Not Applicable
"Total","2003","2003",,,,,2448288,290107933,843.923
,"2004","2004","< 1 year","0","Female","F",12218,1962216,622.663
,"2004","2004","< 1 year","0","Male","M",15718,2052042,765.969
"Total","2004","2004","< 1 year","0",,,27936,4014258,695.919
,"2004","2004","1 year","1","Female","F",908,1932894,46.976
,"2004","2004","1 year","1","Male","M",1056,2020169,52.273
"Total","2004","2004","1 year","1",,,1964,3953063,49.683
,"2004","2004","2 years","2","Female","F",524,1925324,27.216
,"2004","2004","2 years","2","Male","M",670,2008411,33.360
"Total","2004","2004","2 years","2",,,1194,3933735,30.353
,"2004","2004","3 years","3","Female","F",382,1962287,19.467
,"2004","2004","3 years","3","Male","M",507,2045933,24.781
"Total","2004","2004","3 years","3",,,889,4008220,22.179
,"2004","2004","4 years","4","Female","F",322,1892670,17.013
,"2004","2004","4 years","4","Male","M",416,1983939,20.968
"Total","2004","2004","4 years","4",,,738,3876609,19.037
,"2004","2004","5 years","5","Female","F",304,1871767,16.241
,"2004","2004","5 years","5","Male","M",353,1957840,18.030
"Total","2004","2004","5 years","5",,,657,3829607,17.156
,"2004","2004","6 years","6","Female","F",251,1867533,13.440
,"2004","2004","6 years","6","Male","M",351,1954556,17.958
"Total","2004","2004","6 years","6",,,602,3822089,15.751
,"2004","2004","7 years","7","Female","F",225,1883869,11.944
,"2004","2004","7 years","7","Male","M",313,1966777,15.914
"Total","2004","2004","7 years","7",,,538,3850646,13.972
,"2004","2004","8 years","8","Female","F",224,1920442,11.664
,"2004","2004","8 years","8","Male","M",297,2012719,14.756
"Total","2004","2004","8 years","8",,,521,3933161,13.246
,"2004","2004","9 years","9","Female","F",239,1959620,12.196
,"2004","2004","9 years","9","Male","M",331,2059114,16.075
"Total","2004","2004","9 years","9",,,570,4018734,14.184
,"2004","2004","10 years","10","Female","F",259,2026099,12.783
,"2004","2004","10 years","10","Male","M",318,2125852,14.959
"Total","2004","2004","10 years","10",,,577,4151951,13.897
,"2004","2004","11 years","11","Female","F",235,2050854,11.459
,"2004","2004","11 years","11","Male","M",346,2156867,16.042
"Total","2004","2004","11 years","11",,,581,4207721,13.808
,"2004","2004","12 years","12","Female","F",279,2097086,13.304
,"2004","2004","12 years","12","Male","M",455,2196464,20.715
"Total","2004","2004","12 years","12",,,734,4293550,17.095
,"2004","2004","13 years","13","Female","F",349,2122487,16.443
,"2004","2004","13 years","13","Male","M",531,2227712,23.836
"Total","2004","2004","13 years","13",,,880,4350199,20.229
,"2004","2004","14 years","14","Female","F",470,2147180,21.889
,"2004","2004","14 years","14","Male","M",704,2261079,31.136
"Total","2004","2004","14 years","14",,,1174,4408259,26.632
,"2004","2004","15 years","15","Female","F",536,2076760,25.809
,"2004","2004","15 years","15","Male","M",991,2188103,45.290
"Total","2004","2004","15 years","15",,,1527,4264863,35.804
,"2004","2004","16 years","16","Female","F",739,2048548,36.074
,"2004","2004","16 years","16","Male","M",1471,2165214,67.938
"Total","2004","2004","16 years","16",,,2210,4213762,52.447
,"2004","2004","17 years","17","Female","F",819,2021150,40.521
,"2004","2004","17 years","17","Male","M",1893,2146158,88.204
"Total","2004","2004","17 years","17",,,2712,4167308,65.078
,"2004","2004","18 years","18","Female","F",966,2041748,47.312
,"2004","2004","18 years","18","Male","M",2525,2172313,116.236
"Total","2004","2004","18 years","18",,,3491,4214061,82.842
,"2004","2004","19 years","19","Female","F",968,2054587,47.114
,"2004","2004","19 years","19","Male","M",2798,2187971,127.881
"Total","2004","2004","19 years","19",,,3766,4242558,88.767
,"2004","2004","20 years","20","Female","F",916,1998909,45.825
,"2004","2004","20 years","20","Male","M",2832,2132862,132.779
"Total","2004","2004","20 years","20",,,3748,4131771,90.712
,"2004","2004","21 years","21","Female","F",971,2024168,47.970
,"2004","2004","21 years","21","Male","M",3124,2156023,144.896
"Total","2004","2004","21 years","21",,,4095,4180191,97.962
,"2004","2004","22 years","22","Female","F",959,2035635,47.111
,"2004","2004","22 years","22","Male","M",3061,2137442,143.209
"Total","2004","2004","22 years","22",,,4020,4173077,96.332
,"2004","2004","23 years","23","Female","F",948,2069230,45.814
,"2004","2004","23 years","23","Male","M",2957,2123444,139.255
"Total","2004","2004","23 years","23",,,3905,4192674,93.139
,"2004","2004","24 years","24","Female","F",1012,2062699,49.062
,"2004","2004","24 years","24","Male","M",2935,2105148,139.420
"Total","2004","2004","24 years","24",,,3947,4167847,94.701
,"2004","2004","25 years","25","Female","F",947,1970554,48.058
,"2004","2004","25 years","25","Male","M",2909,2010965,144.657
"Total","2004","2004","25 years","25",,,3856,3981519,96.847
,"2004","2004","26 years","26","Female","F",1042,1904276,54.719
,"2004","2004","26 years","26","Male","M",2741,1933949,141.731
"Total","2004","2004","26 years","26",,,3783,3838225,98.561
,"2004","2004","27 years","27","Female","F",1048,1890889,55.424
,"2004","2004","27 years","27","Male","M",2735,1910787,143.135
"Total","2004","2004","27 years","27",,,3783,3801676,99.509
,"2004","2004","28 years","28","Female","F",1039,1835016,56.621
,"2004","2004","28 years","28","Male","M",2512,1862479,134.874
"Total","2004","2004","28 years","28",,,3551,3697495,96.038
,"2004","2004","29 years","29","Female","F",1141,1878345,60.745
,"2004","2004","29 years","29","Male","M",2657,1909795,139.125
"Total","2004","2004","29 years","29",,,3798,3788140,100.260
,"2004","2004","30 years","30","Female","F",1120,1853220,60.435
,"2004","2004","30 years","30","Male","M",2472,1884720,131.160
"Total","2004","2004","30 years","30",,,3592,3737940,96.096
,"2004","2004","31 years","31","Female","F",1245,1889889,65.877
,"2004","2004","31 years","31","Male","M",2735,1901095,143.864
"Total","2004","2004","31 years","31",,,3980,3790984,104.986
,"2004","2004","32 years","32","Female","F",1485,2006472,74.011
,"2004","2004","32 years","32","Male","M",3030,2017316,150.200
"Total","2004","2004","32 years","32",,,4515,4023788,112.208
,"2004","2004","33 years","33","Female","F",1608,2129110,75.525
,"2004","2004","33 years","33","Male","M",3192,2128284,149.980
"Total","2004","2004","33 years","33",,,4800,4257394,112.745
,"2004","2004","34 years","34","Female","F",1834,2162454,84.811
,"2004","2004","34 years","34","Male","M",3376,2186941,154.371
"Total","2004","2004","34 years","34",,,5210,4349395,119.787
,"2004","2004","35 years","35","Female","F",1875,2057123,91.147
,"2004","2004","35 years","35","Male","M",3620,2069933,174.885
"Total","2004","2004","35 years","35",,,5495,4127056,133.146
,"2004","2004","36 years","36","Female","F",1960,2025428,96.770
,"2004","2004","36 years","36","Male","M",3646,2023152,180.214
"Total","2004","2004","36 years","36",,,5606,4048580,138.468
,"2004","2004","37 years","37","Female","F",2254,2034825,110.771
,"2004","2004","37 years","37","Male","M",3966,2017065,196.622
"Total","2004","2004","37 years","37",,,6220,4051890,153.509
,"2004","2004","38 years","38","Female","F",2492,2093890,119.013
,"2004","2004","38 years","38","Male","M",4339,2080137,208.592
"Total","2004","2004","38 years","38",,,6831,4174027,163.655
,"2004","2004","39 years","39","Female","F",2878,2242054,128.364
,"2004","2004","39 years","39","Male","M",4914,2231042,220.256
"Total","2004","2004","39 years","39",,,7792,4473096,174.197
,"2004","2004","40 years","40","Female","F",3375,2287941,147.513
,"2004","2004","40 years","40","Male","M",5492,2252988,243.765
"Total","2004","2004","40 years","40",,,8867,4540929,195.268
,"2004","2004","41 years","41","Female","F",3575,2291770,155.993
,"2004","2004","41 years","41","Male","M",6079,2248606,270.345
"Total","2004","2004","41 years","41",,,9654,4540376,212.626
,"2004","2004","42 years","42","Female","F",4037,2296066,175.822
,"2004","2004","42 years","42","Male","M",6704,2258953,296.775
"Total","2004","2004","42 years","42",,,10741,4555019,235.806
,"2004","2004","43 years","43","Female","F",4497,2331007,192.921
,"2004","2004","43 years","43","Male","M",7212,2279113,316.439
"Total","2004","2004","43 years","43",,,11709,4610120,253.985
,"2004","2004","44 years","44","Female","F",4742,2355630,201.305
,"2004","2004","44 years","44","Male","M",7705,2323552,331.604
"Total","2004","2004","44 years","44",,,12447,4679182,266.008
,"2004","2004","45 years","45","Female","F",5140,2271294,226.303
,"2004","2004","45 years","45","Male","M",8465,2215272,382.120
"Total","2004","2004","45 years","45",,,13605,4486566,303.239
,"2004","2004","46 years","46","Female","F",5727,2278419,251.359
,"2004","2004","46 years","46","Male","M",9078,2227648,407.515
"Total","2004","2004","46 years","46",,,14805,4506067,328.557
,"2004","2004","47 years","47","Female","F",5904,2265496,260.605
,"2004","2004","47 years","47","Male","M",9905,2199700,450.289
"Total","2004","2004","47 years","47",,,15809,4465196,354.049
,"2004","2004","48 years","48","Female","F",6114,2179769,280.488
,"2004","2004","48 years","48","Male","M",10254,2107717,486.498
"Total","2004","2004","48 years","48",,,16368,4287486,381.762
,"2004","2004","49 years","49","Female","F",6528,2189528,298.146
,"2004","2004","49 years","49","Male","M",10812,2130419,507.506
"Total","2004","2004","49 years","49",,,17340,4319947,401.394
,"2004","2004","50 years","50","Female","F",6897,2102958,327.967
,"2004","2004","50 years","50","Male","M",11468,2018146,568.244
"Total","2004","2004","50 years","50",,,18365,4121104,445.633
,"2004","2004","51 years","51","Female","F",7081,2048324,345.697
,"2004","2004","51 years","51","Male","M",12031,1961738,613.283
"Total","2004","2004","51 years","51",,,19112,4010062,476.601
,"2004","2004","52 years","52","Female","F",7324,1976684,370.520
,"2004","2004","52 years","52","Male","M",12644,1891504,668.463
"Total","2004","2004","52 years","52",,,19968,3868188,516.211
,"2004","2004","53 years","53","Female","F",7550,1937112,389.755
,"2004","2004","53 years","53","Male","M",13101,1845760,709.789
"Total","2004","2004","53 years","53",,,20651,3782872,545.908
,"2004","2004","54 years","54","Female","F",8269,1934545,427.439
,"2004","2004","54 years","54","Male","M",13405,1847897,725.419
"Total","2004","2004","54 years","54",,,21674,3782442,573.016
,"2004","2004","55 years","55","Female","F",8760,1859415,471.116
,"2004","2004","55 years","55","Male","M",14012,1758586,796.777
"Total","2004","2004","55 years","55",,,22772,3618001,629.408
,"2004","2004","56 years","56","Female","F",9456,1850723,510.935
,"2004","2004","56 years","56","Male","M",14806,1753133,844.545
"Total","2004","2004","56 years","56",,,24262,3603856,673.223
,"2004","2004","57 years","57","Female","F",10556,1933353,545.994
,"2004","2004","57 years","57","Male","M",16282,1830349,889.557
"Total","2004","2004","57 years","57",,,26838,3763702,713.075
,"2004","2004","58 years","58","Female","F",9234,1455355,634.484
,"2004","2004","58 years","58","Male","M",13859,1364399,1015.759
"Total","2004","2004","58 years","58",,,23093,2819754,818.972
,"2004","2004","59 years","59","Female","F",9757,1449103,673.313
,"2004","2004","59 years","59","Male","M",14441,1352760,1067.521
"Total","2004","2004","59 years","59",,,24198,2801863,863.640
,"2004","2004","60 years","60","Female","F",10618,1423305,746.010
,"2004","2004","60 years","60","Male","M",15745,1315754,1196.652
"Total","2004","2004","60 years","60",,,26363,2739059,962.484
,"2004","2004","61 years","61","Female","F",12004,1482907,809.491
,"2004","2004","61 years","61","Male","M",17418,1365695,1275.395
"Total","2004","2004","61 years","61",,,29422,2848602,1032.858
,"2004","2004","62 years","62","Female","F",11782,1316213,895.144
,"2004","2004","62 years","62","Male","M",16972,1199144,1415.343
"Total","2004","2004","62 years","62",,,28754,2515357,1143.138
,"2004","2004","63 years","63","Female","F",11937,1226632,973.153
,"2004","2004","63 years","63","Male","M",17039,1108921,1536.539
"Total","2004","2004","63 years","63",,,28976,2335553,1240.648
,"2004","2004","64 years","64","Female","F",12561,1188741,1056.664
,"2004","2004","64 years","64","Male","M",17458,1070816,1630.345
"Total","2004","2004","64 years","64",,,30019,2259557,1328.535
,"2004","2004","65 years","65","Female","F",13158,1132615,1161.736
,"2004","2004","65 years","65","Male","M",18136,1015816,1785.363
"Total","2004","2004","65 years","65",,,31294,2148431,1456.598
,"2004","2004","66 years","66","Female","F",13962,1112641,1254.852
,"2004","2004","66 years","66","Male","M",18932,986009,1920.064
"Total","2004","2004","66 years","66",,,32894,2098650,1567.389
,"2004","2004","67 years","67","Female","F",14607,1052462,1387.889
,"2004","2004","67 years","67","Male","M",19426,922625,2105.514
"Total","2004","2004","67 years","67",,,34033,1975087,1723.114
,"2004","2004","68 years","68","Female","F",15387,1035666,1485.711
,"2004","2004","68 years","68","Male","M",20402,895181,2279.092
"Total","2004","2004","68 years","68",,,35789,1930847,1853.539
,"2004","2004","69 years","69","Female","F",16415,1037034,1582.880
,"2004","2004","69 years","69","Male","M",21559,883380,2440.513
"Total","2004","2004","69 years","69",,,37974,1920414,1977.386
,"2004","2004","70 years","70","Female","F",17435,948585,1838.001
,"2004","2004","70 years","70","Male","M",21909,796318,2751.288
"Total","2004","2004","70 years","70",,,39344,1744903,2254.796
,"2004","2004","71 years","71","Female","F",18663,956125,1951.941
,"2004","2004","71 years","71","Male","M",23279,791222,2942.158
"Total","2004","2004","71 years","71",,,41942,1747347,2400.325
,"2004","2004","72 years","72","Female","F",20717,944588,2193.231
,"2004","2004","72 years","72","Male","M",24605,769205,3198.757
"Total","2004","2004","72 years","72",,,45322,1713793,2644.543
,"2004","2004","73 years","73","Female","F",22002,939444,2342.024
,"2004","2004","73 years","73","Male","M",26518,752487,3524.048
"Total","2004","2004","73 years","73",,,48520,1691931,2867.729
,"2004","2004","74 years","74","Female","F",24429,951203,2568.222
,"2004","2004","74 years","74","Male","M",28125,744927,3775.538
"Total","2004","2004","74 years","74",,,52554,1696130,3098.465
,"2004","2004","75 years","75","Female","F",25633,894247,2866.434
,"2004","2004","75 years","75","Male","M",29456,686874,4288.414
"Total","2004","2004","75 years","75",,,55089,1581121,3484.174
,"2004","2004","76 years","76","Female","F",28040,895466,3131.331
,"2004","2004","76 years","76","Male","M",31094,671287,4631.998
"Total","2004","2004","76 years","76",,,59134,1566753,3774.303
,"2004","2004","77 years","77","Female","F",30070,868370,3462.810
,"2004","2004","77 years","77","Male","M",32307,633496,5099.795
"Total","2004","2004","77 years","77",,,62377,1501866,4153.300
,"2004","2004","78 years","78","Female","F",32107,837128,3835.375
,"2004","2004","78 years","78","Male","M",33271,588554,5653.007
"Total","2004","2004","78 years","78",,,65378,1425682,4585.735
,"2004","2004","79 years","79","Female","F",34588,826108,4186.862
,"2004","2004","79 years","79","Male","M",34180,559869,6105.000
"Total","2004","2004","79 years","79",,,68768,1385977,4961.698
,"2004","2004","80 years","80","Female","F",36381,777143,4681.378
,"2004","2004","80 years","80","Male","M",34934,509590,6855.315
"Total","2004","2004","80 years","80",,,71315,1286733,5542.331
,"2004","2004","81 years","81","Female","F",38282,724777,5281.901
,"2004","2004","81 years","81","Male","M",34504,464757,7424.095
"Total","2004","2004","81 years","81",,,72786,1189534,6118.867
,"2004","2004","82 years","82","Female","F",40870,689937,5923.729
,"2004","2004","82 years","82","Male","M",35518,425169,8353.855
"Total","2004","2004","82 years","82",,,76388,1115106,6850.290
,"2004","2004","83 years","83","Female","F",41932,641326,6538.328
,"2004","2004","83 years","83","Male","M",35135,381825,9201.859
"Total","2004","2004","83 years","83",,,77067,1023151,7532.319
,"2004","2004","84 years","84","Female","F",42658,584240,7301.451
,"2004","2004","84 years","84","Male","M",33270,329740,10089.768
"Total","2004","2004","84 years","84",,,75928,913980,8307.403
,"2004","2004","85 years","85","Female","F",41135,Not Applicable,Not Applicable
,"2004","2004","85 years","85","Male","M",29981,Not Applicable,Not Applicable
"Total","2004","2004","85 years","85",,,71116,Not Applicable,Not Applicable
,"2004","2004","86 years","86","Female","F",41718,Not Applicable,Not Applicable
,"2004","2004","86 years","86","Male","M",29575,Not Applicable,Not Applicable
"Total","2004","2004","86 years","86",,,71293,Not Applicable,Not Applicable
,"2004","2004","87 years","87","Female","F",41332,Not Applicable,Not Applicable
,"2004","2004","87 years","87","Male","M",26764,Not Applicable,Not Applicable
"Total","2004","2004","87 years","87",,,68096,Not Applicable,Not Applicable
,"2004","2004","88 years","88","Female","F",40458,Not Applicable,Not Applicable
,"2004","2004","88 years","88","Male","M",24777,Not Applicable,Not Applicable
"Total","2004","2004","88 years","88",,,65235,Not Applicable,Not Applicable
,"2004","2004","89 years","89","Female","F",39830,Not Applicable,Not Applicable
,"2004","2004","89 years","89","Male","M",22570,Not Applicable,Not Applicable
"Total","2004","2004","89 years","89",,,62400,Not Applicable,Not Applicable
,"2004","2004","90 years","90","Female","F",37782,Not Applicable,Not Applicable
,"2004","2004","90 years","90","Male","M",19583,Not Applicable,Not Applicable
"Total","2004","2004","90 years","90",,,57365,Not Applicable,Not Applicable
,"2004","2004","91 years","91","Female","F",35252,Not Applicable,Not Applicable
,"2004","2004","91 years","91","Male","M",16594,Not Applicable,Not Applicable
"Total","2004","2004","91 years","91",,,51846,Not Applicable,Not Applicable
,"2004","2004","92 years","92","Female","F",31494,Not Applicable,Not Applicable
,"2004","2004","92 years","92","Male","M",13814,Not Applicable,Not Applicable
"Total","2004","2004","92 years","92",,,45308,Not Applicable,Not Applicable
,"2004","2004","93 years","93","Female","F",28401,Not Applicable,Not Applicable
,"2004","2004","93 years","93","Male","M",11086,Not Applicable,Not Applicable
"Total","2004","2004","93 years","93",,,39487,Not Applicable,Not Applicable
,"2004","2004","94 years","94","Female","F",24564,Not Applicable,Not Applicable
,"2004","2004","94 years","94","Male","M",9091,Not Applicable,Not Applicable
"Total","2004","2004","94 years","94",,,33655,Not Applicable,Not Applicable
,"2004","2004","95 years","95","Female","F",20334,Not Applicable,Not Applicable
,"2004","2004","95 years","95","Male","M",6740,Not Applicable,Not Applicable
"Total","2004","2004","95 years","95",,,27074,Not Applicable,Not Applicable
,"2004","2004","96 years","96","Female","F",16781,Not Applicable,Not Applicable
,"2004","2004","96 years","96","Male","M",5257,Not Applicable,Not Applicable
"Total","2004","2004","96 years","96",,,22038,Not Applicable,Not Applicable
,"2004","2004","97 years","97","Female","F",13240,Not Applicable,Not Applicable
,"2004","2004","97 years","97","Male","M",3622,Not Applicable,Not Applicable
"Total","2004","2004","97 years","97",,,16862,Not Applicable,Not Applicable
,"2004","2004","98 years","98","Female","F",9879,Not Applicable,Not Applicable
,"2004","2004","98 years","98","Male","M",2487,Not Applicable,Not Applicable
"Total","2004","2004","98 years","98",,,12366,Not Applicable,Not Applicable
,"2004","2004","99 years","99","Female","F",7392,Not Applicable,Not Applicable
,"2004","2004","99 years","99","Male","M",1714,Not Applicable,Not Applicable
"Total","2004","2004","99 years","99",,,9106,Not Applicable,Not Applicable
,"2004","2004","100+ years","100","Female","F",15531,Not Applicable,Not Applicable
,"2004","2004","100+ years","100","Male","M",2995,Not Applicable,Not Applicable
"Total","2004","2004","100+ years","100",,,18526,Not Applicable,Not Applicable
,"2004","2004","Not Stated","NS","Female","F",72,Not Applicable,Not Applicable
,"2004","2004","Not Stated","NS","Male","M",274,Not Applicable,Not Applicable
"Total","2004","2004","Not Stated","NS",,,346,Not Applicable,Not Applicable
"Total","2004","2004",,,,,2397615,292805298,818.843
,"2005","2005","< 1 year","0","Female","F",12422,1956682,634.850
,"2005","2005","< 1 year","0","Male","M",16018,2047711,782.239
"Total","2005","2005","< 1 year","0",,,28440,4004393,710.220
,"2005","2005","1 year","1","Female","F",827,1950494,42.400
,"2005","2005","1 year","1","Male","M",1088,2036538,53.424
"Total","2005","2005","1 year","1",,,1915,3987032,48.031
,"2005","2005","2 years","2","Female","F",506,1932337,26.186
,"2005","2005","2 years","2","Male","M",738,2020295,36.529
"Total","2005","2005","2 years","2",,,1244,3952632,31.473
,"2005","2005","3 years","3","Female","F",354,1930395,18.338
,"2005","2005","3 years","3","Male","M",521,2012820,25.884
"Total","2005","2005","3 years","3",,,875,3943215,22.190
,"2005","2005","4 years","4","Female","F",304,1971897,15.417
,"2005","2005","4 years","4","Male","M",418,2058231,20.309
"Total","2005","2005","4 years","4",,,722,4030128,17.915
,"2005","2005","5 years","5","Female","F",260,1901483,13.674
,"2005","2005","5 years","5","Male","M",336,1991645,16.870
"Total","2005","2005","5 years","5",,,596,3893128,15.309
,"2005","2005","6 years","6","Female","F",288,1871697,15.387
,"2005","2005","6 years","6","Male","M",331,1956456,16.918
"Total","2005","2005","6 years","6",,,619,3828153,16.170
,"2005","2005","7 years","7","Female","F",257,1876179,13.698
,"2005","2005","7 years","7","Male","M",290,1962661,14.776
"Total","2005","2005","7 years","7",,,547,3838840,14.249
,"2005","2005","8 years","8","Female","F",235,1888355,12.445
,"2005","2005","8 years","8","Male","M",295,1973522,14.948
"Total","2005","2005","8 years","8",,,530,3861877,13.724
,"2005","2005","9 years","9","Female","F",241,1936186,12.447
,"2005","2005","9 years","9","Male","M",304,2030883,14.969
"Total","2005","2005","9 years","9",,,545,3967069,13.738
,"2005","2005","10 years","10","Female","F",223,2024518,11.015
,"2005","2005","10 years","10","Male","M",286,2125604,13.455
"Total","2005","2005","10 years","10",,,509,4150122,12.265
,"2005","2005","11 years","11","Female","F",244,2024711,12.051
,"2005","2005","11 years","11","Male","M",357,2124517,16.804
"Total","2005","2005","11 years","11",,,601,4149228,14.485
,"2005","2005","12 years","12","Female","F",268,2072265,12.933
,"2005","2005","12 years","12","Male","M",379,2178897,17.394
"Total","2005","2005","12 years","12",,,647,4251162,15.219
,"2005","2005","13 years","13","Female","F",317,2104267,15.065
,"2005","2005","13 years","13","Male","M",532,2204584,24.132
"Total","2005","2005","13 years","13",,,849,4308851,19.704
,"2005","2005","14 years","14","Female","F",416,2122621,19.598
,"2005","2005","14 years","14","Male","M",743,2230595,33.309
"Total","2005","2005","14 years","14",,,1159,4353216,26.624
,"2005","2005","15 years","15","Female","F",486,2168521,22.412
,"2005","2005","15 years","15","Male","M",1028,2288448,44.921
"Total","2005","2005","15 years","15",,,1514,4456969,33.969
,"2005","2005","16 years","16","Female","F",676,2094194,32.280
,"2005","2005","16 years","16","Male","M",1430,2213951,64.590
"Total","2005","2005","16 years","16",,,2106,4308145,48.884
,"2005","2005","17 years","17","Female","F",811,2055847,39.448
,"2005","2005","17 years","17","Male","M",1949,2183662,89.254
"Total","2005","2005","17 years","17",,,2760,4239509,65.102
,"2005","2005","18 years","18","Female","F",905,2050714,44.131
,"2005","2005","18 years","18","Male","M",2549,2174412,117.227
"Total","2005","2005","18 years","18",,,3454,4225126,81.749
,"2005","2005","19 years","19","Female","F",939,2065513,45.461
,"2005","2005","19 years","19","Male","M",2930,2190952,133.732
"Total","2005","2005","19 years","19",,,3869,4256465,90.897
,"2005","2005","20 years","20","Female","F",928,2055521,45.147
,"2005","2005","20 years","20","Male","M",2931,2185676,134.100
"Total","2005","2005","20 years","20",,,3859,4241197,90.988
,"2005","2005","21 years","21","Female","F",954,2011168,47.435
,"2005","2005","21 years","21","Male","M",3223,2139490,150.643
"Total","2005","2005","21 years","21",,,4177,4150658,100.635
,"2005","2005","22 years","22","Female","F",991,2024927,48.940
,"2005","2005","22 years","22","Male","M",3198,2151169,148.663
"Total","2005","2005","22 years","22",,,4189,4176096,100.309
,"2005","2005","23 years","23","Female","F",1002,2046870,48.953
,"2005","2005","23 years","23","Male","M",3180,2136786,148.822
"Total","2005","2005","23 years","23",,,4182,4183656,99.960
,"2005","2005","24 years","24","Female","F",1033,2084320,49.561
,"2005","2005","24 years","24","Male","M",3091,2124028,145.525
"Total","2005","2005","24 years","24",,,4124,4208348,97.996
,"2005","2005","25 years","25","Female","F",1057,2090577,50.560
,"2005","2005","25 years","25","Male","M",3062,2115519,144.740
"Total","2005","2005","25 years","25",,,4119,4206096,97.929
,"2005","2005","26 years","26","Female","F",1030,1973649,52.188
,"2005","2005","26 years","26","Male","M",2976,1993073,149.317
"Total","2005","2005","26 years","26",,,4006,3966722,100.990
,"2005","2005","27 years","27","Female","F",1019,1927615,52.863
,"2005","2005","27 years","27","Male","M",2877,1942425,148.114
"Total","2005","2005","27 years","27",,,3896,3870040,100.671
,"2005","2005","28 years","28","Female","F",1120,1891577,59.210
,"2005","2005","28 years","28","Male","M",2740,1913949,143.160
"Total","2005","2005","28 years","28",,,3860,3805526,101.431
,"2005","2005","29 years","29","Female","F",1100,1829126,60.138
,"2005","2005","29 years","29","Male","M",2587,1857200,139.296
"Total","2005","2005","29 years","29",,,3687,3686326,100.018
,"2005","2005","30 years","30","Female","F",1226,1914556,64.036
,"2005","2005","30 years","30","Male","M",2714,1952025,139.035
"Total","2005","2005","30 years","30",,,3940,3866581,101.899
,"2005","2005","31 years","31","Female","F",1277,1845744,69.186
,"2005","2005","31 years","31","Male","M",2787,1859850,149.851
"Total","2005","2005","31 years","31",,,4064,3705594,109.672
,"2005","2005","32 years","32","Female","F",1486,1921927,77.318
,"2005","2005","32 years","32","Male","M",2958,1926111,153.574
"Total","2005","2005","32 years","32",,,4444,3848038,115.487
,"2005","2005","33 years","33","Female","F",1581,2015588,78.439
,"2005","2005","33 years","33","Male","M",3098,2019457,153.408
"Total","2005","2005","33 years","33",,,4679,4035045,115.959
,"2005","2005","34 years","34","Female","F",1746,2137339,81.690
,"2005","2005","34 years","34","Male","M",3484,2131340,163.465
"Total","2005","2005","34 years","34",,,5230,4268679,122.520
,"2005","2005","35 years","35","Female","F",1931,2176855,88.706
,"2005","2005","35 years","35","Male","M",3570,2200202,162.258
"Total","2005","2005","35 years","35",,,5501,4377057,125.678
,"2005","2005","36 years","36","Female","F",2063,2064403,99.932
,"2005","2005","36 years","36","Male","M",3583,2066098,173.419
"Total","2005","2005","36 years","36",,,5646,4130501,136.690
,"2005","2005","37 years","37","Female","F",2164,2028122,106.700
,"2005","2005","37 years","37","Male","M",3928,2016811,194.763
"Total","2005","2005","37 years","37",,,6092,4044933,150.608
,"2005","2005","38 years","38","Female","F",2405,2041731,117.792
,"2005","2005","38 years","38","Male","M",4225,2018877,209.275
"Total","2005","2005","38 years","38",,,6630,4060608,163.276
,"2005","2005","39 years","39","Female","F",2846,2100509,135.491
,"2005","2005","39 years","39","Male","M",4705,2085045,225.655
"Total","2005","2005","39 years","39",,,7551,4185554,180.406
,"2005","2005","40 years","40","Female","F",3157,2244129,140.678
,"2005","2005","40 years","40","Male","M",5437,2226254,244.222
"Total","2005","2005","40 years","40",,,8594,4470383,192.243
,"2005","2005","41 years","41","Female","F",3600,2295371,156.837
,"2005","2005","41 years","41","Male","M",5954,2258597,263.615
"Total","2005","2005","41 years","41",,,9554,4553968,209.795
,"2005","2005","42 years","42","Female","F",4039,2291530,176.258
,"2005","2005","42 years","42","Male","M",6734,2245748,299.856
"Total","2005","2005","42 years","42",,,10773,4537278,237.433
,"2005","2005","43 years","43","Female","F",4487,2301346,194.973
,"2005","2005","43 years","43","Male","M",7189,2258382,318.325
"Total","2005","2005","43 years","43",,,11676,4559728,256.068
,"2005","2005","44 years","44","Female","F",4784,2321347,206.087
,"2005","2005","44 years","44","Male","M",7984,2264181,352.622
"Total","2005","2005","44 years","44",,,12768,4585528,278.441
,"2005","2005","45 years","45","Female","F",5163,2352677,219.452
,"2005","2005","45 years","45","Male","M",8619,2314057,372.463
"Total","2005","2005","45 years","45",,,13782,4666734,295.324
,"2005","2005","46 years","46","Female","F",5623,2276013,247.055
,"2005","2005","46 years","46","Male","M",9091,2220792,409.358
"Total","2005","2005","46 years","46",,,14714,4496805,327.210
,"2005","2005","47 years","47","Female","F",6027,2283353,263.954
,"2005","2005","47 years","47","Male","M",9752,2228342,437.635
"Total","2005","2005","47 years","47",,,15779,4511695,349.736
,"2005","2005","48 years","48","Female","F",6478,2261293,286.473
,"2005","2005","48 years","48","Male","M",10491,2188567,479.355
"Total","2005","2005","48 years","48",,,16969,4449860,381.338
,"2005","2005","49 years","49","Female","F",6813,2183752,311.986
,"2005","2005","49 years","49","Male","M",11326,2108325,537.204
"Total","2005","2005","49 years","49",,,18139,4292077,422.616
,"2005","2005","50 years","50","Female","F",7250,2181791,332.296
,"2005","2005","50 years","50","Male","M",11933,2113557,564.593
"Total","2005","2005","50 years","50",,,19183,4295348,446.599
,"2005","2005","51 years","51","Female","F",7577,2112391,358.693
,"2005","2005","51 years","51","Male","M",12349,2026203,609.465
"Total","2005","2005","51 years","51",,,19926,4138594,481.468
,"2005","2005","52 years","52","Female","F",7840,2041805,383.974
,"2005","2005","52 years","52","Male","M",13341,1947260,685.117
"Total","2005","2005","52 years","52",,,21181,3989065,530.977
,"2005","2005","53 years","53","Female","F",8021,1980116,405.077
,"2005","2005","53 years","53","Male","M",13598,1891790,718.790
"Total","2005","2005","53 years","53",,,21619,3871906,558.355
,"2005","2005","54 years","54","Female","F",8266,1941338,425.789
,"2005","2005","54 years","54","Male","M",13972,1842482,758.325
"Total","2005","2005","54 years","54",,,22238,3783820,587.713
,"2005","2005","55 years","55","Female","F",8778,1923637,456.323
,"2005","2005","55 years","55","Male","M",14622,1824610,801.377
"Total","2005","2005","55 years","55",,,23400,3748247,624.292
,"2005","2005","56 years","56","Female","F",9364,1863943,502.376
,"2005","2005","56 years","56","Male","M",14965,1761297,849.658
"Total","2005","2005","56 years","56",,,24329,3625240,671.100
,"2005","2005","57 years","57","Female","F",10221,1842786,554.649
,"2005","2005","57 years","57","Male","M",16057,1739222,923.229
"Total","2005","2005","57 years","57",,,26278,3582008,733.611
,"2005","2005","58 years","58","Female","F",11305,1929365,585.944
,"2005","2005","58 years","58","Male","M",17318,1819296,951.907
"Total","2005","2005","58 years","58",,,28623,3748661,763.553
,"2005","2005","59 years","59","Female","F",9822,1448128,678.255
,"2005","2005","59 years","59","Male","M",15026,1350936,1112.266
"Total","2005","2005","59 years","59",,,24848,2799064,887.725
,"2005","2005","60 years","60","Female","F",10360,1433435,722.739
,"2005","2005","60 years","60","Male","M",15690,1330174,1179.545
"Total","2005","2005","60 years","60",,,26050,2763609,942.608
,"2005","2005","61 years","61","Female","F",11446,1428216,801.419
,"2005","2005","61 years","61","Male","M",16640,1316923,1263.551
"Total","2005","2005","61 years","61",,,28086,2745139,1023.118
,"2005","2005","62 years","62","Female","F",13032,1475790,883.052
,"2005","2005","62 years","62","Male","M",18863,1351274,1395.942
"Total","2005","2005","62 years","62",,,31895,2827064,1128.202
,"2005","2005","63 years","63","Female","F",12736,1310319,971.977
,"2005","2005","63 years","63","Male","M",18144,1188493,1526.639
"Total","2005","2005","63 years","63",,,30880,2498812,1235.787
,"2005","2005","64 years","64","Female","F",12808,1212791,1056.076
,"2005","2005","64 years","64","Male","M",18104,1090862,1659.605
"Total","2005","2005","64 years","64",,,30912,2303653,1341.869
,"2005","2005","65 years","65","Female","F",13226,1183371,1117.655
,"2005","2005","65 years","65","Male","M",18307,1057487,1731.180
"Total","2005","2005","65 years","65",,,31533,2240858,1407.184
,"2005","2005","66 years","66","Female","F",13977,1121292,1246.508
,"2005","2005","66 years","66","Male","M",18813,1000448,1880.458
"Total","2005","2005","66 years","66",,,32790,2121740,1545.430
,"2005","2005","67 years","67","Female","F",14804,1102944,1342.226
,"2005","2005","67 years","67","Male","M",19971,971691,2055.283
"Total","2005","2005","67 years","67",,,34775,2074635,1676.198
,"2005","2005","68 years","68","Female","F",15415,1040489,1481.515
,"2005","2005","68 years","68","Male","M",20150,904790,2227.036
"Total","2005","2005","68 years","68",,,35565,1945279,1828.272
,"2005","2005","69 years","69","Female","F",16402,1021404,1605.829
,"2005","2005","69 years","69","Male","M",21171,874711,2420.342
"Total","2005","2005","69 years","69",,,37573,1896115,1981.578
,"2005","2005","70 years","70","Female","F",17757,1016272,1747.268
,"2005","2005","70 years","70","Male","M",22745,857454,2652.620
"Total","2005","2005","70 years","70",,,40502,1873726,2161.575
,"2005","2005","71 years","71","Female","F",18588,937061,1983.649
,"2005","2005","71 years","71","Male","M",23027,781306,2947.245
"Total","2005","2005","71 years","71",,,41615,1718367,2421.776
,"2005","2005","72 years","72","Female","F",19942,935793,2131.027
,"2005","2005","72 years","72","Male","M",24506,765167,3202.700
"Total","2005","2005","72 years","72",,,44448,1700960,2613.113
,"2005","2005","73 years","73","Female","F",21848,925511,2360.642
,"2005","2005","73 years","73","Male","M",26520,746001,3554.955
"Total","2005","2005","73 years","73",,,48368,1671512,2893.668
,"2005","2005","74 years","74","Female","F",23589,914432,2579.634
,"2005","2005","74 years","74","Male","M",27597,724073,3811.356
"Total","2005","2005","74 years","74",,,51186,1638505,3123.945
,"2005","2005","75 years","75","Female","F",25377,920144,2757.938
,"2005","2005","75 years","75","Male","M",29290,709619,4127.567
"Total","2005","2005","75 years","75",,,54667,1629763,3354.291
,"2005","2005","76 years","76","Female","F",27241,872922,3120.668
,"2005","2005","76 years","76","Male","M",29912,662437,4515.448
"Total","2005","2005","76 years","76",,,57153,1535359,3722.452
,"2005","2005","77 years","77","Female","F",29705,864332,3436.758
,"2005","2005","77 years","77","Male","M",32418,637311,5086.685
"Total","2005","2005","77 years","77",,,62123,1501643,4137.002
,"2005","2005","78 years","78","Female","F",32329,838488,3855.631
,"2005","2005","78 years","78","Male","M",33317,600987,5543.714
"Total","2005","2005","78 years","78",,,65646,1439475,4560.413
,"2005","2005","79 years","79","Female","F",34122,803370,4247.358
,"2005","2005","79 years","79","Male","M",34177,553999,6169.145
"Total","2005","2005","79 years","79",,,68299,1357369,5031.719
,"2005","2005","80 years","80","Female","F",37197,785122,4737.735
,"2005","2005","80 years","80","Male","M",35000,520539,6723.800
"Total","2005","2005","80 years","80",,,72197,1305661,5529.536
,"2005","2005","81 years","81","Female","F",38715,742630,5213.229
,"2005","2005","81 years","81","Male","M",35559,475653,7475.828
"Total","2005","2005","81 years","81",,,74274,1218283,6096.613
,"2005","2005","82 years","82","Female","F",40121,683339,5871.317
,"2005","2005","82 years","82","Male","M",35276,426417,8272.653
"Total","2005","2005","82 years","82",,,75397,1109756,6794.016
,"2005","2005","83 years","83","Female","F",42586,648391,6567.951
,"2005","2005","83 years","83","Male","M",35549,390040,9114.193
"Total","2005","2005","83 years","83",,,78135,1038431,7524.332
,"2005","2005","84 years","84","Female","F",44037,595097,7399.970
,"2005","2005","84 years","84","Male","M",34737,343965,10098.993
"Total","2005","2005","84 years","84",,,78774,939062,8388.584
,"2005","2005","85 years","85","Female","F",44044,Not Applicable,Not Applicable
,"2005","2005","85 years","85","Male","M",33016,Not Applicable,Not Applicable
"Total","2005","2005","85 years","85",,,77060,Not Applicable,Not Applicable
,"2005","2005","86 years","86","Female","F",42471,Not Applicable,Not Applicable
,"2005","2005","86 years","86","Male","M",29462,Not Applicable,Not Applicable
"Total","2005","2005","86 years","86",,,71933,Not Applicable,Not Applicable
,"2005","2005","87 years","87","Female","F",42701,Not Applicable,Not Applicable
,"2005","2005","87 years","87","Male","M",28509,Not Applicable,Not Applicable
"Total","2005","2005","87 years","87",,,71210,Not Applicable,Not Applicable
,"2005","2005","88 years","88","Female","F",41824,Not Applicable,Not Applicable
,"2005","2005","88 years","88","Male","M",25669,Not Applicable,Not Applicable
"Total","2005","2005","88 years","88",,,67493,Not Applicable,Not Applicable
,"2005","2005","89 years","89","Female","F",40546,Not Applicable,Not Applicable
,"2005","2005","89 years","89","Male","M",23156,Not Applicable,Not Applicable
"Total","2005","2005","89 years","89",,,63702,Not Applicable,Not Applicable
,"2005","2005","90 years","90","Female","F",39561,Not Applicable,Not Applicable
,"2005","2005","90 years","90","Male","M",20711,Not Applicable,Not Applicable
"Total","2005","2005","90 years","90",,,60272,Not Applicable,Not Applicable
,"2005","2005","91 years","91","Female","F",36733,Not Applicable,Not Applicable
,"2005","2005","91 years","91","Male","M",17777,Not Applicable,Not Applicable
"Total","2005","2005","91 years","91",,,54510,Not Applicable,Not Applicable
,"2005","2005","92 years","92","Female","F",33645,Not Applicable,Not Applicable
,"2005","2005","92 years","92","Male","M",14915,Not Applicable,Not Applicable
"Total","2005","2005","92 years","92",,,48560,Not Applicable,Not Applicable
,"2005","2005","93 years","93","Female","F",29451,Not Applicable,Not Applicable
,"2005","2005","93 years","93","Male","M",12107,Not Applicable,Not Applicable
"Total","2005","2005","93 years","93",,,41558,Not Applicable,Not Applicable
,"2005","2005","94 years","94","Female","F",25290,Not Applicable,Not Applicable
,"2005","2005","94 years","94","Male","M",9516,Not Applicable,Not Applicable
"Total","2005","2005","94 years","94",,,34806,Not Applicable,Not Applicable
,"2005","2005","95 years","95","Female","F",21716,Not Applicable,Not Applicable
,"2005","2005","95 years","95","Male","M",7270,Not Applicable,Not Applicable
"Total","2005","2005","95 years","95",,,28986,Not Applicable,Not Applicable
,"2005","2005","96 years","96","Female","F",17700,Not Applicable,Not Applicable
,"2005","2005","96 years","96","Male","M",5275,Not Applicable,Not Applicable
"Total","2005","2005","96 years","96",,,22975,Not Applicable,Not Applicable
,"2005","2005","97 years","97","Female","F",14044,Not Applicable,Not Applicable
,"2005","2005","97 years","97","Male","M",4007,Not Applicable,Not Applicable
"Total","2005","2005","97 years","97",,,18051,Not Applicable,Not Applicable
,"2005","2005","98 years","98","Female","F",10554,Not Applicable,Not Applicable
,"2005","2005","98 years","98","Male","M",2630,Not Applicable,Not Applicable
"Total","2005","2005","98 years","98",,,13184,Not Applicable,Not Applicable
,"2005","2005","99 years","99","Female","F",7775,Not Applicable,Not Applicable
,"2005","2005","99 years","99","Male","M",1790,Not Applicable,Not Applicable
"Total","2005","2005","99 years","99",,,9565,Not Applicable,Not Applicable
,"2005","2005","100+ years","100","Female","F",16318,Not Applicable,Not Applicable
,"2005","2005","100+ years","100","Male","M",2986,Not Applicable,Not Applicable
"Total","2005","2005","100+ years","100",,,19304,Not Applicable,Not Applicable
,"2005","2005","Not Stated","NS","Female","F",56,Not Applicable,Not Applicable
,"2005","2005","Not Stated","NS","Male","M",199,Not Applicable,Not Applicable
"Total","2005","2005","Not Stated","NS",,,255,Not Applicable,Not Applicable
"Total","2005","2005",,,,,2448017,295516599,828.386
,"2006","2006","< 1 year","0","Female","F",12547,1975919,634.996
,"2006","2006","< 1 year","0","Male","M",15980,2065819,773.543
"Total","2006","2006","< 1 year","0",,,28527,4041738,705.810
,"2006","2006","1 year","1","Female","F",866,1942541,44.581
,"2006","2006","1 year","1","Male","M",975,2029583,48.039
"Total","2006","2006","1 year","1",,,1841,3972124,46.348
,"2006","2006","2 years","2","Female","F",549,1950420,28.148
,"2006","2006","2 years","2","Male","M",669,2037699,32.831
"Total","2006","2006","2 years","2",,,1218,3988119,30.541
,"2006","2006","3 years","3","Female","F",362,1939447,18.665
,"2006","2006","3 years","3","Male","M",502,2026575,24.771
"Total","2006","2006","3 years","3",,,864,3966022,21.785
,"2006","2006","4 years","4","Female","F",313,1942684,16.112
,"2006","2006","4 years","4","Male","M",395,2028196,19.475
"Total","2006","2006","4 years","4",,,708,3970880,17.830
,"2006","2006","5 years","5","Female","F",280,1982961,14.120
,"2006","2006","5 years","5","Male","M",407,2067621,19.684
"Total","2006","2006","5 years","5",,,687,4050582,16.961
,"2006","2006","6 years","6","Female","F",260,1901451,13.674
,"2006","2006","6 years","6","Male","M",284,1989878,14.272
"Total","2006","2006","6 years","6",,,544,3891329,13.980
,"2006","2006","7 years","7","Female","F",222,1882266,11.794
,"2006","2006","7 years","7","Male","M",286,1966492,14.544
"Total","2006","2006","7 years","7",,,508,3848758,13.199
,"2006","2006","8 years","8","Female","F",212,1881597,11.267
,"2006","2006","8 years","8","Male","M",302,1970668,15.325
"Total","2006","2006","8 years","8",,,514,3852265,13.343
,"2006","2006","9 years","9","Female","F",210,1906898,11.013
,"2006","2006","9 years","9","Male","M",272,1994856,13.635
"Total","2006","2006","9 years","9",,,482,3901754,12.353
,"2006","2006","10 years","10","Female","F",228,2012412,11.330
,"2006","2006","10 years","10","Male","M",283,2108693,13.421
"Total","2006","2006","10 years","10",,,511,4121105,12.400
,"2006","2006","11 years","11","Female","F",226,2020446,11.186
,"2006","2006","11 years","11","Male","M",344,2121524,16.215
"Total","2006","2006","11 years","11",,,570,4141970,13.762
,"2006","2006","12 years","12","Female","F",241,2048001,11.768
,"2006","2006","12 years","12","Male","M",342,2148879,15.915
"Total","2006","2006","12 years","12",,,583,4196880,13.891
,"2006","2006","13 years","13","Female","F",290,2078526,13.952
,"2006","2006","13 years","13","Male","M",468,2186207,21.407
"Total","2006","2006","13 years","13",,,758,4264733,17.774
,"2006","2006","14 years","14","Female","F",355,2102559,16.884
,"2006","2006","14 years","14","Male","M",637,2205891,28.877
"Total","2006","2006","14 years","14",,,992,4308450,23.025
,"2006","2006","15 years","15","Female","F",475,2146323,22.131
,"2006","2006","15 years","15","Male","M",939,2260192,41.545
"Total","2006","2006","15 years","15",,,1414,4406515,32.089
,"2006","2006","16 years","16","Female","F",705,2187586,32.227
,"2006","2006","16 years","16","Male","M",1447,2315411,62.494
"Total","2006","2006","16 years","16",,,2152,4502997,47.790
,"2006","2006","17 years","17","Female","F",766,2100214,36.472
,"2006","2006","17 years","17","Male","M",1958,2231279,87.752
"Total","2006","2006","17 years","17",,,2724,4331493,62.888
,"2006","2006","18 years","18","Female","F",907,2088493,43.428
,"2006","2006","18 years","18","Male","M",2632,2212557,118.957
"Total","2006","2006","18 years","18",,,3539,4301050,82.282
,"2006","2006","19 years","19","Female","F",968,2074677,46.658
,"2006","2006","19 years","19","Male","M",2942,2190977,134.278
"Total","2006","2006","19 years","19",,,3910,4265654,91.662
,"2006","2006","20 years","20","Female","F",918,2063126,44.496
,"2006","2006","20 years","20","Male","M",3087,2184969,141.283
"Total","2006","2006","20 years","20",,,4005,4248095,94.278
,"2006","2006","21 years","21","Female","F",1060,2067384,51.273
,"2006","2006","21 years","21","Male","M",3293,2191406,150.269
"Total","2006","2006","21 years","21",,,4353,4258790,102.212
,"2006","2006","22 years","22","Female","F",968,2009498,48.171
,"2006","2006","22 years","22","Male","M",3189,2132034,149.575
"Total","2006","2006","22 years","22",,,4157,4141532,100.373
,"2006","2006","23 years","23","Female","F",961,2036060,47.199
,"2006","2006","23 years","23","Male","M",3314,2150367,154.113
"Total","2006","2006","23 years","23",,,4275,4186427,102.116
,"2006","2006","24 years","24","Female","F",1089,2062716,52.794
,"2006","2006","24 years","24","Male","M",3269,2138575,152.859
"Total","2006","2006","24 years","24",,,4358,4201291,103.730
,"2006","2006","25 years","25","Female","F",1092,2115632,51.616
,"2006","2006","25 years","25","Male","M",3253,2139011,152.080
"Total","2006","2006","25 years","25",,,4345,4254643,102.124
,"2006","2006","26 years","26","Female","F",1121,2090828,53.615
,"2006","2006","26 years","26","Male","M",3095,2095497,147.698
"Total","2006","2006","26 years","26",,,4216,4186325,100.709
,"2006","2006","27 years","27","Female","F",1198,1999674,59.910
,"2006","2006","27 years","27","Male","M",3078,2004824,153.530
"Total","2006","2006","27 years","27",,,4276,4004498,106.780
,"2006","2006","28 years","28","Female","F",1101,1925997,57.165
,"2006","2006","28 years","28","Male","M",2875,1948157,147.575
"Total","2006","2006","28 years","28",,,3976,3874154,102.629
,"2006","2006","29 years","29","Female","F",1204,1882291,63.965
,"2006","2006","29 years","29","Male","M",2880,1908100,150.935
"Total","2006","2006","29 years","29",,,4084,3790391,107.746
,"2006","2006","30 years","30","Female","F",1182,1870844,63.180
,"2006","2006","30 years","30","Male","M",2800,1908207,146.735
"Total","2006","2006","30 years","30",,,3982,3779051,105.370
,"2006","2006","31 years","31","Female","F",1329,1903298,69.826
,"2006","2006","31 years","31","Male","M",2949,1920967,153.516
"Total","2006","2006","31 years","31",,,4278,3824265,111.865
,"2006","2006","32 years","32","Female","F",1380,1882413,73.310
,"2006","2006","32 years","32","Male","M",2861,1890125,151.366
"Total","2006","2006","32 years","32",,,4241,3772538,112.418
,"2006","2006","33 years","33","Female","F",1499,1931252,77.618
,"2006","2006","33 years","33","Male","M",3025,1928913,156.824
"Total","2006","2006","33 years","33",,,4524,3860165,117.197
,"2006","2006","34 years","34","Female","F",1658,2024111,81.913
,"2006","2006","34 years","34","Male","M",3372,2025038,166.515
"Total","2006","2006","34 years","34",,,5030,4049149,124.224
,"2006","2006","35 years","35","Female","F",1959,2153617,90.963
,"2006","2006","35 years","35","Male","M",3794,2148987,176.548
"Total","2006","2006","35 years","35",,,5753,4302604,133.710
,"2006","2006","36 years","36","Female","F",2117,2184485,96.911
,"2006","2006","36 years","36","Male","M",3778,2196017,172.039
"Total","2006","2006","36 years","36",,,5895,4380502,134.574
,"2006","2006","37 years","37","Female","F",2175,2066577,105.247
,"2006","2006","37 years","37","Male","M",3872,2059996,187.962
"Total","2006","2006","37 years","37",,,6047,4126573,146.538
,"2006","2006","38 years","38","Female","F",2387,2035923,117.244
,"2006","2006","38 years","38","Male","M",4158,2020763,205.764
"Total","2006","2006","38 years","38",,,6545,4056686,161.339
,"2006","2006","39 years","39","Female","F",2730,2048846,133.246
,"2006","2006","39 years","39","Male","M",4529,2026022,223.542
"Total","2006","2006","39 years","39",,,7259,4074868,178.141
,"2006","2006","40 years","40","Female","F",2953,2102820,140.430
,"2006","2006","40 years","40","Male","M",5122,2081774,246.040
"Total","2006","2006","40 years","40",,,8075,4184594,192.970
,"2006","2006","41 years","41","Female","F",3436,2252637,152.532
,"2006","2006","41 years","41","Male","M",5701,2235552,255.015
"Total","2006","2006","41 years","41",,,9137,4488189,203.579
,"2006","2006","42 years","42","Female","F",3957,2294736,172.438
,"2006","2006","42 years","42","Male","M",6528,2257544,289.164
"Total","2006","2006","42 years","42",,,10485,4552280,230.324
,"2006","2006","43 years","43","Female","F",4400,2297856,191.483
,"2006","2006","43 years","43","Male","M",7107,2246886,316.304
"Total","2006","2006","43 years","43",,,11507,4544742,253.194
,"2006","2006","44 years","44","Female","F",4779,2290114,208.680
,"2006","2006","44 years","44","Male","M",7561,2242649,337.146
"Total","2006","2006","44 years","44",,,12340,4532763,272.240
,"2006","2006","45 years","45","Female","F",5242,2318320,226.112
,"2006","2006","45 years","45","Male","M",8314,2255226,368.655
"Total","2006","2006","45 years","45",,,13556,4573546,296.400
,"2006","2006","46 years","46","Female","F",5527,2359182,234.276
,"2006","2006","46 years","46","Male","M",8989,2322962,386.963
"Total","2006","2006","46 years","46",,,14516,4682144,310.029
,"2006","2006","47 years","47","Female","F",6038,2282479,264.537
,"2006","2006","47 years","47","Male","M",9752,2223663,438.556
"Total","2006","2006","47 years","47",,,15790,4506142,350.411
,"2006","2006","48 years","48","Female","F",6516,2278808,285.939
,"2006","2006","48 years","48","Male","M",10668,2216534,481.292
"Total","2006","2006","48 years","48",,,17184,4495342,382.262
,"2006","2006","49 years","49","Female","F",6927,2266666,305.603
,"2006","2006","49 years","49","Male","M",11295,2191446,515.413
"Total","2006","2006","49 years","49",,,18222,4458112,408.738
,"2006","2006","50 years","50","Female","F",7190,2175011,330.573
,"2006","2006","50 years","50","Male","M",11991,2089893,573.761
"Total","2006","2006","50 years","50",,,19181,4264904,449.740
,"2006","2006","51 years","51","Female","F",7601,2194302,346.397
,"2006","2006","51 years","51","Male","M",12611,2125890,593.210
"Total","2006","2006","51 years","51",,,20212,4320192,467.850
,"2006","2006","52 years","52","Female","F",7965,2104762,378.428
,"2006","2006","52 years","52","Male","M",13362,2010094,664.745
"Total","2006","2006","52 years","52",,,21327,4114856,518.293
,"2006","2006","53 years","53","Female","F",8187,2046556,400.038
,"2006","2006","53 years","53","Male","M",13901,1949539,713.040
"Total","2006","2006","53 years","53",,,22088,3996095,552.740
,"2006","2006","54 years","54","Female","F",8666,1985489,436.467
,"2006","2006","54 years","54","Male","M",14289,1889337,756.297
"Total","2006","2006","54 years","54",,,22955,3874826,592.414
,"2006","2006","55 years","55","Female","F",8979,1928603,465.570
,"2006","2006","55 years","55","Male","M",14662,1816409,807.197
"Total","2006","2006","55 years","55",,,23641,3745012,631.266
,"2006","2006","56 years","56","Female","F",9397,1930335,486.807
,"2006","2006","56 years","56","Male","M",15155,1830564,827.887
"Total","2006","2006","56 years","56",,,24552,3760899,652.823
,"2006","2006","57 years","57","Female","F",10088,1855370,543.719
,"2006","2006","57 years","57","Male","M",15926,1746603,911.827
"Total","2006","2006","57 years","57",,,26014,3601973,722.215
,"2006","2006","58 years","58","Female","F",11030,1839667,599.565
,"2006","2006","58 years","58","Male","M",17295,1728992,1000.294
"Total","2006","2006","58 years","58",,,28325,3568659,793.716
,"2006","2006","59 years","59","Female","F",12186,1919090,634.988
,"2006","2006","59 years","59","Male","M",18335,1801227,1017.917
"Total","2006","2006","59 years","59",,,30521,3720317,820.387
,"2006","2006","60 years","60","Female","F",10567,1430756,738.561
,"2006","2006","60 years","60","Male","M",15732,1326336,1186.125
"Total","2006","2006","60 years","60",,,26299,2757092,953.867
,"2006","2006","61 years","61","Female","F",11048,1441590,766.376
,"2006","2006","61 years","61","Male","M",16062,1335279,1202.895
"Total","2006","2006","61 years","61",,,27110,2776869,976.279
,"2006","2006","62 years","62","Female","F",12271,1422085,862.888
,"2006","2006","62 years","62","Male","M",17719,1303566,1359.271
"Total","2006","2006","62 years","62",,,29990,2725651,1100.288
,"2006","2006","63 years","63","Female","F",13679,1469890,930.614
,"2006","2006","63 years","63","Male","M",19467,1340312,1452.423
"Total","2006","2006","63 years","63",,,33146,2810202,1179.488
,"2006","2006","64 years","64","Female","F",13169,1294668,1017.172
,"2006","2006","64 years","64","Male","M",18634,1168771,1594.324
"Total","2006","2006","64 years","64",,,31803,2463439,1291.000
,"2006","2006","65 years","65","Female","F",13386,1208196,1107.933
,"2006","2006","65 years","65","Male","M",18502,1077812,1716.626
"Total","2006","2006","65 years","65",,,31888,2286008,1394.921
,"2006","2006","66 years","66","Female","F",13688,1171707,1168.210
,"2006","2006","66 years","66","Male","M",18994,1042044,1822.764
"Total","2006","2006","66 years","66",,,32682,2213751,1476.318
,"2006","2006","67 years","67","Female","F",14652,1112106,1317.500
,"2006","2006","67 years","67","Male","M",19825,986584,2009.459
"Total","2006","2006","67 years","67",,,34477,2098690,1642.787
,"2006","2006","68 years","68","Female","F",15387,1090864,1410.533
,"2006","2006","68 years","68","Male","M",20328,953381,2132.201
"Total","2006","2006","68 years","68",,,35715,2044245,1747.100
,"2006","2006","69 years","69","Female","F",16049,1026329,1563.729
,"2006","2006","69 years","69","Male","M",21072,884178,2383.231
"Total","2006","2006","69 years","69",,,37121,1910507,1942.992
,"2006","2006","70 years","70","Female","F",17405,1000140,1740.256
,"2006","2006","70 years","70","Male","M",21828,848416,2572.794
"Total","2006","2006","70 years","70",,,39233,1848556,2122.359
,"2006","2006","71 years","71","Female","F",18621,1005603,1851.725
,"2006","2006","71 years","71","Male","M",23053,843344,2733.523
"Total","2006","2006","71 years","71",,,41674,1848947,2253.932
,"2006","2006","72 years","72","Female","F",19073,917086,2079.740
,"2006","2006","72 years","72","Male","M",23260,755357,3079.339
"Total","2006","2006","72 years","72",,,42333,1672443,2531.207
,"2006","2006","73 years","73","Female","F",21009,917734,2289.225
,"2006","2006","73 years","73","Male","M",24888,743108,3349.177
"Total","2006","2006","73 years","73",,,45897,1660842,2763.478
,"2006","2006","74 years","74","Female","F",22658,900873,2515.116
,"2006","2006","74 years","74","Male","M",26415,718165,3678.124
"Total","2006","2006","74 years","74",,,49073,1619038,3030.997
,"2006","2006","75 years","75","Female","F",24334,884121,2752.338
,"2006","2006","75 years","75","Male","M",27997,689385,4061.156
"Total","2006","2006","75 years","75",,,52331,1573506,3325.758
,"2006","2006","76 years","76","Female","F",26738,900407,2969.546
,"2006","2006","76 years","76","Male","M",30129,686620,4388.017
"Total","2006","2006","76 years","76",,,56867,1587027,3583.241
,"2006","2006","77 years","77","Female","F",28473,842943,3377.808
,"2006","2006","77 years","77","Male","M",30619,629385,4864.908
"Total","2006","2006","77 years","77",,,59092,1472328,4013.508
,"2006","2006","78 years","78","Female","F",30872,835874,3693.380
,"2006","2006","78 years","78","Male","M",32192,605767,5314.254
"Total","2006","2006","78 years","78",,,63064,1441641,4374.459
,"2006","2006","79 years","79","Female","F",33066,805791,4103.545
,"2006","2006","79 years","79","Male","M",33290,566741,5873.935
"Total","2006","2006","79 years","79",,,66356,1372532,4834.569
,"2006","2006","80 years","80","Female","F",35153,763565,4603.799
,"2006","2006","80 years","80","Male","M",34018,515325,6601.271
"Total","2006","2006","80 years","80",,,69171,1278890,5408.675
,"2006","2006","81 years","81","Female","F",37674,752401,5007.170
,"2006","2006","81 years","81","Male","M",35082,487526,7195.924
"Total","2006","2006","81 years","81",,,72756,1239927,5867.765
,"2006","2006","82 years","82","Female","F",39944,701199,5696.528
,"2006","2006","82 years","82","Male","M",35188,436936,8053.353
"Total","2006","2006","82 years","82",,,75132,1138135,6601.326
,"2006","2006","83 years","83","Female","F",40601,643892,6305.561
,"2006","2006","83 years","83","Male","M",34416,392892,8759.659
"Total","2006","2006","83 years","83",,,75017,1036784,7235.548
,"2006","2006","84 years","84","Female","F",43168,602492,7164.908
,"2006","2006","84 years","84","Male","M",34384,351889,9771.263
"Total","2006","2006","84 years","84",,,77552,954381,8125.895
,"2006","2006","85 years","85","Female","F",43864,Not Applicable,Not Applicable
,"2006","2006","85 years","85","Male","M",33370,Not Applicable,Not Applicable
"Total","2006","2006","85 years","85",,,77234,Not Applicable,Not Applicable
,"2006","2006","86 years","86","Female","F",43727,Not Applicable,Not Applicable
,"2006","2006","86 years","86","Male","M",31193,Not Applicable,Not Applicable
"Total","2006","2006","86 years","86",,,74920,Not Applicable,Not Applicable
,"2006","2006","87 years","87","Female","F",41384,Not Applicable,Not Applicable
,"2006","2006","87 years","87","Male","M",27666,Not Applicable,Not Applicable
"Total","2006","2006","87 years","87",,,69050,Not Applicable,Not Applicable
,"2006","2006","88 years","88","Female","F",41526,Not Applicable,Not Applicable
,"2006","2006","88 years","88","Male","M",26404,Not Applicable,Not Applicable
"Total","2006","2006","88 years","88",,,67930,Not Applicable,Not Applicable
,"2006","2006","89 years","89","Female","F",39802,Not Applicable,Not Applicable
,"2006","2006","89 years","89","Male","M",23176,Not Applicable,Not Applicable
"Total","2006","2006","89 years","89",,,62978,Not Applicable,Not Applicable
,"2006","2006","90 years","90","Female","F",38189,Not Applicable,Not Applicable
,"2006","2006","90 years","90","Male","M",20438,Not Applicable,Not Applicable
"Total","2006","2006","90 years","90",,,58627,Not Applicable,Not Applicable
,"2006","2006","91 years","91","Female","F",36345,Not Applicable,Not Applicable
,"2006","2006","91 years","91","Male","M",18014,Not Applicable,Not Applicable
"Total","2006","2006","91 years","91",,,54359,Not Applicable,Not Applicable
,"2006","2006","92 years","92","Female","F",33442,Not Applicable,Not Applicable
,"2006","2006","92 years","92","Male","M",15118,Not Applicable,Not Applicable
"Total","2006","2006","92 years","92",,,48560,Not Applicable,Not Applicable
,"2006","2006","93 years","93","Female","F",29582,Not Applicable,Not Applicable
,"2006","2006","93 years","93","Male","M",12264,Not Applicable,Not Applicable
"Total","2006","2006","93 years","93",,,41846,Not Applicable,Not Applicable
,"2006","2006","94 years","94","Female","F",25290,Not Applicable,Not Applicable
,"2006","2006","94 years","94","Male","M",9680,Not Applicable,Not Applicable
"Total","2006","2006","94 years","94",,,34970,Not Applicable,Not Applicable
,"2006","2006","95 years","95","Female","F",21488,Not Applicable,Not Applicable
,"2006","2006","95 years","95","Male","M",7287,Not Applicable,Not Applicable
"Total","2006","2006","95 years","95",,,28775,Not Applicable,Not Applicable
,"2006","2006","96 years","96","Female","F",17335,Not Applicable,Not Applicable
,"2006","2006","96 years","96","Male","M",5438,Not Applicable,Not Applicable
"Total","2006","2006","96 years","96",,,22773,Not Applicable,Not Applicable
,"2006","2006","97 years","97","Female","F",13678,Not Applicable,Not Applicable
,"2006","2006","97 years","97","Male","M",3913,Not Applicable,Not Applicable
"Total","2006","2006","97 years","97",,,17591,Not Applicable,Not Applicable
,"2006","2006","98 years","98","Female","F",10855,Not Applicable,Not Applicable
,"2006","2006","98 years","98","Male","M",2735,Not Applicable,Not Applicable
"Total","2006","2006","98 years","98",,,13590,Not Applicable,Not Applicable
,"2006","2006","99 years","99","Female","F",7712,Not Applicable,Not Applicable
,"2006","2006","99 years","99","Male","M",1795,Not Applicable,Not Applicable
"Total","2006","2006","99 years","99",,,9507,Not Applicable,Not Applicable
,"2006","2006","100+ years","100","Female","F",16195,Not Applicable,Not Applicable
,"2006","2006","100+ years","100","Male","M",3087,Not Applicable,Not Applicable
"Total","2006","2006","100+ years","100",,,19282,Not Applicable,Not Applicable
,"2006","2006","Not Stated","NS","Female","F",49,Not Applicable,Not Applicable
,"2006","2006","Not Stated","NS","Male","M",171,Not Applicable,Not Applicable
"Total","2006","2006","Not Stated","NS",,,220,Not Applicable,Not Applicable
"Total","2006","2006",,,,,2426264,298379912,813.146
,"2007","2007","< 1 year","0","Female","F",12845,2027181,633.639
,"2007","2007","< 1 year","0","Male","M",16293,2120816,768.242
"Total","2007","2007","< 1 year","0",,,29138,4147997,702.460
,"2007","2007","1 year","1","Female","F",884,1958096,45.146
,"2007","2007","1 year","1","Male","M",1056,2044119,51.660
"Total","2007","2007","1 year","1",,,1940,4002215,48.473
,"2007","2007","2 years","2","Female","F",513,1942309,26.412
,"2007","2007","2 years","2","Male","M",665,2031170,32.740
"Total","2007","2007","2 years","2",,,1178,3973479,29.647
,"2007","2007","3 years","3","Female","F",381,1958867,19.450
,"2007","2007","3 years","3","Male","M",501,2045144,24.497
"Total","2007","2007","3 years","3",,,882,4004011,22.028
,"2007","2007","4 years","4","Female","F",291,1953816,14.894
,"2007","2007","4 years","4","Male","M",412,2044444,20.152
"Total","2007","2007","4 years","4",,,703,3998260,17.583
,"2007","2007","5 years","5","Female","F",250,1955007,12.788
,"2007","2007","5 years","5","Male","M",345,2038482,16.924
"Total","2007","2007","5 years","5",,,595,3993489,14.899
,"2007","2007","6 years","6","Female","F",256,1981981,12.916
,"2007","2007","6 years","6","Male","M",314,2064421,15.210
"Total","2007","2007","6 years","6",,,570,4046402,14.087
,"2007","2007","7 years","7","Female","F",231,1913487,12.072
,"2007","2007","7 years","7","Male","M",297,2001256,14.841
"Total","2007","2007","7 years","7",,,528,3914743,13.487
,"2007","2007","8 years","8","Female","F",230,1887870,12.183
,"2007","2007","8 years","8","Male","M",281,1975219,14.226
"Total","2007","2007","8 years","8",,,511,3863089,13.228
,"2007","2007","9 years","9","Female","F",225,1902338,11.828
,"2007","2007","9 years","9","Male","M",282,1994550,14.139
"Total","2007","2007","9 years","9",,,507,3896888,13.010
,"2007","2007","10 years","10","Female","F",244,1992946,12.243
,"2007","2007","10 years","10","Male","M",307,2082772,14.740
"Total","2007","2007","10 years","10",,,551,4075718,13.519
,"2007","2007","11 years","11","Female","F",212,2005151,10.573
,"2007","2007","11 years","11","Male","M",323,2101341,15.371
"Total","2007","2007","11 years","11",,,535,4106492,13.028
,"2007","2007","12 years","12","Female","F",243,2044995,11.883
,"2007","2007","12 years","12","Male","M",347,2147007,16.162
"Total","2007","2007","12 years","12",,,590,4192002,14.074
,"2007","2007","13 years","13","Female","F",319,2052707,15.540
,"2007","2007","13 years","13","Male","M",462,2154619,21.442
"Total","2007","2007","13 years","13",,,781,4207326,18.563
,"2007","2007","14 years","14","Female","F",352,2074283,16.970
,"2007","2007","14 years","14","Male","M",627,2185221,28.693
"Total","2007","2007","14 years","14",,,979,4259504,22.984
,"2007","2007","15 years","15","Female","F",469,2127798,22.042
,"2007","2007","15 years","15","Male","M",903,2236697,40.372
"Total","2007","2007","15 years","15",,,1372,4364495,31.435
,"2007","2007","16 years","16","Female","F",672,2165619,31.030
,"2007","2007","16 years","16","Male","M",1337,2286631,58.470
"Total","2007","2007","16 years","16",,,2009,4452250,45.123
,"2007","2007","17 years","17","Female","F",746,2191076,34.047
,"2007","2007","17 years","17","Male","M",1847,2329969,79.271
"Total","2007","2007","17 years","17",,,2593,4521045,57.354
,"2007","2007","18 years","18","Female","F",928,2135140,43.463
,"2007","2007","18 years","18","Male","M",2576,2259498,114.008
"Total","2007","2007","18 years","18",,,3504,4394638,79.734
,"2007","2007","19 years","19","Female","F",926,2111693,43.851
,"2007","2007","19 years","19","Male","M",2895,2223695,130.189
"Total","2007","2007","19 years","19",,,3821,4335388,88.135
,"2007","2007","20 years","20","Female","F",904,2067209,43.730
,"2007","2007","20 years","20","Male","M",2865,2175195,131.712
"Total","2007","2007","20 years","20",,,3769,4242404,88.841
,"2007","2007","21 years","21","Female","F",1004,2072600,48.442
,"2007","2007","21 years","21","Male","M",3183,2184771,145.690
"Total","2007","2007","21 years","21",,,4187,4257371,98.347
,"2007","2007","22 years","22","Female","F",974,2060669,47.266
,"2007","2007","22 years","22","Male","M",3335,2175374,153.307
"Total","2007","2007","22 years","22",,,4309,4236043,101.722
,"2007","2007","23 years","23","Female","F",1004,2018612,49.737
,"2007","2007","23 years","23","Male","M",3109,2125328,146.283
"Total","2007","2007","23 years","23",,,4113,4143940,99.253
,"2007","2007","24 years","24","Female","F",1039,2051073,50.656
,"2007","2007","24 years","24","Male","M",3266,2147168,152.107
"Total","2007","2007","24 years","24",,,4305,4198241,102.543
,"2007","2007","25 years","25","Female","F",1055,2094993,50.358
,"2007","2007","25 years","25","Male","M",3074,2150579,142.938
"Total","2007","2007","25 years","25",,,4129,4245572,97.254
,"2007","2007","26 years","26","Female","F",1171,2111654,55.454
,"2007","2007","26 years","26","Male","M",3062,2111196,145.036
"Total","2007","2007","26 years","26",,,4233,4222850,100.240
,"2007","2007","27 years","27","Female","F",1145,2118406,54.050
,"2007","2007","27 years","27","Male","M",3081,2105989,146.297
"Total","2007","2007","27 years","27",,,4226,4224395,100.038
,"2007","2007","28 years","28","Female","F",1190,1992509,59.724
,"2007","2007","28 years","28","Male","M",2970,2007290,147.961
"Total","2007","2007","28 years","28",,,4160,3999799,104.005
,"2007","2007","29 years","29","Female","F",1263,1911697,66.067
,"2007","2007","29 years","29","Male","M",2920,1938385,150.641
"Total","2007","2007","29 years","29",,,4183,3850082,108.647
,"2007","2007","30 years","30","Female","F",1222,1929353,63.337
,"2007","2007","30 years","30","Male","M",2895,1965174,147.315
"Total","2007","2007","30 years","30",,,4117,3894527,105.712
,"2007","2007","31 years","31","Female","F",1282,1855504,69.092
,"2007","2007","31 years","31","Male","M",2820,1869108,150.874
"Total","2007","2007","31 years","31",,,4102,3724612,110.132
,"2007","2007","32 years","32","Female","F",1410,1944828,72.500
,"2007","2007","32 years","32","Male","M",2853,1954635,145.961
"Total","2007","2007","32 years","32",,,4263,3899463,109.323
,"2007","2007","33 years","33","Female","F",1411,1890567,74.634
,"2007","2007","33 years","33","Male","M",2928,1890360,154.891
"Total","2007","2007","33 years","33",,,4339,3780927,114.760
,"2007","2007","34 years","34","Female","F",1631,1939082,84.112
,"2007","2007","34 years","34","Male","M",3189,1932154,165.049
"Total","2007","2007","34 years","34",,,4820,3871236,124.508
,"2007","2007","35 years","35","Female","F",1889,2040888,92.558
,"2007","2007","35 years","35","Male","M",3420,2042845,167.414
"Total","2007","2007","35 years","35",,,5309,4083733,130.004
,"2007","2007","36 years","36","Female","F",2059,2160312,95.310
,"2007","2007","36 years","36","Male","M",3778,2142266,176.355
"Total","2007","2007","36 years","36",,,5837,4302578,135.663
,"2007","2007","37 years","37","Female","F",2189,2184832,100.191
,"2007","2007","37 years","37","Male","M",4066,2185701,186.027
"Total","2007","2007","37 years","37",,,6255,4370533,143.118
,"2007","2007","38 years","38","Female","F",2417,2074052,116.535
,"2007","2007","38 years","38","Male","M",4181,2062939,202.672
"Total","2007","2007","38 years","38",,,6598,4136991,159.488
,"2007","2007","39 years","39","Female","F",2572,2042755,125.908
,"2007","2007","39 years","39","Male","M",4310,2027301,212.598
"Total","2007","2007","39 years","39",,,6882,4070056,169.089
,"2007","2007","40 years","40","Female","F",2900,2050266,141.445
,"2007","2007","40 years","40","Male","M",4707,2021075,232.896
"Total","2007","2007","40 years","40",,,7607,4071341,186.843
,"2007","2007","41 years","41","Female","F",3149,2111306,149.149
,"2007","2007","41 years","41","Male","M",5326,2090954,254.716
"Total","2007","2007","41 years","41",,,8475,4202260,201.677
,"2007","2007","42 years","42","Female","F",3540,2251520,157.227
,"2007","2007","42 years","42","Male","M",6006,2233912,268.856
"Total","2007","2007","42 years","42",,,9546,4485432,212.822
,"2007","2007","43 years","43","Female","F",4159,2301759,180.688
,"2007","2007","43 years","43","Male","M",6773,2258746,299.857
"Total","2007","2007","43 years","43",,,10932,4560505,239.710
,"2007","2007","44 years","44","Female","F",4627,2284312,202.556
,"2007","2007","44 years","44","Male","M",7538,2228489,338.256
"Total","2007","2007","44 years","44",,,12165,4512801,269.567
,"2007","2007","45 years","45","Female","F",4926,2286767,215.413
,"2007","2007","45 years","45","Male","M",8145,2233025,364.752
"Total","2007","2007","45 years","45",,,13071,4519792,289.195
,"2007","2007","46 years","46","Female","F",5502,2325773,236.567
,"2007","2007","46 years","46","Male","M",8975,2266159,396.045
"Total","2007","2007","46 years","46",,,14477,4591932,315.270
,"2007","2007","47 years","47","Female","F",6149,2367220,259.756
,"2007","2007","47 years","47","Male","M",9494,2326976,407.997
"Total","2007","2007","47 years","47",,,15643,4694196,333.241
,"2007","2007","48 years","48","Female","F",6521,2277094,286.374
,"2007","2007","48 years","48","Male","M",10187,2210559,460.834
"Total","2007","2007","48 years","48",,,16708,4487653,372.310
,"2007","2007","49 years","49","Female","F",6736,2285359,294.746
,"2007","2007","49 years","49","Male","M",11103,2220829,499.948
"Total","2007","2007","49 years","49",,,17839,4506188,395.878
,"2007","2007","50 years","50","Female","F",7425,2256393,329.065
,"2007","2007","50 years","50","Male","M",11935,2170086,549.978
"Total","2007","2007","50 years","50",,,19360,4426479,437.368
,"2007","2007","51 years","51","Female","F",7871,2189912,359.421
,"2007","2007","51 years","51","Male","M",12752,2105021,605.790
"Total","2007","2007","51 years","51",,,20623,4294933,480.170
,"2007","2007","52 years","52","Female","F",8025,2185395,367.211
,"2007","2007","52 years","52","Male","M",13327,2107225,632.443
"Total","2007","2007","52 years","52",,,21352,4292620,497.412
,"2007","2007","53 years","53","Female","F",8282,2110678,392.386
,"2007","2007","53 years","53","Male","M",14169,2014300,703.421
"Total","2007","2007","53 years","53",,,22451,4124978,544.270
,"2007","2007","54 years","54","Female","F",8793,2053371,428.223
,"2007","2007","54 years","54","Male","M",14369,1947797,737.705
"Total","2007","2007","54 years","54",,,23162,4001168,578.881
,"2007","2007","55 years","55","Female","F",9030,1970420,458.278
,"2007","2007","55 years","55","Male","M",15224,1859281,818.811
"Total","2007","2007","55 years","55",,,24254,3829701,633.313
,"2007","2007","56 years","56","Female","F",9446,1936853,487.698
,"2007","2007","56 years","56","Male","M",15509,1824531,850.027
"Total","2007","2007","56 years","56",,,24955,3761384,663.453
,"2007","2007","57 years","57","Female","F",10007,1920539,521.052
,"2007","2007","57 years","57","Male","M",16272,1814344,896.853
"Total","2007","2007","57 years","57",,,26279,3734883,703.610
,"2007","2007","58 years","58","Female","F",10676,1852510,576.299
,"2007","2007","58 years","58","Male","M",16828,1736443,969.108
"Total","2007","2007","58 years","58",,,27504,3588953,766.352
,"2007","2007","59 years","59","Female","F",11709,1829151,640.133
,"2007","2007","59 years","59","Male","M",17757,1710700,1037.996
"Total","2007","2007","59 years","59",,,29466,3539851,832.408
,"2007","2007","60 years","60","Female","F",12785,1893411,675.236
,"2007","2007","60 years","60","Male","M",19256,1766043,1090.347
"Total","2007","2007","60 years","60",,,32041,3659454,875.568
,"2007","2007","61 years","61","Female","F",10996,1441286,762.930
,"2007","2007","61 years","61","Male","M",16407,1334516,1229.434
"Total","2007","2007","61 years","61",,,27403,2775802,987.210
,"2007","2007","62 years","62","Female","F",11759,1435809,818.981
,"2007","2007","62 years","62","Male","M",17045,1322109,1289.228
"Total","2007","2007","62 years","62",,,28804,2757918,1044.411
,"2007","2007","63 years","63","Female","F",12827,1417309,905.025
,"2007","2007","63 years","63","Male","M",18821,1294016,1454.464
"Total","2007","2007","63 years","63",,,31648,2711325,1167.252
,"2007","2007","64 years","64","Female","F",14257,1451383,982.304
,"2007","2007","64 years","64","Male","M",20499,1317780,1555.571
"Total","2007","2007","64 years","64",,,34756,2769163,1255.108
,"2007","2007","65 years","65","Female","F",14160,1290637,1097.133
,"2007","2007","65 years","65","Male","M",19641,1155119,1700.344
"Total","2007","2007","65 years","65",,,33801,2445756,1382.027
,"2007","2007","66 years","66","Female","F",14065,1195702,1176.296
,"2007","2007","66 years","66","Male","M",19431,1061969,1829.714
"Total","2007","2007","66 years","66",,,33496,2257671,1483.653
,"2007","2007","67 years","67","Female","F",14638,1162703,1258.963
,"2007","2007","67 years","67","Male","M",19643,1028624,1909.639
"Total","2007","2007","67 years","67",,,34281,2191327,1564.395
,"2007","2007","68 years","68","Female","F",15231,1099908,1384.752
,"2007","2007","68 years","68","Male","M",20371,968187,2104.036
"Total","2007","2007","68 years","68",,,35602,2068095,1721.488
,"2007","2007","69 years","69","Female","F",16405,1075855,1524.834
,"2007","2007","69 years","69","Male","M",21406,931531,2297.937
"Total","2007","2007","69 years","69",,,37811,2007386,1883.594
,"2007","2007","70 years","70","Female","F",16819,1003987,1675.221
,"2007","2007","70 years","70","Male","M",21522,856729,2512.113
"Total","2007","2007","70 years","70",,,38341,1860716,2060.551
,"2007","2007","71 years","71","Female","F",17972,990705,1814.062
,"2007","2007","71 years","71","Male","M",22715,836079,2716.849
"Total","2007","2007","71 years","71",,,40687,1826784,2227.247
,"2007","2007","72 years","72","Female","F",19752,983890,2007.541
,"2007","2007","72 years","72","Male","M",23861,815065,2927.497
"Total","2007","2007","72 years","72",,,43613,1798955,2424.352
,"2007","2007","73 years","73","Female","F",20062,899567,2230.184
,"2007","2007","73 years","73","Male","M",24272,734155,3306.114
"Total","2007","2007","73 years","73",,,44334,1633722,2713.681
,"2007","2007","74 years","74","Female","F",21790,892848,2440.505
,"2007","2007","74 years","74","Male","M",25482,715467,3561.590
"Total","2007","2007","74 years","74",,,47272,1608315,2939.225
,"2007","2007","75 years","75","Female","F",23853,870058,2741.541
,"2007","2007","75 years","75","Male","M",27202,683039,3982.496
"Total","2007","2007","75 years","75",,,51055,1553097,3287.303
,"2007","2007","76 years","76","Female","F",25738,866442,2970.539
,"2007","2007","76 years","76","Male","M",28631,668782,4281.066
"Total","2007","2007","76 years","76",,,54369,1535224,3541.438
,"2007","2007","77 years","77","Female","F",27948,869410,3214.594
,"2007","2007","77 years","77","Male","M",30303,652493,4644.188
"Total","2007","2007","77 years","77",,,58251,1521903,3827.511
,"2007","2007","78 years","78","Female","F",29593,815742,3627.740
,"2007","2007","78 years","78","Male","M",30986,599072,5172.333
"Total","2007","2007","78 years","78",,,60579,1414814,4281.764
,"2007","2007","79 years","79","Female","F",32228,803572,4010.593
,"2007","2007","79 years","79","Male","M",32547,571753,5692.493
"Total","2007","2007","79 years","79",,,64775,1375325,4709.796
,"2007","2007","80 years","80","Female","F",34090,765528,4453.136
,"2007","2007","80 years","80","Male","M",33696,527247,6390.933
"Total","2007","2007","80 years","80",,,67786,1292775,5243.449
,"2007","2007","81 years","81","Female","F",36468,732857,4976.141
,"2007","2007","81 years","81","Male","M",34094,483736,7048.059
"Total","2007","2007","81 years","81",,,70562,1216593,5799.968
,"2007","2007","82 years","82","Female","F",39400,710665,5544.103
,"2007","2007","82 years","82","Male","M",34585,448157,7717.162
"Total","2007","2007","82 years","82",,,73985,1158822,6384.501
,"2007","2007","83 years","83","Female","F",40894,661644,6180.665
,"2007","2007","83 years","83","Male","M",34565,403576,8564.682
"Total","2007","2007","83 years","83",,,75459,1065220,7083.889
,"2007","2007","84 years","84","Female","F",41667,598573,6961.056
,"2007","2007","84 years","84","Male","M",34194,355093,9629.590
"Total","2007","2007","84 years","84",,,75861,953666,7954.672
,"2007","2007","85 years","85","Female","F",43943,Not Applicable,Not Applicable
,"2007","2007","85 years","85","Male","M",33889,Not Applicable,Not Applicable
"Total","2007","2007","85 years","85",,,77832,Not Applicable,Not Applicable
,"2007","2007","86 years","86","Female","F",44588,Not Applicable,Not Applicable
,"2007","2007","86 years","86","Male","M",32478,Not Applicable,Not Applicable
"Total","2007","2007","86 years","86",,,77066,Not Applicable,Not Applicable
,"2007","2007","87 years","87","Female","F",43320,Not Applicable,Not Applicable
,"2007","2007","87 years","87","Male","M",29683,Not Applicable,Not Applicable
"Total","2007","2007","87 years","87",,,73003,Not Applicable,Not Applicable
,"2007","2007","88 years","88","Female","F",41079,Not Applicable,Not Applicable
,"2007","2007","88 years","88","Male","M",25889,Not Applicable,Not Applicable
"Total","2007","2007","88 years","88",,,66968,Not Applicable,Not Applicable
,"2007","2007","89 years","89","Female","F",40180,Not Applicable,Not Applicable
,"2007","2007","89 years","89","Male","M",24175,Not Applicable,Not Applicable
"Total","2007","2007","89 years","89",,,64355,Not Applicable,Not Applicable
,"2007","2007","90 years","90","Female","F",37916,Not Applicable,Not Applicable
,"2007","2007","90 years","90","Male","M",21012,Not Applicable,Not Applicable
"Total","2007","2007","90 years","90",,,58928,Not Applicable,Not Applicable
,"2007","2007","91 years","91","Female","F",35916,Not Applicable,Not Applicable
,"2007","2007","91 years","91","Male","M",18120,Not Applicable,Not Applicable
"Total","2007","2007","91 years","91",,,54036,Not Applicable,Not Applicable
,"2007","2007","92 years","92","Female","F",33266,Not Applicable,Not Applicable
,"2007","2007","92 years","92","Male","M",15483,Not Applicable,Not Applicable
"Total","2007","2007","92 years","92",,,48749,Not Applicable,Not Applicable
,"2007","2007","93 years","93","Female","F",29661,Not Applicable,Not Applicable
,"2007","2007","93 years","93","Male","M",12787,Not Applicable,Not Applicable
"Total","2007","2007","93 years","93",,,42448,Not Applicable,Not Applicable
,"2007","2007","94 years","94","Female","F",25944,Not Applicable,Not Applicable
,"2007","2007","94 years","94","Male","M",10075,Not Applicable,Not Applicable
"Total","2007","2007","94 years","94",,,36019,Not Applicable,Not Applicable
,"2007","2007","95 years","95","Female","F",21758,Not Applicable,Not Applicable
,"2007","2007","95 years","95","Male","M",7834,Not Applicable,Not Applicable
"Total","2007","2007","95 years","95",,,29592,Not Applicable,Not Applicable
,"2007","2007","96 years","96","Female","F",17467,Not Applicable,Not Applicable
,"2007","2007","96 years","96","Male","M",5445,Not Applicable,Not Applicable
"Total","2007","2007","96 years","96",,,22912,Not Applicable,Not Applicable
,"2007","2007","97 years","97","Female","F",14165,Not Applicable,Not Applicable
,"2007","2007","97 years","97","Male","M",4072,Not Applicable,Not Applicable
"Total","2007","2007","97 years","97",,,18237,Not Applicable,Not Applicable
,"2007","2007","98 years","98","Female","F",10918,Not Applicable,Not Applicable
,"2007","2007","98 years","98","Male","M",2812,Not Applicable,Not Applicable
"Total","2007","2007","98 years","98",,,13730,Not Applicable,Not Applicable
,"2007","2007","99 years","99","Female","F",8067,Not Applicable,Not Applicable
,"2007","2007","99 years","99","Male","M",1939,Not Applicable,Not Applicable
"Total","2007","2007","99 years","99",,,10006,Not Applicable,Not Applicable
,"2007","2007","100+ years","100","Female","F",16593,Not Applicable,Not Applicable
,"2007","2007","100+ years","100","Male","M",3173,Not Applicable,Not Applicable
"Total","2007","2007","100+ years","100",,,19766,Not Applicable,Not Applicable
,"2007","2007","Not Stated","NS","Female","F",45,Not Applicable,Not Applicable
,"2007","2007","Not Stated","NS","Male","M",156,Not Applicable,Not Applicable
"Total","2007","2007","Not Stated","NS",,,201,Not Applicable,Not Applicable
"Total","2007","2007",,,,,2423712,301231207,804.602
,"2008","2008","< 1 year","0","Female","F",12390,2022889,612.490
,"2008","2008","< 1 year","0","Male","M",15669,2109846,742.661
"Total","2008","2008","< 1 year","0",,,28059,4132735,678.945
,"2008","2008","1 year","1","Female","F",866,2005602,43.179
,"2008","2008","1 year","1","Male","M",1101,2095154,52.550
"Total","2008","2008","1 year","1",,,1967,4100756,47.967
,"2008","2008","2 years","2","Female","F",490,1957878,25.027
,"2008","2008","2 years","2","Male","M",679,2046268,33.182
"Total","2008","2008","2 years","2",,,1169,4004146,29.195
,"2008","2008","3 years","3","Female","F",376,1952383,19.259
,"2008","2008","3 years","3","Male","M",520,2039937,25.491
"Total","2008","2008","3 years","3",,,896,3992320,22.443
,"2008","2008","4 years","4","Female","F",305,1975431,15.440
,"2008","2008","4 years","4","Male","M",393,2065739,19.025
"Total","2008","2008","4 years","4",,,698,4041170,17.272
,"2008","2008","5 years","5","Female","F",254,1968133,12.906
,"2008","2008","5 years","5","Male","M",314,2056164,15.271
"Total","2008","2008","5 years","5",,,568,4024297,14.114
,"2008","2008","6 years","6","Female","F",227,1953618,11.619
,"2008","2008","6 years","6","Male","M",270,2034499,13.271
"Total","2008","2008","6 years","6",,,497,3988117,12.462
,"2008","2008","7 years","7","Female","F",216,1995829,10.823
,"2008","2008","7 years","7","Male","M",282,2077462,13.574
"Total","2008","2008","7 years","7",,,498,4073291,12.226
,"2008","2008","8 years","8","Female","F",208,1919626,10.835
,"2008","2008","8 years","8","Male","M",281,2010918,13.974
"Total","2008","2008","8 years","8",,,489,3930544,12.441
,"2008","2008","9 years","9","Female","F",201,1911282,10.517
,"2008","2008","9 years","9","Male","M",249,2002071,12.437
"Total","2008","2008","9 years","9",,,450,3913353,11.499
,"2008","2008","10 years","10","Female","F",210,1999441,10.503
,"2008","2008","10 years","10","Male","M",274,2094239,13.084
"Total","2008","2008","10 years","10",,,484,4093680,11.823
,"2008","2008","11 years","11","Female","F",237,1982889,11.952
,"2008","2008","11 years","11","Male","M",269,2072499,12.979
"Total","2008","2008","11 years","11",,,506,4055388,12.477
,"2008","2008","12 years","12","Female","F",222,2031304,10.929
,"2008","2008","12 years","12","Male","M",347,2128173,16.305
"Total","2008","2008","12 years","12",,,569,4159477,13.680
,"2008","2008","13 years","13","Female","F",260,2048464,12.692
,"2008","2008","13 years","13","Male","M",439,2151552,20.404
"Total","2008","2008","13 years","13",,,699,4200016,16.643
,"2008","2008","14 years","14","Female","F",336,2046376,16.419
,"2008","2008","14 years","14","Male","M",555,2151718,25.793
"Total","2008","2008","14 years","14",,,891,4198094,21.224
,"2008","2008","15 years","15","Female","F",467,2101218,22.225
,"2008","2008","15 years","15","Male","M",836,2217764,37.696
"Total","2008","2008","15 years","15",,,1303,4318982,30.169
,"2008","2008","16 years","16","Female","F",573,2147828,26.678
,"2008","2008","16 years","16","Male","M",1258,2263348,55.581
"Total","2008","2008","16 years","16",,,1831,4411176,41.508
,"2008","2008","17 years","17","Female","F",681,2167548,31.418
,"2008","2008","17 years","17","Male","M",1718,2299512,74.712
"Total","2008","2008","17 years","17",,,2399,4467060,53.704
,"2008","2008","18 years","18","Female","F",844,2230353,37.842
,"2008","2008","18 years","18","Male","M",2433,2357770,103.191
"Total","2008","2008","18 years","18",,,3277,4588123,71.424
,"2008","2008","19 years","19","Female","F",884,2158201,40.960
,"2008","2008","19 years","19","Male","M",2713,2267338,119.656
"Total","2008","2008","19 years","19",,,3597,4425539,81.278
,"2008","2008","20 years","20","Female","F",905,2099954,43.096
,"2008","2008","20 years","20","Male","M",2879,2203034,130.683
"Total","2008","2008","20 years","20",,,3784,4302988,87.939
,"2008","2008","21 years","21","Female","F",940,2075396,45.293
,"2008","2008","21 years","21","Male","M",3008,2176554,138.200
"Total","2008","2008","21 years","21",,,3948,4251950,92.852
,"2008","2008","22 years","22","Female","F",952,2062511,46.157
,"2008","2008","22 years","22","Male","M",3121,2170281,143.806
"Total","2008","2008","22 years","22",,,4073,4232792,96.225
,"2008","2008","23 years","23","Female","F",963,2068397,46.558
,"2008","2008","23 years","23","Male","M",3049,2169035,140.569
"Total","2008","2008","23 years","23",,,4012,4237432,94.680
,"2008","2008","24 years","24","Female","F",962,2033308,47.312
,"2008","2008","24 years","24","Male","M",3012,2122142,141.932
"Total","2008","2008","24 years","24",,,3974,4155450,95.633
,"2008","2008","25 years","25","Female","F",1086,2084941,52.088
,"2008","2008","25 years","25","Male","M",3055,2161269,141.352
"Total","2008","2008","25 years","25",,,4141,4246210,97.522
,"2008","2008","26 years","26","Female","F",1096,2087875,52.494
,"2008","2008","26 years","26","Male","M",2927,2118708,138.150
"Total","2008","2008","26 years","26",,,4023,4206583,95.636
,"2008","2008","27 years","27","Female","F",1149,2141001,53.666
,"2008","2008","27 years","27","Male","M",3003,2124164,141.373
"Total","2008","2008","27 years","27",,,4152,4265165,97.347
,"2008","2008","28 years","28","Female","F",1224,2106335,58.110
,"2008","2008","28 years","28","Male","M",3042,2109285,144.219
"Total","2008","2008","28 years","28",,,4266,4215620,101.195
,"2008","2008","29 years","29","Female","F",1231,1973380,62.380
,"2008","2008","29 years","29","Male","M",2973,1995710,148.970
"Total","2008","2008","29 years","29",,,4204,3969090,105.918
,"2008","2008","30 years","30","Female","F",1256,1964887,63.922
,"2008","2008","30 years","30","Male","M",2979,2005304,148.556
"Total","2008","2008","30 years","30",,,4235,3970191,106.670
,"2008","2008","31 years","31","Female","F",1318,1909543,69.022
,"2008","2008","31 years","31","Male","M",2872,1918551,149.696
"Total","2008","2008","31 years","31",,,4190,3828094,109.454
,"2008","2008","32 years","32","Female","F",1365,1900958,71.806
,"2008","2008","32 years","32","Male","M",2815,1906803,147.629
"Total","2008","2008","32 years","32",,,4180,3807761,109.776
,"2008","2008","33 years","33","Female","F",1374,1952623,70.367
,"2008","2008","33 years","33","Male","M",2993,1954630,153.124
"Total","2008","2008","33 years","33",,,4367,3907253,111.767
,"2008","2008","34 years","34","Female","F",1541,1897868,81.196
,"2008","2008","34 years","34","Male","M",2976,1893638,157.158
"Total","2008","2008","34 years","34",,,4517,3791506,119.135
,"2008","2008","35 years","35","Female","F",1794,1956588,91.690
,"2008","2008","35 years","35","Male","M",3157,1951453,161.777
"Total","2008","2008","35 years","35",,,4951,3908041,126.688
,"2008","2008","36 years","36","Female","F",1886,2047585,92.109
,"2008","2008","36 years","36","Male","M",3476,2036234,170.707
"Total","2008","2008","36 years","36",,,5362,4083819,131.299
,"2008","2008","37 years","37","Female","F",2213,2159900,102.458
,"2008","2008","37 years","37","Male","M",4030,2131773,189.045
"Total","2008","2008","37 years","37",,,6243,4291673,145.468
,"2008","2008","38 years","38","Female","F",2350,2192623,107.178
,"2008","2008","38 years","38","Male","M",4227,2189534,193.055
"Total","2008","2008","38 years","38",,,6577,4382157,150.086
,"2008","2008","39 years","39","Female","F",2517,2081113,120.945
,"2008","2008","39 years","39","Male","M",4214,2070660,203.510
"Total","2008","2008","39 years","39",,,6731,4151773,162.124
,"2008","2008","40 years","40","Female","F",2795,2043855,136.751
,"2008","2008","40 years","40","Male","M",4421,2021855,218.661
"Total","2008","2008","40 years","40",,,7216,4065710,177.484
,"2008","2008","41 years","41","Female","F",3099,2058913,150.516
,"2008","2008","41 years","41","Male","M",5027,2031178,247.492
"Total","2008","2008","41 years","41",,,8126,4090091,198.675
,"2008","2008","42 years","42","Female","F",3433,2109888,162.710
,"2008","2008","42 years","42","Male","M",5588,2089575,267.423
"Total","2008","2008","42 years","42",,,9021,4199463,214.813
,"2008","2008","43 years","43","Female","F",3983,2259139,176.306
,"2008","2008","43 years","43","Male","M",6339,2236079,283.487
"Total","2008","2008","43 years","43",,,10322,4495218,229.622
,"2008","2008","44 years","44","Female","F",4614,2286129,201.826
,"2008","2008","44 years","44","Male","M",7207,2238412,321.969
"Total","2008","2008","44 years","44",,,11821,4524541,261.264
,"2008","2008","45 years","45","Female","F",4987,2280805,218.651
,"2008","2008","45 years","45","Male","M",7782,2218446,350.786
"Total","2008","2008","45 years","45",,,12769,4499251,283.803
,"2008","2008","46 years","46","Female","F",5470,2295486,238.294
,"2008","2008","46 years","46","Male","M",8644,2245998,384.862
"Total","2008","2008","46 years","46",,,14114,4541484,310.779
,"2008","2008","47 years","47","Female","F",6063,2334953,259.663
,"2008","2008","47 years","47","Male","M",9564,2271170,421.105
"Total","2008","2008","47 years","47",,,15627,4606123,339.266
,"2008","2008","48 years","48","Female","F",6458,2360935,273.536
,"2008","2008","48 years","48","Male","M",10237,2312020,442.773
"Total","2008","2008","48 years","48",,,16695,4672955,357.269
,"2008","2008","49 years","49","Female","F",7100,2284804,310.749
,"2008","2008","49 years","49","Male","M",11112,2216356,501.363
"Total","2008","2008","49 years","49",,,18212,4501160,404.607
,"2008","2008","50 years","50","Female","F",7579,2273904,333.303
,"2008","2008","50 years","50","Male","M",12002,2197224,546.235
"Total","2008","2008","50 years","50",,,19581,4471128,437.943
,"2008","2008","51 years","51","Female","F",7917,2274367,348.097
,"2008","2008","51 years","51","Male","M",12824,2189639,585.667
"Total","2008","2008","51 years","51",,,20741,4464006,464.628
,"2008","2008","52 years","52","Female","F",8407,2179899,385.660
,"2008","2008","52 years","52","Male","M",13410,2084700,643.258
"Total","2008","2008","52 years","52",,,21817,4264599,511.584
,"2008","2008","53 years","53","Female","F",8602,2192990,392.250
,"2008","2008","53 years","53","Male","M",14275,2113819,675.318
"Total","2008","2008","53 years","53",,,22877,4306809,531.182
,"2008","2008","54 years","54","Female","F",8921,2119393,420.922
,"2008","2008","54 years","54","Male","M",15188,2013539,754.294
"Total","2008","2008","54 years","54",,,24109,4132932,583.339
,"2008","2008","55 years","55","Female","F",9341,2035932,458.807
,"2008","2008","55 years","55","Male","M",15744,1913592,822.746
"Total","2008","2008","55 years","55",,,25085,3949524,635.140
,"2008","2008","56 years","56","Female","F",9799,1980548,494.762
,"2008","2008","56 years","56","Male","M",16153,1870156,863.725
"Total","2008","2008","56 years","56",,,25952,3850704,673.955
,"2008","2008","57 years","57","Female","F",10054,1926122,521.981
,"2008","2008","57 years","57","Male","M",16467,1807079,911.250
"Total","2008","2008","57 years","57",,,26521,3733201,710.409
,"2008","2008","58 years","58","Female","F",10720,1918225,558.850
,"2008","2008","58 years","58","Male","M",17178,1804202,952.111
"Total","2008","2008","58 years","58",,,27898,3722427,749.457
,"2008","2008","59 years","59","Female","F",11371,1841411,617.516
,"2008","2008","59 years","59","Male","M",17881,1717301,1041.227
"Total","2008","2008","59 years","59",,,29252,3558712,821.983
,"2008","2008","60 years","60","Female","F",12600,1802265,699.120
,"2008","2008","60 years","60","Male","M",19413,1674280,1159.483
"Total","2008","2008","60 years","60",,,32013,3476545,920.828
,"2008","2008","61 years","61","Female","F",13933,1911784,728.796
,"2008","2008","61 years","61","Male","M",20713,1783203,1161.562
"Total","2008","2008","61 years","61",,,34646,3694987,937.649
,"2008","2008","62 years","62","Female","F",12049,1435908,839.121
,"2008","2008","62 years","62","Male","M",17533,1321417,1326.833
"Total","2008","2008","62 years","62",,,29582,2757325,1072.851
,"2008","2008","63 years","63","Female","F",12780,1431620,892.695
,"2008","2008","63 years","63","Male","M",18325,1313243,1395.401
"Total","2008","2008","63 years","63",,,31105,2744863,1133.208
,"2008","2008","64 years","64","Female","F",13985,1397948,1000.395
,"2008","2008","64 years","64","Male","M",20143,1270827,1585.031
"Total","2008","2008","64 years","64",,,34128,2668775,1278.789
,"2008","2008","65 years","65","Female","F",15371,1448356,1061.272
,"2008","2008","65 years","65","Male","M",21669,1303557,1662.298
"Total","2008","2008","65 years","65",,,37040,2751913,1345.973
,"2008","2008","66 years","66","Female","F",14978,1277374,1172.562
,"2008","2008","66 years","66","Male","M",20637,1138633,1812.436
"Total","2008","2008","66 years","66",,,35615,2416007,1474.127
,"2008","2008","67 years","67","Female","F",15234,1186870,1283.544
,"2008","2008","67 years","67","Male","M",20474,1048799,1952.138
"Total","2008","2008","67 years","67",,,35708,2235669,1597.195
,"2008","2008","68 years","68","Female","F",15696,1150404,1364.390
,"2008","2008","68 years","68","Male","M",20834,1009620,2063.549
"Total","2008","2008","68 years","68",,,36530,2160024,1691.185
,"2008","2008","69 years","69","Female","F",16768,1084904,1545.575
,"2008","2008","69 years","69","Male","M",21789,945830,2303.691
"Total","2008","2008","69 years","69",,,38557,2030734,1898.673
,"2008","2008","70 years","70","Female","F",17488,1051554,1663.062
,"2008","2008","70 years","70","Male","M",22443,901774,2488.761
"Total","2008","2008","70 years","70",,,39931,1953328,2044.255
,"2008","2008","71 years","71","Female","F",18059,995703,1813.693
,"2008","2008","71 years","71","Male","M",22728,845857,2686.979
"Total","2008","2008","71 years","71",,,40787,1841560,2214.807
,"2008","2008","72 years","72","Female","F",19825,968816,2046.312
,"2008","2008","72 years","72","Male","M",24071,807647,2980.386
"Total","2008","2008","72 years","72",,,43896,1776463,2470.977
,"2008","2008","73 years","73","Female","F",21066,965653,2181.529
,"2008","2008","73 years","73","Male","M",25415,792997,3204.930
"Total","2008","2008","73 years","73",,,46481,1758650,2642.993
,"2008","2008","74 years","74","Female","F",21694,874610,2480.420
,"2008","2008","74 years","74","Male","M",25340,706721,3585.573
"Total","2008","2008","74 years","74",,,47034,1581331,2974.330
,"2008","2008","75 years","75","Female","F",23372,861340,2713.446
,"2008","2008","75 years","75","Male","M",26863,679687,3952.260
"Total","2008","2008","75 years","75",,,50235,1541027,3259.839
,"2008","2008","76 years","76","Female","F",25482,854043,2983.691
,"2008","2008","76 years","76","Male","M",28136,664284,4235.538
"Total","2008","2008","76 years","76",,,53618,1518327,3531.387
,"2008","2008","77 years","77","Female","F",27558,836424,3294.740
,"2008","2008","77 years","77","Male","M",29974,635582,4715.993
"Total","2008","2008","77 years","77",,,57532,1472006,3908.408
,"2008","2008","78 years","78","Female","F",30159,842232,3580.842
,"2008","2008","78 years","78","Male","M",31645,621852,5088.831
"Total","2008","2008","78 years","78",,,61804,1464084,4221.342
,"2008","2008","79 years","79","Female","F",31595,784458,4027.622
,"2008","2008","79 years","79","Male","M",32586,565841,5758.862
"Total","2008","2008","79 years","79",,,64181,1350299,4753.095
,"2008","2008","80 years","80","Female","F",34057,762902,4464.138
,"2008","2008","80 years","80","Male","M",33676,531699,6333.659
"Total","2008","2008","80 years","80",,,67733,1294601,5231.959
,"2008","2008","81 years","81","Female","F",36443,736191,4950.210
,"2008","2008","81 years","81","Male","M",34313,496116,6916.326
"Total","2008","2008","81 years","81",,,70756,1232307,5741.751
,"2008","2008","82 years","82","Female","F",38635,692151,5581.874
,"2008","2008","82 years","82","Male","M",34390,444700,7733.303
"Total","2008","2008","82 years","82",,,73025,1136851,6423.445
,"2008","2008","83 years","83","Female","F",41579,671398,6192.899
,"2008","2008","83 years","83","Male","M",35216,415006,8485.660
"Total","2008","2008","83 years","83",,,76795,1086404,7068.733
,"2008","2008","84 years","84","Female","F",42784,615304,6953.311
,"2008","2008","84 years","84","Male","M",35097,364892,9618.462
"Total","2008","2008","84 years","84",,,77881,980196,7945.452
,"2008","2008","85 years","85","Female","F",43864,Not Applicable,Not Applicable
,"2008","2008","85 years","85","Male","M",33776,Not Applicable,Not Applicable
"Total","2008","2008","85 years","85",,,77640,Not Applicable,Not Applicable
,"2008","2008","86 years","86","Female","F",45573,Not Applicable,Not Applicable
,"2008","2008","86 years","86","Male","M",33623,Not Applicable,Not Applicable
"Total","2008","2008","86 years","86",,,79196,Not Applicable,Not Applicable
,"2008","2008","87 years","87","Female","F",45402,Not Applicable,Not Applicable
,"2008","2008","87 years","87","Male","M",31533,Not Applicable,Not Applicable
"Total","2008","2008","87 years","87",,,76935,Not Applicable,Not Applicable
,"2008","2008","88 years","88","Female","F",44380,Not Applicable,Not Applicable
,"2008","2008","88 years","88","Male","M",28729,Not Applicable,Not Applicable
"Total","2008","2008","88 years","88",,,73109,Not Applicable,Not Applicable
,"2008","2008","89 years","89","Female","F",40987,Not Applicable,Not Applicable
,"2008","2008","89 years","89","Male","M",24685,Not Applicable,Not Applicable
"Total","2008","2008","89 years","89",,,65672,Not Applicable,Not Applicable
,"2008","2008","90 years","90","Female","F",39950,Not Applicable,Not Applicable
,"2008","2008","90 years","90","Male","M",22648,Not Applicable,Not Applicable
"Total","2008","2008","90 years","90",,,62598,Not Applicable,Not Applicable
,"2008","2008","91 years","91","Female","F",36907,Not Applicable,Not Applicable
,"2008","2008","91 years","91","Male","M",19144,Not Applicable,Not Applicable
"Total","2008","2008","91 years","91",,,56051,Not Applicable,Not Applicable
,"2008","2008","92 years","92","Female","F",34154,Not Applicable,Not Applicable
,"2008","2008","92 years","92","Male","M",16018,Not Applicable,Not Applicable
"Total","2008","2008","92 years","92",,,50172,Not Applicable,Not Applicable
,"2008","2008","93 years","93","Female","F",30883,Not Applicable,Not Applicable
,"2008","2008","93 years","93","Male","M",13570,Not Applicable,Not Applicable
"Total","2008","2008","93 years","93",,,44453,Not Applicable,Not Applicable
,"2008","2008","94 years","94","Female","F",27272,Not Applicable,Not Applicable
,"2008","2008","94 years","94","Male","M",10835,Not Applicable,Not Applicable
"Total","2008","2008","94 years","94",,,38107,Not Applicable,Not Applicable
,"2008","2008","95 years","95","Female","F",23104,Not Applicable,Not Applicable
,"2008","2008","95 years","95","Male","M",8138,Not Applicable,Not Applicable
"Total","2008","2008","95 years","95",,,31242,Not Applicable,Not Applicable
,"2008","2008","96 years","96","Female","F",18818,Not Applicable,Not Applicable
,"2008","2008","96 years","96","Male","M",5843,Not Applicable,Not Applicable
"Total","2008","2008","96 years","96",,,24661,Not Applicable,Not Applicable
,"2008","2008","97 years","97","Female","F",15016,Not Applicable,Not Applicable
,"2008","2008","97 years","97","Male","M",4273,Not Applicable,Not Applicable
"Total","2008","2008","97 years","97",,,19289,Not Applicable,Not Applicable
,"2008","2008","98 years","98","Female","F",11343,Not Applicable,Not Applicable
,"2008","2008","98 years","98","Male","M",3072,Not Applicable,Not Applicable
"Total","2008","2008","98 years","98",,,14415,Not Applicable,Not Applicable
,"2008","2008","99 years","99","Female","F",8254,Not Applicable,Not Applicable
,"2008","2008","99 years","99","Male","M",2005,Not Applicable,Not Applicable
"Total","2008","2008","99 years","99",,,10259,Not Applicable,Not Applicable
,"2008","2008","100+ years","100","Female","F",17563,Not Applicable,Not Applicable
,"2008","2008","100+ years","100","Male","M",3329,Not Applicable,Not Applicable
"Total","2008","2008","100+ years","100",,,20892,Not Applicable,Not Applicable
,"2008","2008","Not Stated","NS","Female","F",45,Not Applicable,Not Applicable
,"2008","2008","Not Stated","NS","Male","M",102,Not Applicable,Not Applicable
"Total","2008","2008","Not Stated","NS",,,147,Not Applicable,Not Applicable
"Total","2008","2008",,,,,2471984,304093966,812.901
,"2009","2009","< 1 year","0","Female","F",11589,1959169,591.526
,"2009","2009","< 1 year","0","Male","M",14823,2044418,725.047
"Total","2009","2009","< 1 year","0",,,26412,4003587,659.708
,"2009","2009","1 year","1","Female","F",776,1997919,38.840
,"2009","2009","1 year","1","Male","M",972,2080878,46.711
"Total","2009","2009","1 year","1",,,1748,4078797,42.856
,"2009","2009","2 years","2","Female","F",502,2005270,25.034
,"2009","2009","2 years","2","Male","M",655,2097732,31.224
"Total","2009","2009","2 years","2",,,1157,4103002,28.199
,"2009","2009","3 years","3","Female","F",378,1969393,19.194
,"2009","2009","3 years","3","Male","M",498,2056282,24.218
"Total","2009","2009","3 years","3",,,876,4025675,21.760
,"2009","2009","4 years","4","Female","F",299,1970678,15.172
,"2009","2009","4 years","4","Male","M",370,2062779,17.937
"Total","2009","2009","4 years","4",,,669,4033457,16.586
,"2009","2009","5 years","5","Female","F",268,1991556,13.457
,"2009","2009","5 years","5","Male","M",318,2078709,15.298
"Total","2009","2009","5 years","5",,,586,4070265,14.397
,"2009","2009","6 years","6","Female","F",248,1966642,12.610
,"2009","2009","6 years","6","Male","M",275,2051558,13.404
"Total","2009","2009","6 years","6",,,523,4018200,13.016
,"2009","2009","7 years","7","Female","F",186,1968502,9.449
,"2009","2009","7 years","7","Male","M",260,2048522,12.692
"Total","2009","2009","7 years","7",,,446,4017024,11.103
,"2009","2009","8 years","8","Female","F",193,2002104,9.640
,"2009","2009","8 years","8","Male","M",265,2087842,12.693
"Total","2009","2009","8 years","8",,,458,4089946,11.198
,"2009","2009","9 years","9","Female","F",230,1945940,11.819
,"2009","2009","9 years","9","Male","M",280,2041124,13.718
"Total","2009","2009","9 years","9",,,510,3987064,12.791
,"2009","2009","10 years","10","Female","F",209,2019572,10.349
,"2009","2009","10 years","10","Male","M",257,2113518,12.160
"Total","2009","2009","10 years","10",,,466,4133090,11.275
,"2009","2009","11 years","11","Female","F",247,1986140,12.436
,"2009","2009","11 years","11","Male","M",328,2080465,15.766
"Total","2009","2009","11 years","11",,,575,4066605,14.140
,"2009","2009","12 years","12","Female","F",249,2010144,12.387
,"2009","2009","12 years","12","Male","M",323,2100432,15.378
"Total","2009","2009","12 years","12",,,572,4110576,13.915
,"2009","2009","13 years","13","Female","F",255,2033250,12.541
,"2009","2009","13 years","13","Male","M",419,2131163,19.661
"Total","2009","2009","13 years","13",,,674,4164413,16.185
,"2009","2009","14 years","14","Female","F",318,2039626,15.591
,"2009","2009","14 years","14","Male","M",523,2146254,24.368
"Total","2009","2009","14 years","14",,,841,4185880,20.091
,"2009","2009","15 years","15","Female","F",406,2074716,19.569
,"2009","2009","15 years","15","Male","M",753,2185191,34.459
"Total","2009","2009","15 years","15",,,1159,4259907,27.207
,"2009","2009","16 years","16","Female","F",565,2121530,26.632
,"2009","2009","16 years","16","Male","M",1153,2243808,51.386
"Total","2009","2009","16 years","16",,,1718,4365338,39.355
,"2009","2009","17 years","17","Female","F",689,2147758,32.080
,"2009","2009","17 years","17","Male","M",1561,2273583,68.658
"Total","2009","2009","17 years","17",,,2250,4421341,50.890
,"2009","2009","18 years","18","Female","F",827,2208513,37.446
,"2009","2009","18 years","18","Male","M",2224,2326121,95.610
"Total","2009","2009","18 years","18",,,3051,4534634,67.282
,"2009","2009","19 years","19","Female","F",857,2252054,38.054
,"2009","2009","19 years","19","Male","M",2485,2359536,105.317
"Total","2009","2009","19 years","19",,,3342,4611590,72.470
,"2009","2009","20 years","20","Female","F",845,2141586,39.457
,"2009","2009","20 years","20","Male","M",2674,2242042,119.266
"Total","2009","2009","20 years","20",,,3519,4383628,80.276
,"2009","2009","21 years","21","Female","F",932,2106392,44.246
,"2009","2009","21 years","21","Male","M",2931,2201022,133.165
"Total","2009","2009","21 years","21",,,3863,4307414,89.683
,"2009","2009","22 years","22","Female","F",914,2060876,44.350
,"2009","2009","22 years","22","Male","M",2744,2156791,127.226
"Total","2009","2009","22 years","22",,,3658,4217667,86.730
,"2009","2009","23 years","23","Female","F",1018,2068493,49.215
,"2009","2009","23 years","23","Male","M",2913,2161622,134.760
"Total","2009","2009","23 years","23",,,3931,4230115,92.929
,"2009","2009","24 years","24","Female","F",1051,2082066,50.479
,"2009","2009","24 years","24","Male","M",2874,2163232,132.857
"Total","2009","2009","24 years","24",,,3925,4245298,92.455
,"2009","2009","25 years","25","Female","F",1049,2068547,50.712
,"2009","2009","25 years","25","Male","M",2828,2136055,132.394
"Total","2009","2009","25 years","25",,,3877,4204602,92.208
,"2009","2009","26 years","26","Female","F",1176,2074481,56.689
,"2009","2009","26 years","26","Male","M",2931,2123441,138.031
"Total","2009","2009","26 years","26",,,4107,4197922,97.834
,"2009","2009","27 years","27","Female","F",1184,2118250,55.895
,"2009","2009","27 years","27","Male","M",2834,2131764,132.942
"Total","2009","2009","27 years","27",,,4018,4250014,94.541
,"2009","2009","28 years","28","Female","F",1295,2124289,60.962
,"2009","2009","28 years","28","Male","M",2930,2126324,137.796
"Total","2009","2009","28 years","28",,,4225,4250613,99.397
,"2009","2009","29 years","29","Female","F",1337,2081304,64.239
,"2009","2009","29 years","29","Male","M",3048,2093773,145.575
"Total","2009","2009","29 years","29",,,4385,4175077,105.028
,"2009","2009","30 years","30","Female","F",1376,2033069,67.681
,"2009","2009","30 years","30","Male","M",2927,2071064,141.328
"Total","2009","2009","30 years","30",,,4303,4104133,104.846
,"2009","2009","31 years","31","Female","F",1286,1940091,66.286
,"2009","2009","31 years","31","Male","M",2906,1950109,149.017
"Total","2009","2009","31 years","31",,,4192,3890200,107.758
,"2009","2009","32 years","32","Female","F",1435,1960227,73.206
,"2009","2009","32 years","32","Male","M",2884,1961054,147.064
"Total","2009","2009","32 years","32",,,4319,3921281,110.143
,"2009","2009","33 years","33","Female","F",1551,1907798,81.298
,"2009","2009","33 years","33","Male","M",2850,1905203,149.590
"Total","2009","2009","33 years","33",,,4401,3813001,115.421
,"2009","2009","34 years","34","Female","F",1614,1959374,82.373
,"2009","2009","34 years","34","Male","M",3061,1957125,156.403
"Total","2009","2009","34 years","34",,,4675,3916499,119.367
,"2009","2009","35 years","35","Female","F",1667,1915747,87.016
,"2009","2009","35 years","35","Male","M",3211,1913685,167.791
"Total","2009","2009","35 years","35",,,4878,3829432,127.382
,"2009","2009","36 years","36","Female","F",1869,1962556,95.233
,"2009","2009","36 years","36","Male","M",3374,1943059,173.644
"Total","2009","2009","36 years","36",,,5243,3905615,134.243
,"2009","2009","37 years","37","Female","F",2154,2046428,105.257
,"2009","2009","37 years","37","Male","M",3678,2024753,181.652
"Total","2009","2009","37 years","37",,,5832,4071181,143.251
,"2009","2009","38 years","38","Female","F",2436,2167821,112.371
,"2009","2009","38 years","38","Male","M",4121,2136185,192.914
"Total","2009","2009","38 years","38",,,6557,4304006,152.346
,"2009","2009","39 years","39","Female","F",2603,2199617,118.339
,"2009","2009","39 years","39","Male","M",4397,2197945,200.051
"Total","2009","2009","39 years","39",,,7000,4397562,159.179
,"2009","2009","40 years","40","Female","F",2858,2081313,137.317
,"2009","2009","40 years","40","Male","M",4589,2063870,222.349
"Total","2009","2009","40 years","40",,,7447,4145183,179.654
,"2009","2009","41 years","41","Female","F",3047,2052619,148.444
,"2009","2009","41 years","41","Male","M",4973,2032646,244.656
"Total","2009","2009","41 years","41",,,8020,4085265,196.315
,"2009","2009","42 years","42","Female","F",3302,2056603,160.556
,"2009","2009","42 years","42","Male","M",5426,2029246,267.390
"Total","2009","2009","42 years","42",,,8728,4085849,213.615
,"2009","2009","43 years","43","Female","F",3770,2117558,178.035
,"2009","2009","43 years","43","Male","M",5900,2091675,282.071
"Total","2009","2009","43 years","43",,,9670,4209233,229.733
,"2009","2009","44 years","44","Female","F",4404,2241348,196.489
,"2009","2009","44 years","44","Male","M",6886,2213137,311.142
"Total","2009","2009","44 years","44",,,11290,4454485,253.452
,"2009","2009","45 years","45","Female","F",4932,2282194,216.108
,"2009","2009","45 years","45","Male","M",7636,2227071,342.872
"Total","2009","2009","45 years","45",,,12568,4509265,278.715
,"2009","2009","46 years","46","Female","F",5486,2290719,239.488
,"2009","2009","46 years","46","Male","M",8431,2232877,377.585
"Total","2009","2009","46 years","46",,,13917,4523596,307.653
,"2009","2009","47 years","47","Female","F",6053,2305711,262.522
,"2009","2009","47 years","47","Male","M",9287,2251625,412.458
"Total","2009","2009","47 years","47",,,15340,4557336,336.600
,"2009","2009","48 years","48","Female","F",6594,2327859,283.265
,"2009","2009","48 years","48","Male","M",10055,2254796,445.938
"Total","2009","2009","48 years","48",,,16649,4582655,363.305
,"2009","2009","49 years","49","Female","F",6969,2370091,294.039
,"2009","2009","49 years","49","Male","M",10964,2319302,472.728
"Total","2009","2009","49 years","49",,,17933,4689393,382.416
,"2009","2009","50 years","50","Female","F",7523,2271859,331.139
,"2009","2009","50 years","50","Male","M",11836,2190333,540.374
"Total","2009","2009","50 years","50",,,19359,4462192,433.845
,"2009","2009","51 years","51","Female","F",7947,2294505,346.349
,"2009","2009","51 years","51","Male","M",12958,2220328,583.607
"Total","2009","2009","51 years","51",,,20905,4514833,463.029
,"2009","2009","52 years","52","Female","F",8765,2262914,387.332
,"2009","2009","52 years","52","Male","M",13919,2166314,642.520
"Total","2009","2009","52 years","52",,,22684,4429228,512.143
,"2009","2009","53 years","53","Female","F",9069,2188666,414.362
,"2009","2009","53 years","53","Male","M",14524,2092799,693.999
"Total","2009","2009","53 years","53",,,23593,4281465,551.050
,"2009","2009","54 years","54","Female","F",9410,2203336,427.080
,"2009","2009","54 years","54","Male","M",15210,2113789,719.561
"Total","2009","2009","54 years","54",,,24620,4317125,570.287
,"2009","2009","55 years","55","Female","F",9727,2099236,463.359
,"2009","2009","55 years","55","Male","M",15829,1974783,801.556
"Total","2009","2009","55 years","55",,,25556,4074019,627.292
,"2009","2009","56 years","56","Female","F",10093,2048144,492.788
,"2009","2009","56 years","56","Male","M",16479,1927719,854.845
"Total","2009","2009","56 years","56",,,26572,3975863,668.333
,"2009","2009","57 years","57","Female","F",10392,1968595,527.889
,"2009","2009","57 years","57","Male","M",17257,1851260,932.176
"Total","2009","2009","57 years","57",,,27649,3819855,723.823
,"2009","2009","58 years","58","Female","F",10813,1924101,561.977
,"2009","2009","58 years","58","Male","M",17456,1797118,971.333
"Total","2009","2009","58 years","58",,,28269,3721219,759.670
,"2009","2009","59 years","59","Female","F",11474,1906141,601.949
,"2009","2009","59 years","59","Male","M",18186,1783506,1019.677
"Total","2009","2009","59 years","59",,,29660,3689647,803.871
,"2009","2009","60 years","60","Female","F",12433,1811564,686.313
,"2009","2009","60 years","60","Male","M",19085,1677738,1137.544
"Total","2009","2009","60 years","60",,,31518,3489302,903.275
,"2009","2009","61 years","61","Female","F",13296,1823104,729.306
,"2009","2009","61 years","61","Male","M",20021,1694484,1181.540
"Total","2009","2009","61 years","61",,,33317,3517588,947.155
,"2009","2009","62 years","62","Female","F",14667,1905712,769.634
,"2009","2009","62 years","62","Male","M",21950,1767422,1241.922
"Total","2009","2009","62 years","62",,,36617,3673134,996.887
,"2009","2009","63 years","63","Female","F",12908,1432316,901.198
,"2009","2009","63 years","63","Male","M",18726,1313400,1425.765
"Total","2009","2009","63 years","63",,,31634,2745716,1152.122
,"2009","2009","64 years","64","Female","F",13362,1410628,947.238
,"2009","2009","64 years","64","Male","M",19153,1288629,1486.308
"Total","2009","2009","64 years","64",,,32515,2699257,1204.591
,"2009","2009","65 years","65","Female","F",14679,1396005,1051.501
,"2009","2009","65 years","65","Male","M",20756,1257340,1650.787
"Total","2009","2009","65 years","65",,,35435,2653345,1335.484
,"2009","2009","66 years","66","Female","F",15988,1433620,1115.219
,"2009","2009","66 years","66","Male","M",22547,1285834,1753.492
"Total","2009","2009","66 years","66",,,38535,2719454,1417.012
,"2009","2009","67 years","67","Female","F",15799,1268698,1245.292
,"2009","2009","67 years","67","Male","M",21251,1125678,1887.840
"Total","2009","2009","67 years","67",,,37050,2394376,1547.376
,"2009","2009","68 years","68","Female","F",15807,1174695,1345.626
,"2009","2009","68 years","68","Male","M",21279,1029534,2066.857
"Total","2009","2009","68 years","68",,,37086,2204229,1682.493
,"2009","2009","69 years","69","Female","F",16300,1134860,1436.301
,"2009","2009","69 years","69","Male","M",21365,986113,2166.587
"Total","2009","2009","69 years","69",,,37665,2120973,1775.836
,"2009","2009","70 years","70","Female","F",17286,1059376,1631.715
,"2009","2009","70 years","70","Male","M",22148,914700,2421.340
"Total","2009","2009","70 years","70",,,39434,1974076,1997.593
,"2009","2009","71 years","71","Female","F",18303,1044260,1752.724
,"2009","2009","71 years","71","Male","M",23014,892048,2579.906
"Total","2009","2009","71 years","71",,,41317,1936308,2133.803
,"2009","2009","72 years","72","Female","F",18790,973444,1930.260
,"2009","2009","72 years","72","Male","M",23374,816692,2862.034
"Total","2009","2009","72 years","72",,,42164,1790136,2355.352
,"2009","2009","73 years","73","Female","F",20246,951400,2128.022
,"2009","2009","73 years","73","Male","M",24485,786497,3113.171
"Total","2009","2009","73 years","73",,,44731,1737897,2573.858
,"2009","2009","74 years","74","Female","F",22040,938799,2347.680
,"2009","2009","74 years","74","Male","M",25575,763506,3349.679
"Total","2009","2009","74 years","74",,,47615,1702305,2797.090
,"2009","2009","75 years","75","Female","F",22418,842856,2659.766
,"2009","2009","75 years","75","Male","M",25537,670445,3808.963
"Total","2009","2009","75 years","75",,,47955,1513301,3168.900
,"2009","2009","76 years","76","Female","F",24132,847071,2848.876
,"2009","2009","76 years","76","Male","M",26950,662929,4065.292
"Total","2009","2009","76 years","76",,,51082,1510000,3382.914
,"2009","2009","77 years","77","Female","F",26102,824353,3166.362
,"2009","2009","77 years","77","Male","M",28631,631391,4534.591
"Total","2009","2009","77 years","77",,,54733,1455744,3759.796
,"2009","2009","78 years","78","Female","F",28407,810924,3503.041
,"2009","2009","78 years","78","Male","M",30816,606615,5079.993
"Total","2009","2009","78 years","78",,,59223,1417539,4177.874
,"2009","2009","79 years","79","Female","F",30695,810576,3786.813
,"2009","2009","79 years","79","Male","M",31299,587904,5323.828
"Total","2009","2009","79 years","79",,,61994,1398480,4432.956
,"2009","2009","80 years","80","Female","F",32161,744268,4321.159
,"2009","2009","80 years","80","Male","M",32151,526176,6110.313
"Total","2009","2009","80 years","80",,,64312,1270444,5062.167
,"2009","2009","81 years","81","Female","F",34734,735205,4724.397
,"2009","2009","81 years","81","Male","M",33375,501564,6654.186
"Total","2009","2009","81 years","81",,,68109,1236769,5507.011
,"2009","2009","82 years","82","Female","F",37399,695764,5375.242
,"2009","2009","82 years","82","Male","M",34150,456484,7481.095
"Total","2009","2009","82 years","82",,,71549,1152248,6209.514
,"2009","2009","83 years","83","Female","F",39092,654726,5970.742
,"2009","2009","83 years","83","Male","M",33854,412912,8198.841
"Total","2009","2009","83 years","83",,,72946,1067638,6832.466
,"2009","2009","84 years","84","Female","F",41555,624897,6649.896
,"2009","2009","84 years","84","Male","M",34269,375715,9121.009
"Total","2009","2009","84 years","84",,,75824,1000612,7577.762
,"2009","2009","85 years","85","Female","F",42884,Not Applicable,Not Applicable
,"2009","2009","85 years","85","Male","M",33527,Not Applicable,Not Applicable
"Total","2009","2009","85 years","85",,,76411,Not Applicable,Not Applicable
,"2009","2009","86 years","86","Female","F",43544,Not Applicable,Not Applicable
,"2009","2009","86 years","86","Male","M",32494,Not Applicable,Not Applicable
"Total","2009","2009","86 years","86",,,76038,Not Applicable,Not Applicable
,"2009","2009","87 years","87","Female","F",44652,Not Applicable,Not Applicable
,"2009","2009","87 years","87","Male","M",31294,Not Applicable,Not Applicable
"Total","2009","2009","87 years","87",,,75946,Not Applicable,Not Applicable
,"2009","2009","88 years","88","Female","F",44031,Not Applicable,Not Applicable
,"2009","2009","88 years","88","Male","M",29080,Not Applicable,Not Applicable
"Total","2009","2009","88 years","88",,,73111,Not Applicable,Not Applicable
,"2009","2009","89 years","89","Female","F",41510,Not Applicable,Not Applicable
,"2009","2009","89 years","89","Male","M",26116,Not Applicable,Not Applicable
"Total","2009","2009","89 years","89",,,67626,Not Applicable,Not Applicable
,"2009","2009","90 years","90","Female","F",37993,Not Applicable,Not Applicable
,"2009","2009","90 years","90","Male","M",22022,Not Applicable,Not Applicable
"Total","2009","2009","90 years","90",,,60015,Not Applicable,Not Applicable
,"2009","2009","91 years","91","Female","F",36012,Not Applicable,Not Applicable
,"2009","2009","91 years","91","Male","M",19627,Not Applicable,Not Applicable
"Total","2009","2009","91 years","91",,,55639,Not Applicable,Not Applicable
,"2009","2009","92 years","92","Female","F",32763,Not Applicable,Not Applicable
,"2009","2009","92 years","92","Male","M",16566,Not Applicable,Not Applicable
"Total","2009","2009","92 years","92",,,49329,Not Applicable,Not Applicable
,"2009","2009","93 years","93","Female","F",29793,Not Applicable,Not Applicable
,"2009","2009","93 years","93","Male","M",13516,Not Applicable,Not Applicable
"Total","2009","2009","93 years","93",,,43309,Not Applicable,Not Applicable
,"2009","2009","94 years","94","Female","F",26273,Not Applicable,Not Applicable
,"2009","2009","94 years","94","Male","M",10969,Not Applicable,Not Applicable
"Total","2009","2009","94 years","94",,,37242,Not Applicable,Not Applicable
,"2009","2009","95 years","95","Female","F",22181,Not Applicable,Not Applicable
,"2009","2009","95 years","95","Male","M",8465,Not Applicable,Not Applicable
"Total","2009","2009","95 years","95",,,30646,Not Applicable,Not Applicable
,"2009","2009","96 years","96","Female","F",18280,Not Applicable,Not Applicable
,"2009","2009","96 years","96","Male","M",6295,Not Applicable,Not Applicable
"Total","2009","2009","96 years","96",,,24575,Not Applicable,Not Applicable
,"2009","2009","97 years","97","Female","F",14281,Not Applicable,Not Applicable
,"2009","2009","97 years","97","Male","M",4432,Not Applicable,Not Applicable
"Total","2009","2009","97 years","97",,,18713,Not Applicable,Not Applicable
,"2009","2009","98 years","98","Female","F",11001,Not Applicable,Not Applicable
,"2009","2009","98 years","98","Male","M",2908,Not Applicable,Not Applicable
"Total","2009","2009","98 years","98",,,13909,Not Applicable,Not Applicable
,"2009","2009","99 years","99","Female","F",8182,Not Applicable,Not Applicable
,"2009","2009","99 years","99","Male","M",2095,Not Applicable,Not Applicable
"Total","2009","2009","99 years","99",,,10277,Not Applicable,Not Applicable
,"2009","2009","100+ years","100","Female","F",17016,Not Applicable,Not Applicable
,"2009","2009","100+ years","100","Male","M",3376,Not Applicable,Not Applicable
"Total","2009","2009","100+ years","100",,,20392,Not Applicable,Not Applicable
,"2009","2009","Not Stated","NS","Female","F",78,Not Applicable,Not Applicable
,"2009","2009","Not Stated","NS","Male","M",177,Not Applicable,Not Applicable
"Total","2009","2009","Not Stated","NS",,,255,Not Applicable,Not Applicable
"Total","2009","2009",,,,,2437163,306771529,794.455
,"2010","2010","< 1 year","0","Female","F",10884,1929877,563.974
,"2010","2010","< 1 year","0","Male","M",13702,2014276,680.244
"Total","2010","2010","< 1 year","0",,,24586,3944153,623.353
,"2010","2010","1 year","1","Female","F",806,1947217,41.392
,"2010","2010","1 year","1","Male","M",928,2030853,45.695
"Total","2010","2010","1 year","1",,,1734,3978070,43.589
,"2010","2010","2 years","2","Female","F",444,2004731,22.148
,"2010","2010","2 years","2","Male","M",660,2092198,31.546
"Total","2010","2010","2 years","2",,,1104,4096929,26.947
,"2010","2010","3 years","3","Female","F",338,2014490,16.778
,"2010","2010","3 years","3","Male","M",506,2104550,24.043
"Total","2010","2010","3 years","3",,,844,4119040,20.490
,"2010","2010","4 years","4","Female","F",268,1985620,13.497
,"2010","2010","4 years","4","Male","M",366,2077550,17.617
"Total","2010","2010","4 years","4",,,634,4063170,15.604
,"2010","2010","5 years","5","Female","F",208,1984764,10.480
,"2010","2010","5 years","5","Male","M",292,2072094,14.092
"Total","2010","2010","5 years","5",,,500,4056858,12.325
,"2010","2010","6 years","6","Female","F",211,1991062,10.597
,"2010","2010","6 years","6","Male","M",255,2075319,12.287
"Total","2010","2010","6 years","6",,,466,4066381,11.460
,"2010","2010","7 years","7","Female","F",193,1973503,9.780
,"2010","2010","7 years","7","Male","M",268,2057076,13.028
"Total","2010","2010","7 years","7",,,461,4030579,11.438
,"2010","2010","8 years","8","Female","F",209,1981033,10.550
,"2010","2010","8 years","8","Male","M",257,2065453,12.443
"Total","2010","2010","8 years","8",,,466,4046486,11.516
,"2010","2010","9 years","9","Female","F",184,2028657,9.070
,"2010","2010","9 years","9","Male","M",253,2119696,11.936
"Total","2010","2010","9 years","9",,,437,4148353,10.534
,"2010","2010","10 years","10","Female","F",197,2036545,9.673
,"2010","2010","10 years","10","Male","M",232,2135996,10.861
"Total","2010","2010","10 years","10",,,429,4172541,10.282
,"2010","2010","11 years","11","Female","F",223,2011151,11.088
,"2010","2010","11 years","11","Male","M",297,2103264,14.121
"Total","2010","2010","11 years","11",,,520,4114415,12.638
,"2010","2010","12 years","12","Female","F",244,2006098,12.163
,"2010","2010","12 years","12","Male","M",307,2100145,14.618
"Total","2010","2010","12 years","12",,,551,4106243,13.419
,"2010","2010","13 years","13","Female","F",243,2013099,12.071
,"2010","2010","13 years","13","Male","M",379,2104914,18.005
"Total","2010","2010","13 years","13",,,622,4118013,15.104
,"2010","2010","14 years","14","Female","F",313,2030439,15.415
,"2010","2010","14 years","14","Male","M",514,2135543,24.069
"Total","2010","2010","14 years","14",,,827,4165982,19.851
,"2010","2010","15 years","15","Female","F",362,2065798,17.523
,"2010","2010","15 years","15","Male","M",702,2177022,32.246
"Total","2010","2010","15 years","15",,,1064,4242820,25.078
,"2010","2010","16 years","16","Female","F",514,2100105,24.475
,"2010","2010","16 years","16","Male","M",1100,2216034,49.638
"Total","2010","2010","16 years","16",,,1614,4316139,37.395
,"2010","2010","17 years","17","Female","F",578,2132142,27.109
,"2010","2010","17 years","17","Male","M",1471,2263153,64.998
"Total","2010","2010","17 years","17",,,2049,4395295,46.618
,"2010","2010","18 years","18","Female","F",716,2195382,32.614
,"2010","2010","18 years","18","Male","M",2184,2305473,94.731
"Total","2010","2010","18 years","18",,,2900,4500855,64.432
,"2010","2010","19 years","19","Female","F",851,2243250,37.936
,"2010","2010","19 years","19","Male","M",2409,2341984,102.862
"Total","2010","2010","19 years","19",,,3260,4585234,71.098
,"2010","2010","20 years","20","Female","F",875,2210810,39.578
,"2010","2010","20 years","20","Male","M",2581,2308319,111.813
"Total","2010","2010","20 years","20",,,3456,4519129,76.475
,"2010","2010","21 years","21","Female","F",933,2131096,43.780
,"2010","2010","21 years","21","Male","M",2864,2223198,128.823
"Total","2010","2010","21 years","21",,,3797,4354294,87.201
,"2010","2010","22 years","22","Female","F",938,2086845,44.948
,"2010","2010","22 years","22","Male","M",2762,2177797,126.825
"Total","2010","2010","22 years","22",,,3700,4264642,86.760
,"2010","2010","23 years","23","Female","F",939,2057772,45.632
,"2010","2010","23 years","23","Male","M",2774,2140799,129.578
"Total","2010","2010","23 years","23",,,3713,4198571,88.435
,"2010","2010","24 years","24","Female","F",1055,2085300,50.592
,"2010","2010","24 years","24","Male","M",2943,2164063,135.994
"Total","2010","2010","24 years","24",,,3998,4249363,94.085
,"2010","2010","25 years","25","Female","F",1063,2101042,50.594
,"2010","2010","25 years","25","Male","M",2852,2161308,131.957
"Total","2010","2010","25 years","25",,,3915,4262350,91.851
,"2010","2010","26 years","26","Female","F",1085,2055217,52.792
,"2010","2010","26 years","26","Male","M",2874,2097088,137.047
"Total","2010","2010","26 years","26",,,3959,4152305,95.345
,"2010","2010","27 years","27","Female","F",1105,2108218,52.414
,"2010","2010","27 years","27","Male","M",2832,2140651,132.296
"Total","2010","2010","27 years","27",,,3937,4248869,92.660
,"2010","2010","28 years","28","Female","F",1261,2096644,60.144
,"2010","2010","28 years","28","Male","M",2927,2118605,138.157
"Total","2010","2010","28 years","28",,,4188,4215249,99.354
,"2010","2010","29 years","29","Female","F",1320,2105137,62.704
,"2010","2010","29 years","29","Male","M",2944,2117939,139.003
"Total","2010","2010","29 years","29",,,4264,4223076,100.969
,"2010","2010","30 years","30","Female","F",1414,2124866,66.545
,"2010","2010","30 years","30","Male","M",3013,2160802,139.439
"Total","2010","2010","30 years","30",,,4427,4285668,103.298
,"2010","2010","31 years","31","Female","F",1351,1982063,68.161
,"2010","2010","31 years","31","Male","M",2990,1988155,150.391
"Total","2010","2010","31 years","31",,,4341,3970218,109.339
,"2010","2010","32 years","32","Female","F",1470,1992371,73.781
,"2010","2010","32 years","32","Male","M",2920,1994476,146.404
"Total","2010","2010","32 years","32",,,4390,3986847,110.112
,"2010","2010","33 years","33","Female","F",1448,1943287,74.513
,"2010","2010","33 years","33","Male","M",2963,1936863,152.979
"Total","2010","2010","33 years","33",,,4411,3880150,113.681
,"2010","2010","34 years","34","Female","F",1550,1923012,80.603
,"2010","2010","34 years","34","Male","M",2877,1916204,150.141
"Total","2010","2010","34 years","34",,,4427,3839216,115.310
,"2010","2010","35 years","35","Female","F",1699,1975518,86.003
,"2010","2010","35 years","35","Male","M",3060,1980916,154.474
"Total","2010","2010","35 years","35",,,4759,3956434,120.285
,"2010","2010","36 years","36","Female","F",1869,1911492,97.777
,"2010","2010","36 years","36","Male","M",3128,1890595,165.451
"Total","2010","2010","36 years","36",,,4997,3802087,131.428
,"2010","2010","37 years","37","Female","F",1999,1981059,100.906
,"2010","2010","37 years","37","Male","M",3403,1953386,174.210
"Total","2010","2010","37 years","37",,,5402,3934445,137.300
,"2010","2010","38 years","38","Female","F",2255,2072160,108.824
,"2010","2010","38 years","38","Male","M",3775,2049720,184.171
"Total","2010","2010","38 years","38",,,6030,4121880,146.292
,"2010","2010","39 years","39","Female","F",2576,2197391,117.230
,"2010","2010","39 years","39","Male","M",4248,2167405,195.995
"Total","2010","2010","39 years","39",,,6824,4364796,156.342
,"2010","2010","40 years","40","Female","F",2712,2192025,123.721
,"2010","2010","40 years","40","Male","M",4395,2191249,200.571
"Total","2010","2010","40 years","40",,,7107,4383274,162.139
,"2010","2010","41 years","41","Female","F",2911,2067167,140.821
,"2010","2010","41 years","41","Male","M",4683,2047818,228.682
"Total","2010","2010","41 years","41",,,7594,4114985,184.545
,"2010","2010","42 years","42","Female","F",3107,2047451,151.750
,"2010","2010","42 years","42","Male","M",5080,2028653,250.412
"Total","2010","2010","42 years","42",,,8187,4076104,200.854
,"2010","2010","43 years","43","Female","F",3491,2069115,168.719
,"2010","2010","43 years","43","Male","M",5391,2035990,264.785
"Total","2010","2010","43 years","43",,,8882,4105105,216.365
,"2010","2010","44 years","44","Female","F",3980,2121229,187.627
,"2010","2010","44 years","44","Male","M",6271,2090267,300.010
"Total","2010","2010","44 years","44",,,10251,4211496,243.405
,"2010","2010","45 years","45","Female","F",4461,2271418,196.397
,"2010","2010","45 years","45","Male","M",7166,2237450,320.275
"Total","2010","2010","45 years","45",,,11627,4508868,257.870
,"2010","2010","46 years","46","Female","F",5342,2288779,233.400
,"2010","2010","46 years","46","Male","M",8147,2230982,365.176
"Total","2010","2010","46 years","46",,,13489,4519761,298.445
,"2010","2010","47 years","47","Female","F",5739,2297017,249.846
,"2010","2010","47 years","47","Male","M",8979,2238248,401.162
"Total","2010","2010","47 years","47",,,14718,4535265,324.523
,"2010","2010","48 years","48","Female","F",6197,2301062,269.310
,"2010","2010","48 years","48","Male","M",9727,2237734,434.681
"Total","2010","2010","48 years","48",,,15924,4538796,350.842
,"2010","2010","49 years","49","Female","F",6884,2341230,294.033
,"2010","2010","49 years","49","Male","M",10927,2264671,482.498
"Total","2010","2010","49 years","49",,,17811,4605901,386.700
,"2010","2010","50 years","50","Female","F",7527,2359941,318.949
,"2010","2010","50 years","50","Male","M",11736,2300354,510.182
"Total","2010","2010","50 years","50",,,19263,4660295,413.343
,"2010","2010","51 years","51","Female","F",7887,2273865,346.854
,"2010","2010","51 years","51","Male","M",12372,2190766,564.734
"Total","2010","2010","51 years","51",,,20259,4464631,453.767
,"2010","2010","52 years","52","Female","F",8717,2293600,380.058
,"2010","2010","52 years","52","Male","M",13516,2207246,612.347
"Total","2010","2010","52 years","52",,,22233,4500846,493.974
,"2010","2010","53 years","53","Female","F",8894,2239000,397.231
,"2010","2010","53 years","53","Male","M",14468,2141354,675.647
"Total","2010","2010","53 years","53",,,23362,4380354,533.336
,"2010","2010","54 years","54","Female","F",9541,2198445,433.989
,"2010","2010","54 years","54","Male","M",14980,2093554,715.530
"Total","2010","2010","54 years","54",,,24521,4291999,571.319
,"2010","2010","55 years","55","Female","F",9631,2181236,441.539
,"2010","2010","55 years","55","Male","M",15999,2073473,771.604
"Total","2010","2010","55 years","55",,,25630,4254709,602.391
,"2010","2010","56 years","56","Female","F",10338,2081372,496.692
,"2010","2010","56 years","56","Male","M",16702,1956141,853.824
"Total","2010","2010","56 years","56",,,27040,4037513,669.719
,"2010","2010","57 years","57","Female","F",10529,2031031,518.407
,"2010","2010","57 years","57","Male","M",17421,1905355,914.318
"Total","2010","2010","57 years","57",,,27950,3936386,710.042
,"2010","2010","58 years","58","Female","F",11171,1960120,569.914
,"2010","2010","58 years","58","Male","M",18022,1834808,982.228
"Total","2010","2010","58 years","58",,,29193,3794928,769.264
,"2010","2010","59 years","59","Female","F",11517,1887398,610.205
,"2010","2010","59 years","59","Male","M",18631,1753871,1062.279
"Total","2010","2010","59 years","59",,,30148,3641269,827.953
,"2010","2010","60 years","60","Female","F",12037,1875624,641.760
,"2010","2010","60 years","60","Male","M",19103,1745507,1094.410
"Total","2010","2010","60 years","60",,,31140,3621131,859.952
,"2010","2010","61 years","61","Female","F",12934,1813519,713.199
,"2010","2010","61 years","61","Male","M",19629,1679077,1169.035
"Total","2010","2010","61 years","61",,,32563,3492596,932.344
,"2010","2010","62 years","62","Female","F",14148,1850490,764.554
,"2010","2010","62 years","62","Male","M",21423,1712692,1250.838
"Total","2010","2010","62 years","62",,,35571,3563182,998.293
,"2010","2010","63 years","63","Female","F",15631,1811555,862.850
,"2010","2010","63 years","63","Male","M",22714,1672329,1358.226
"Total","2010","2010","63 years","63",,,38345,3483884,1100.639
,"2010","2010","64 years","64","Female","F",13571,1389236,976.868
,"2010","2010","64 years","64","Male","M",19651,1267895,1549.892
"Total","2010","2010","64 years","64",,,33222,2657131,1250.296
,"2010","2010","65 years","65","Female","F",14216,1407451,1010.053
,"2010","2010","65 years","65","Male","M",20163,1273310,1583.511
"Total","2010","2010","65 years","65",,,34379,2680761,1282.434
,"2010","2010","66 years","66","Female","F",15551,1390865,1118.081
,"2010","2010","66 years","66","Male","M",21498,1248276,1722.215
"Total","2010","2010","66 years","66",,,37049,2639141,1403.828
,"2010","2010","67 years","67","Female","F",17027,1400459,1215.816
,"2010","2010","67 years","67","Male","M",23112,1248906,1850.580
"Total","2010","2010","67 years","67",,,40139,2649365,1515.042
,"2010","2010","68 years","68","Female","F",16770,1236376,1356.383
,"2010","2010","68 years","68","Male","M",22423,1087296,2062.272
"Total","2010","2010","68 years","68",,,39193,2323672,1686.684
,"2010","2010","69 years","69","Female","F",16879,1147565,1470.854
,"2010","2010","69 years","69","Male","M",22323,994759,2244.061
"Total","2010","2010","69 years","69",,,39202,2142324,1829.882
,"2010","2010","70 years","70","Female","F",17567,1097510,1600.623
,"2010","2010","70 years","70","Male","M",22614,945611,2391.470
"Total","2010","2010","70 years","70",,,40181,2043121,1966.648
,"2010","2010","71 years","71","Female","F",18436,1049175,1757.190
,"2010","2010","71 years","71","Male","M",23150,900148,2571.799
"Total","2010","2010","71 years","71",,,41586,1949323,2133.356
,"2010","2010","72 years","72","Female","F",19481,1010549,1927.764
,"2010","2010","72 years","72","Male","M",24267,853726,2842.481
"Total","2010","2010","72 years","72",,,43748,1864275,2346.650
,"2010","2010","73 years","73","Female","F",20061,949097,2113.693
,"2010","2010","73 years","73","Male","M",24447,787863,3102.951
"Total","2010","2010","73 years","73",,,44508,1736960,2562.408
,"2010","2010","74 years","74","Female","F",21459,927863,2312.734
,"2010","2010","74 years","74","Male","M",25707,756624,3397.592
"Total","2010","2010","74 years","74",,,47166,1684487,2800.022
,"2010","2010","75 years","75","Female","F",23124,899069,2571.994
,"2010","2010","75 years","75","Male","M",26827,721008,3720.763
"Total","2010","2010","75 years","75",,,49951,1620077,3083.249
,"2010","2010","76 years","76","Female","F",23647,823266,2872.340
,"2010","2010","76 years","76","Male","M",26978,647804,4164.531
"Total","2010","2010","76 years","76",,,50625,1471070,3441.373
,"2010","2010","77 years","77","Female","F",25695,823446,3120.423
,"2010","2010","77 years","77","Male","M",28317,631884,4481.361
"Total","2010","2010","77 years","77",,,54012,1455330,3711.323
,"2010","2010","78 years","78","Female","F",27985,797665,3508.365
,"2010","2010","78 years","78","Male","M",29782,602458,4943.415
"Total","2010","2010","78 years","78",,,57767,1400123,4125.852
,"2010","2010","79 years","79","Female","F",29891,791961,3774.302
,"2010","2010","79 years","79","Male","M",31102,579234,5369.505
"Total","2010","2010","79 years","79",,,60993,1371195,4448.164
,"2010","2010","80 years","80","Female","F",32361,764952,4230.462
,"2010","2010","80 years","80","Male","M",32596,543559,5996.773
"Total","2010","2010","80 years","80",,,64957,1308511,4964.192
,"2010","2010","81 years","81","Female","F",34046,717995,4741.816
,"2010","2010","81 years","81","Male","M",33131,494870,6694.890
"Total","2010","2010","81 years","81",,,67177,1212865,5538.704
,"2010","2010","82 years","82","Female","F",37003,698438,5297.965
,"2010","2010","82 years","82","Male","M",34408,462983,7431.806
"Total","2010","2010","82 years","82",,,71411,1161421,6148.589
,"2010","2010","83 years","83","Female","F",38905,654978,5939.894
,"2010","2010","83 years","83","Male","M",34214,419831,8149.470
"Total","2010","2010","83 years","83",,,73119,1074809,6802.976
,"2010","2010","84 years","84","Female","F",41164,612590,6719.666
,"2010","2010","84 years","84","Male","M",34475,373131,9239.382
"Total","2010","2010","84 years","84",,,75639,985721,7673.469
,"2010","2010","85 years","85","Female","F",43839,Not Applicable,Not Applicable
,"2010","2010","85 years","85","Male","M",34475,Not Applicable,Not Applicable
"Total","2010","2010","85 years","85",,,78314,Not Applicable,Not Applicable
,"2010","2010","86 years","86","Female","F",44504,Not Applicable,Not Applicable
,"2010","2010","86 years","86","Male","M",33170,Not Applicable,Not Applicable
"Total","2010","2010","86 years","86",,,77674,Not Applicable,Not Applicable
,"2010","2010","87 years","87","Female","F",44083,Not Applicable,Not Applicable
,"2010","2010","87 years","87","Male","M",31744,Not Applicable,Not Applicable
"Total","2010","2010","87 years","87",,,75827,Not Applicable,Not Applicable
,"2010","2010","88 years","88","Female","F",45047,Not Applicable,Not Applicable
,"2010","2010","88 years","88","Male","M",30562,Not Applicable,Not Applicable
"Total","2010","2010","88 years","88",,,75609,Not Applicable,Not Applicable
,"2010","2010","89 years","89","Female","F",44264,Not Applicable,Not Applicable
,"2010","2010","89 years","89","Male","M",27749,Not Applicable,Not Applicable
"Total","2010","2010","89 years","89",,,72013,Not Applicable,Not Applicable
,"2010","2010","90 years","90","Female","F",41648,Not Applicable,Not Applicable
,"2010","2010","90 years","90","Male","M",24776,Not Applicable,Not Applicable
"Total","2010","2010","90 years","90",,,66424,Not Applicable,Not Applicable
,"2010","2010","91 years","91","Female","F",36867,Not Applicable,Not Applicable
,"2010","2010","91 years","91","Male","M",20026,Not Applicable,Not Applicable
"Total","2010","2010","91 years","91",,,56893,Not Applicable,Not Applicable
,"2010","2010","92 years","92","Female","F",34876,Not Applicable,Not Applicable
,"2010","2010","92 years","92","Male","M",17850,Not Applicable,Not Applicable
"Total","2010","2010","92 years","92",,,52726,Not Applicable,Not Applicable
,"2010","2010","93 years","93","Female","F",30598,Not Applicable,Not Applicable
,"2010","2010","93 years","93","Male","M",14440,Not Applicable,Not Applicable
"Total","2010","2010","93 years","93",,,45038,Not Applicable,Not Applicable
,"2010","2010","94 years","94","Female","F",26949,Not Applicable,Not Applicable
,"2010","2010","94 years","94","Male","M",11494,Not Applicable,Not Applicable
"Total","2010","2010","94 years","94",,,38443,Not Applicable,Not Applicable
,"2010","2010","95 years","95","Female","F",23675,Not Applicable,Not Applicable
,"2010","2010","95 years","95","Male","M",9008,Not Applicable,Not Applicable
"Total","2010","2010","95 years","95",,,32683,Not Applicable,Not Applicable
,"2010","2010","96 years","96","Female","F",19366,Not Applicable,Not Applicable
,"2010","2010","96 years","96","Male","M",6746,Not Applicable,Not Applicable
"Total","2010","2010","96 years","96",,,26112,Not Applicable,Not Applicable
,"2010","2010","97 years","97","Female","F",15194,Not Applicable,Not Applicable
,"2010","2010","97 years","97","Male","M",4729,Not Applicable,Not Applicable
"Total","2010","2010","97 years","97",,,19923,Not Applicable,Not Applicable
,"2010","2010","98 years","98","Female","F",11657,Not Applicable,Not Applicable
,"2010","2010","98 years","98","Male","M",3288,Not Applicable,Not Applicable
"Total","2010","2010","98 years","98",,,14945,Not Applicable,Not Applicable
,"2010","2010","99 years","99","Female","F",8819,Not Applicable,Not Applicable
,"2010","2010","99 years","99","Male","M",2202,Not Applicable,Not Applicable
"Total","2010","2010","99 years","99",,,11021,Not Applicable,Not Applicable
,"2010","2010","100+ years","100","Female","F",18222,Not Applicable,Not Applicable
,"2010","2010","100+ years","100","Male","M",3607,Not Applicable,Not Applicable
"Total","2010","2010","100+ years","100",,,21829,Not Applicable,Not Applicable
,"2010","2010","Not Stated","NS","Female","F",39,Not Applicable,Not Applicable
,"2010","2010","Not Stated","NS","Male","M",87,Not Applicable,Not Applicable
"Total","2010","2010","Not Stated","NS",,,126,Not Applicable,Not Applicable
"Total","2010","2010",,,,,2468435,308745538,799.505
,"2011","2011","< 1 year","0","Female","F",10658,1952827,545.773
,"2011","2011","< 1 year","0","Male","M",13327,2043710,652.098
"Total","2011","2011","< 1 year","0",,,23985,3996537,600.145
,"2011","2011","1 year","1","Female","F",754,1941933,38.827
,"2011","2011","1 year","1","Male","M",918,2027089,45.287
"Total","2011","2011","1 year","1",,,1672,3969022,42.126
,"2011","2011","2 years","2","Female","F",444,1944761,22.831
,"2011","2011","2 years","2","Male","M",619,2026999,30.538
"Total","2011","2011","2 years","2",,,1063,3971760,26.764
,"2011","2011","3 years","3","Female","F",345,2007550,17.185
,"2011","2011","3 years","3","Male","M",492,2094735,23.487
"Total","2011","2011","3 years","3",,,837,4102285,20.403
,"2011","2011","4 years","4","Female","F",298,2015487,14.786
,"2011","2011","4 years","4","Male","M",376,2106967,17.846
"Total","2011","2011","4 years","4",,,674,4122454,16.349
,"2011","2011","5 years","5","Female","F",245,1998262,12.261
,"2011","2011","5 years","5","Male","M",326,2089887,15.599
"Total","2011","2011","5 years","5",,,571,4088149,13.967
,"2011","2011","6 years","6","Female","F",219,1993089,10.988
,"2011","2011","6 years","6","Male","M",283,2081870,13.594
"Total","2011","2011","6 years","6",,,502,4074959,12.319
,"2011","2011","7 years","7","Female","F",202,1998546,10.107
,"2011","2011","7 years","7","Male","M",256,2084600,12.281
"Total","2011","2011","7 years","7",,,458,4083146,11.217
,"2011","2011","8 years","8","Female","F",210,1984554,10.582
,"2011","2011","8 years","8","Male","M",273,2068403,13.199
"Total","2011","2011","8 years","8",,,483,4052957,11.917
,"2011","2011","9 years","9","Female","F",195,1975558,9.871
,"2011","2011","9 years","9","Male","M",242,2059427,11.751
"Total","2011","2011","9 years","9",,,437,4034985,10.830
,"2011","2011","10 years","10","Female","F",202,2022470,9.988
,"2011","2011","10 years","10","Male","M",255,2111674,12.076
"Total","2011","2011","10 years","10",,,457,4134144,11.054
,"2011","2011","11 years","11","Female","F",177,2048722,8.640
,"2011","2011","11 years","11","Male","M",301,2146783,14.021
"Total","2011","2011","11 years","11",,,478,4195505,11.393
,"2011","2011","12 years","12","Female","F",205,2014482,10.176
,"2011","2011","12 years","12","Male","M",326,2109723,15.452
"Total","2011","2011","12 years","12",,,531,4124205,12.875
,"2011","2011","13 years","13","Female","F",237,2013430,11.771
,"2011","2011","13 years","13","Male","M",397,2108648,18.827
"Total","2011","2011","13 years","13",,,634,4122078,15.381
,"2011","2011","14 years","14","Female","F",330,2018718,16.347
,"2011","2011","14 years","14","Male","M",520,2110202,24.642
"Total","2011","2011","14 years","14",,,850,4128920,20.586
,"2011","2011","15 years","15","Female","F",361,2027333,17.807
,"2011","2011","15 years","15","Male","M",654,2129503,30.711
"Total","2011","2011","15 years","15",,,1015,4156836,24.418
,"2011","2011","16 years","16","Female","F",497,2066353,24.052
,"2011","2011","16 years","16","Male","M",1039,2179126,47.680
"Total","2011","2011","16 years","16",,,1536,4245479,36.180
,"2011","2011","17 years","17","Female","F",618,2105118,29.357
,"2011","2011","17 years","17","Male","M",1392,2225733,62.541
"Total","2011","2011","17 years","17",,,2010,4330851,46.411
,"2011","2011","18 years","18","Female","F",694,2131424,32.560
,"2011","2011","18 years","18","Male","M",2049,2264743,90.474
"Total","2011","2011","18 years","18",,,2743,4396167,62.395
,"2011","2011","19 years","19","Female","F",806,2194869,36.722
,"2011","2011","19 years","19","Male","M",2484,2319841,107.076
"Total","2011","2011","19 years","19",,,3290,4514710,72.873
,"2011","2011","20 years","20","Female","F",837,2246908,37.251
,"2011","2011","20 years","20","Male","M",2567,2349205,109.271
"Total","2011","2011","20 years","20",,,3404,4596113,74.063
,"2011","2011","21 years","21","Female","F",987,2247169,43.922
,"2011","2011","21 years","21","Male","M",2875,2345167,122.593
"Total","2011","2011","21 years","21",,,3862,4592336,84.097
,"2011","2011","22 years","22","Female","F",959,2157940,44.441
,"2011","2011","22 years","22","Male","M",3021,2253092,134.082
"Total","2011","2011","22 years","22",,,3980,4411032,90.228
,"2011","2011","23 years","23","Female","F",1011,2110849,47.895
,"2011","2011","23 years","23","Male","M",2965,2200911,134.717
"Total","2011","2011","23 years","23",,,3976,4311760,92.213
,"2011","2011","24 years","24","Female","F",973,2078266,46.818
,"2011","2011","24 years","24","Male","M",2878,2164325,132.974
"Total","2011","2011","24 years","24",,,3851,4242591,90.770
,"2011","2011","25 years","25","Female","F",1108,2094272,52.906
,"2011","2011","25 years","25","Male","M",2904,2173555,133.606
"Total","2011","2011","25 years","25",,,4012,4267827,94.006
,"2011","2011","26 years","26","Female","F",1154,2123489,54.345
,"2011","2011","26 years","26","Male","M",2946,2187766,134.658
"Total","2011","2011","26 years","26",,,4100,4311255,95.100
,"2011","2011","27 years","27","Female","F",1113,2068944,53.796
,"2011","2011","27 years","27","Male","M",2875,2112504,136.094
"Total","2011","2011","27 years","27",,,3988,4181448,95.374
,"2011","2011","28 years","28","Female","F",1172,2111172,55.514
,"2011","2011","28 years","28","Male","M",2942,2144514,137.187
"Total","2011","2011","28 years","28",,,4114,4255686,96.671
,"2011","2011","29 years","29","Female","F",1333,2120402,62.865
,"2011","2011","29 years","29","Male","M",3025,2143176,141.146
"Total","2011","2011","29 years","29",,,4358,4263578,102.215
,"2011","2011","30 years","30","Female","F",1417,2104748,67.324
,"2011","2011","30 years","30","Male","M",3037,2119768,143.270
"Total","2011","2011","30 years","30",,,4454,4224516,105.432
,"2011","2011","31 years","31","Female","F",1544,2142898,72.052
,"2011","2011","31 years","31","Male","M",3107,2174189,142.904
"Total","2011","2011","31 years","31",,,4651,4317087,107.735
,"2011","2011","32 years","32","Female","F",1552,2021239,76.785
,"2011","2011","32 years","32","Male","M",3111,2031455,153.141
"Total","2011","2011","32 years","32",,,4663,4052694,115.059
,"2011","2011","33 years","33","Female","F",1565,1985773,78.811
,"2011","2011","33 years","33","Male","M",3062,1990264,153.849
"Total","2011","2011","33 years","33",,,4627,3976037,116.372
,"2011","2011","34 years","34","Female","F",1705,1973398,86.399
,"2011","2011","34 years","34","Male","M",3076,1966972,156.383
"Total","2011","2011","34 years","34",,,4781,3940370,121.334
,"2011","2011","35 years","35","Female","F",1696,1916230,88.507
,"2011","2011","35 years","35","Male","M",3061,1911690,160.120
"Total","2011","2011","35 years","35",,,4757,3827920,124.271
,"2011","2011","36 years","36","Female","F",1902,1975873,96.261
,"2011","2011","36 years","36","Male","M",3181,1976826,160.915
"Total","2011","2011","36 years","36",,,5083,3952699,128.596
,"2011","2011","37 years","37","Female","F",1936,1924527,100.596
,"2011","2011","37 years","37","Male","M",3345,1908924,175.230
"Total","2011","2011","37 years","37",,,5281,3833451,137.761
,"2011","2011","38 years","38","Female","F",2194,1963363,111.747
,"2011","2011","38 years","38","Male","M",3653,1935140,188.772
"Total","2011","2011","38 years","38",,,5847,3898503,149.981
,"2011","2011","39 years","39","Female","F",2397,2053005,116.756
,"2011","2011","39 years","39","Male","M",4113,2028731,202.738
"Total","2011","2011","39 years","39",,,6510,4081736,159.491
,"2011","2011","40 years","40","Female","F",2821,2175750,129.656
,"2011","2011","40 years","40","Male","M",4632,2148028,215.640
"Total","2011","2011","40 years","40",,,7453,4323778,172.372
,"2011","2011","41 years","41","Female","F",2960,2197115,134.722
,"2011","2011","41 years","41","Male","M",4856,2187138,222.025
"Total","2011","2011","41 years","41",,,7816,4384253,178.274
,"2011","2011","42 years","42","Female","F",3327,2088504,159.301
,"2011","2011","42 years","42","Male","M",5114,2071160,246.915
"Total","2011","2011","42 years","42",,,8441,4159664,202.925
,"2011","2011","43 years","43","Female","F",3531,2049430,172.292
,"2011","2011","43 years","43","Male","M",5460,2028670,269.142
"Total","2011","2011","43 years","43",,,8991,4078100,220.470
,"2011","2011","44 years","44","Female","F",3914,2060687,189.937
,"2011","2011","44 years","44","Male","M",5800,2027163,286.114
"Total","2011","2011","44 years","44",,,9714,4087850,237.631
,"2011","2011","45 years","45","Female","F",4324,2101047,205.802
,"2011","2011","45 years","45","Male","M",6735,2069751,325.401
"Total","2011","2011","45 years","45",,,11059,4170798,265.153
,"2011","2011","46 years","46","Female","F",5123,2232716,229.451
,"2011","2011","46 years","46","Male","M",7611,2195885,346.603
"Total","2011","2011","46 years","46",,,12734,4428601,287.540
,"2011","2011","47 years","47","Female","F",5592,2286253,244.592
,"2011","2011","47 years","47","Male","M",8896,2231566,398.644
"Total","2011","2011","47 years","47",,,14488,4517819,320.686
,"2011","2011","48 years","48","Female","F",6209,2291974,270.902
,"2011","2011","48 years","48","Male","M",9657,2229381,433.170
"Total","2011","2011","48 years","48",,,15866,4521355,350.913
,"2011","2011","49 years","49","Female","F",6912,2293314,301.398
,"2011","2011","49 years","49","Male","M",10615,2226118,476.839
"Total","2011","2011","49 years","49",,,17527,4519432,387.814
,"2011","2011","50 years","50","Female","F",7584,2329956,325.500
,"2011","2011","50 years","50","Male","M",11747,2251877,521.654
"Total","2011","2011","50 years","50",,,19331,4581833,421.905
,"2011","2011","51 years","51","Female","F",8140,2347996,346.679
,"2011","2011","51 years","51","Male","M",12603,2278457,553.137
"Total","2011","2011","51 years","51",,,20743,4626453,448.356
,"2011","2011","52 years","52","Female","F",8730,2281399,382.660
,"2011","2011","52 years","52","Male","M",13678,2196781,622.638
"Total","2011","2011","52 years","52",,,22408,4478180,500.382
,"2011","2011","53 years","53","Female","F",9094,2274943,399.746
,"2011","2011","53 years","53","Male","M",14602,2183182,668.840
"Total","2011","2011","53 years","53",,,23696,4458125,531.524
,"2011","2011","54 years","54","Female","F",9830,2259358,435.079
,"2011","2011","54 years","54","Male","M",15565,2156249,721.855
"Total","2011","2011","54 years","54",,,25395,4415607,575.119
,"2011","2011","55 years","55","Female","F",10212,2187645,466.803
,"2011","2011","55 years","55","Male","M",16365,2076344,788.164
"Total","2011","2011","55 years","55",,,26577,4263989,623.290
,"2011","2011","56 years","56","Female","F",10407,2173959,478.712
,"2011","2011","56 years","56","Male","M",17542,2058561,852.149
"Total","2011","2011","56 years","56",,,27949,4232520,660.339
,"2011","2011","57 years","57","Female","F",11308,2098676,538.816
,"2011","2011","57 years","57","Male","M",17791,1967413,904.284
"Total","2011","2011","57 years","57",,,29099,4066089,715.651
,"2011","2011","58 years","58","Female","F",11376,2026114,561.469
,"2011","2011","58 years","58","Male","M",18349,1892452,969.589
"Total","2011","2011","58 years","58",,,29725,3918566,758.568
,"2011","2011","59 years","59","Female","F",11840,1953103,606.215
,"2011","2011","59 years","59","Male","M",19082,1821281,1047.724
"Total","2011","2011","59 years","59",,,30922,3774384,819.260
,"2011","2011","60 years","60","Female","F",12231,1903293,642.623
,"2011","2011","60 years","60","Male","M",19768,1761228,1122.399
"Total","2011","2011","60 years","60",,,31999,3664521,873.211
,"2011","2011","61 years","61","Female","F",12871,1861920,691.276
,"2011","2011","61 years","61","Male","M",20051,1722457,1164.093
"Total","2011","2011","61 years","61",,,32922,3584377,918.486
,"2011","2011","62 years","62","Female","F",14066,1815820,774.636
,"2011","2011","62 years","62","Male","M",20897,1671482,1250.208
"Total","2011","2011","62 years","62",,,34963,3487302,1002.580
,"2011","2011","63 years","63","Female","F",15372,1801788,853.153
,"2011","2011","63 years","63","Male","M",22472,1657509,1355.769
"Total","2011","2011","63 years","63",,,37844,3459297,1093.979
,"2011","2011","64 years","64","Female","F",16991,1881617,903.000
,"2011","2011","64 years","64","Male","M",24324,1729478,1406.436
"Total","2011","2011","64 years","64",,,41315,3611095,1144.113
,"2011","2011","65 years","65","Female","F",14478,1400553,1033.735
,"2011","2011","65 years","65","Male","M",20066,1272356,1577.074
"Total","2011","2011","65 years","65",,,34544,2672909,1292.375
,"2011","2011","66 years","66","Female","F",14986,1391276,1077.141
,"2011","2011","66 years","66","Male","M",20755,1251872,1657.917
"Total","2011","2011","66 years","66",,,35741,2643148,1352.213
,"2011","2011","67 years","67","Female","F",16541,1366334,1210.612
,"2011","2011","67 years","67","Male","M",22425,1218210,1840.816
"Total","2011","2011","67 years","67",,,38966,2584544,1507.655
,"2011","2011","68 years","68","Female","F",18091,1406096,1286.612
,"2011","2011","68 years","68","Male","M",24757,1246213,1986.579
"Total","2011","2011","68 years","68",,,42848,2652309,1615.498
,"2011","2011","69 years","69","Female","F",18006,1237599,1454.914
,"2011","2011","69 years","69","Male","M",23370,1083279,2157.339
"Total","2011","2011","69 years","69",,,41376,2320878,1782.774
,"2011","2011","70 years","70","Female","F",18205,1144368,1590.834
,"2011","2011","70 years","70","Male","M",23568,985133,2392.367
"Total","2011","2011","70 years","70",,,41773,2129501,1961.633
,"2011","2011","71 years","71","Female","F",18554,1090731,1701.061
,"2011","2011","71 years","71","Male","M",23663,931609,2540.014
"Total","2011","2011","71 years","71",,,42217,2022340,2087.532
,"2011","2011","72 years","72","Female","F",19650,1031783,1904.470
,"2011","2011","72 years","72","Male","M",24589,879841,2794.709
"Total","2011","2011","72 years","72",,,44239,1911624,2314.210
,"2011","2011","73 years","73","Female","F",20698,1001371,2066.966
,"2011","2011","73 years","73","Male","M",25556,837914,3049.955
"Total","2011","2011","73 years","73",,,46254,1839285,2514.782
,"2011","2011","74 years","74","Female","F",21567,935314,2305.857
,"2011","2011","74 years","74","Male","M",25527,769886,3315.686
"Total","2011","2011","74 years","74",,,47094,1705200,2761.787
,"2011","2011","75 years","75","Female","F",22953,905440,2535.011
,"2011","2011","75 years","75","Male","M",26695,732882,3642.469
"Total","2011","2011","75 years","75",,,49648,1638322,3030.418
,"2011","2011","76 years","76","Female","F",24646,882622,2792.362
,"2011","2011","76 years","76","Male","M",28124,698292,4027.541
"Total","2011","2011","76 years","76",,,52770,1580914,3337.942
,"2011","2011","77 years","77","Female","F",25388,804287,3156.585
,"2011","2011","77 years","77","Male","M",27726,626503,4425.518
"Total","2011","2011","77 years","77",,,53114,1430790,3712.215
,"2011","2011","78 years","78","Female","F",27299,792306,3445.512
,"2011","2011","78 years","78","Male","M",29262,602268,4858.634
"Total","2011","2011","78 years","78",,,56561,1394574,4055.791
,"2011","2011","79 years","79","Female","F",29619,771294,3840.170
,"2011","2011","79 years","79","Male","M",30564,572793,5335.959
"Total","2011","2011","79 years","79",,,60183,1344087,4477.612
,"2011","2011","80 years","80","Female","F",32159,750626,4284.291
,"2011","2011","80 years","80","Male","M",32434,542585,5977.681
"Total","2011","2011","80 years","80",,,64593,1293211,4994.777
,"2011","2011","81 years","81","Female","F",34935,737051,4739.835
,"2011","2011","81 years","81","Male","M",33738,516296,6534.624
"Total","2011","2011","81 years","81",,,68673,1253347,5479.169
,"2011","2011","82 years","82","Female","F",36429,681888,5342.373
,"2011","2011","82 years","82","Male","M",34067,463352,7352.294
"Total","2011","2011","82 years","82",,,70496,1145240,6155.566
,"2011","2011","83 years","83","Female","F",39109,657980,5943.798
,"2011","2011","83 years","83","Male","M",35081,429120,8175.103
"Total","2011","2011","83 years","83",,,74190,1087100,6824.579
,"2011","2011","84 years","84","Female","F",40995,618703,6625.958
,"2011","2011","84 years","84","Male","M",35002,388942,8999.285
"Total","2011","2011","84 years","84",,,75997,1007645,7542.041
,"2011","2011","85 years","85","Female","F",42802,Not Applicable,Not Applicable
,"2011","2011","85 years","85","Male","M",34405,Not Applicable,Not Applicable
"Total","2011","2011","85 years","85",,,77207,Not Applicable,Not Applicable
,"2011","2011","86 years","86","Female","F",44784,Not Applicable,Not Applicable
,"2011","2011","86 years","86","Male","M",33626,Not Applicable,Not Applicable
"Total","2011","2011","86 years","86",,,78410,Not Applicable,Not Applicable
,"2011","2011","87 years","87","Female","F",45626,Not Applicable,Not Applicable
,"2011","2011","87 years","87","Male","M",32653,Not Applicable,Not Applicable
"Total","2011","2011","87 years","87",,,78279,Not Applicable,Not Applicable
,"2011","2011","88 years","88","Female","F",45059,Not Applicable,Not Applicable
,"2011","2011","88 years","88","Male","M",30358,Not Applicable,Not Applicable
"Total","2011","2011","88 years","88",,,75417,Not Applicable,Not Applicable
,"2011","2011","89 years","89","Female","F",45776,Not Applicable,Not Applicable
,"2011","2011","89 years","89","Male","M",28823,Not Applicable,Not Applicable
"Total","2011","2011","89 years","89",,,74599,Not Applicable,Not Applicable
,"2011","2011","90 years","90","Female","F",43922,Not Applicable,Not Applicable
,"2011","2011","90 years","90","Male","M",26069,Not Applicable,Not Applicable
"Total","2011","2011","90 years","90",,,69991,Not Applicable,Not Applicable
,"2011","2011","91 years","91","Female","F",40280,Not Applicable,Not Applicable
,"2011","2011","91 years","91","Male","M",22511,Not Applicable,Not Applicable
"Total","2011","2011","91 years","91",,,62791,Not Applicable,Not Applicable
,"2011","2011","92 years","92","Female","F",35454,Not Applicable,Not Applicable
,"2011","2011","92 years","92","Male","M",18351,Not Applicable,Not Applicable
"Total","2011","2011","92 years","92",,,53805,Not Applicable,Not Applicable
,"2011","2011","93 years","93","Female","F",32438,Not Applicable,Not Applicable
,"2011","2011","93 years","93","Male","M",15295,Not Applicable,Not Applicable
"Total","2011","2011","93 years","93",,,47733,Not Applicable,Not Applicable
,"2011","2011","94 years","94","Female","F",27745,Not Applicable,Not Applicable
,"2011","2011","94 years","94","Male","M",12148,Not Applicable,Not Applicable
"Total","2011","2011","94 years","94",,,39893,Not Applicable,Not Applicable
,"2011","2011","95 years","95","Female","F",24108,Not Applicable,Not Applicable
,"2011","2011","95 years","95","Male","M",9303,Not Applicable,Not Applicable
"Total","2011","2011","95 years","95",,,33411,Not Applicable,Not Applicable
,"2011","2011","96 years","96","Female","F",20197,Not Applicable,Not Applicable
,"2011","2011","96 years","96","Male","M",7136,Not Applicable,Not Applicable
"Total","2011","2011","96 years","96",,,27333,Not Applicable,Not Applicable
,"2011","2011","97 years","97","Female","F",16270,Not Applicable,Not Applicable
,"2011","2011","97 years","97","Male","M",5147,Not Applicable,Not Applicable
"Total","2011","2011","97 years","97",,,21417,Not Applicable,Not Applicable
,"2011","2011","98 years","98","Female","F",12398,Not Applicable,Not Applicable
,"2011","2011","98 years","98","Male","M",3460,Not Applicable,Not Applicable
"Total","2011","2011","98 years","98",,,15858,Not Applicable,Not Applicable
,"2011","2011","99 years","99","Female","F",9190,Not Applicable,Not Applicable
,"2011","2011","99 years","99","Male","M",2401,Not Applicable,Not Applicable
"Total","2011","2011","99 years","99",,,11591,Not Applicable,Not Applicable
,"2011","2011","100+ years","100","Female","F",19071,Not Applicable,Not Applicable
,"2011","2011","100+ years","100","Male","M",3739,Not Applicable,Not Applicable
"Total","2011","2011","100+ years","100",,,22810,Not Applicable,Not Applicable
,"2011","2011","Not Stated","NS","Female","F",35,Not Applicable,Not Applicable
,"2011","2011","Not Stated","NS","Male","M",99,Not Applicable,Not Applicable
"Total","2011","2011","Not Stated","NS",,,134,Not Applicable,Not Applicable
"Total","2011","2011",,,,,2515458,311591917,807.292
,"2012","2012","< 1 year","0","Female","F",10490,1926339,544.556
,"2012","2012","< 1 year","0","Male","M",13139,2016738,651.498
"Total","2012","2012","< 1 year","0",,,23629,3943077,599.253
,"2012","2012","1 year","1","Female","F",727,1946097,37.357
,"2012","2012","1 year","1","Male","M",900,2035426,44.217
"Total","2012","2012","1 year","1",,,1627,3981523,40.864
,"2012","2012","2 years","2","Female","F",459,1948274,23.559
,"2012","2012","2 years","2","Male","M",620,2031683,30.517
"Total","2012","2012","2 years","2",,,1079,3979957,27.111
,"2012","2012","3 years","3","Female","F",359,1949929,18.411
,"2012","2012","3 years","3","Male","M",461,2032511,22.681
"Total","2012","2012","3 years","3",,,820,3982440,20.590
,"2012","2012","4 years","4","Female","F",278,2012570,13.813
,"2012","2012","4 years","4","Male","M",414,2099777,19.716
"Total","2012","2012","4 years","4",,,692,4112347,16.827
,"2012","2012","5 years","5","Female","F",248,2020709,12.273
,"2012","2012","5 years","5","Male","M",299,2112038,14.157
"Total","2012","2012","5 years","5",,,547,4132747,13.236
,"2012","2012","6 years","6","Female","F",203,2003493,10.132
,"2012","2012","6 years","6","Male","M",243,2095221,11.598
"Total","2012","2012","6 years","6",,,446,4098714,10.881
,"2012","2012","7 years","7","Female","F",173,1998409,8.657
,"2012","2012","7 years","7","Male","M",288,2087555,13.796
"Total","2012","2012","7 years","7",,,461,4085964,11.283
,"2012","2012","8 years","8","Female","F",188,2003830,9.382
,"2012","2012","8 years","8","Male","M",239,2090344,11.434
"Total","2012","2012","8 years","8",,,427,4094174,10.429
,"2012","2012","9 years","9","Female","F",202,1989902,10.151
,"2012","2012","9 years","9","Male","M",251,2074035,12.102
"Total","2012","2012","9 years","9",,,453,4063937,11.147
,"2012","2012","10 years","10","Female","F",191,1980794,9.643
,"2012","2012","10 years","10","Male","M",249,2064925,12.059
"Total","2012","2012","10 years","10",,,440,4045719,10.876
,"2012","2012","11 years","11","Female","F",200,2027606,9.864
,"2012","2012","11 years","11","Male","M",271,2117428,12.799
"Total","2012","2012","11 years","11",,,471,4145034,11.363
,"2012","2012","12 years","12","Female","F",209,2053985,10.175
,"2012","2012","12 years","12","Male","M",301,2152954,13.981
"Total","2012","2012","12 years","12",,,510,4206939,12.123
,"2012","2012","13 years","13","Female","F",243,2020062,12.029
,"2012","2012","13 years","13","Male","M",379,2116190,17.910
"Total","2012","2012","13 years","13",,,622,4136252,15.038
,"2012","2012","14 years","14","Female","F",307,2019557,15.201
,"2012","2012","14 years","14","Male","M",516,2115717,24.389
"Total","2012","2012","14 years","14",,,823,4135274,19.902
,"2012","2012","15 years","15","Female","F",392,2025654,19.352
,"2012","2012","15 years","15","Male","M",696,2118360,32.856
"Total","2012","2012","15 years","15",,,1088,4144014,26.255
,"2012","2012","16 years","16","Female","F",497,2035449,24.417
,"2012","2012","16 years","16","Male","M",962,2138825,44.978
"Total","2012","2012","16 years","16",,,1459,4174274,34.952
,"2012","2012","17 years","17","Female","F",520,2075821,25.050
,"2012","2012","17 years","17","Male","M",1319,2189881,60.232
"Total","2012","2012","17 years","17",,,1839,4265702,43.111
,"2012","2012","18 years","18","Female","F",701,2116371,33.123
,"2012","2012","18 years","18","Male","M",1971,2237646,88.084
"Total","2012","2012","18 years","18",,,2672,4354017,61.369
,"2012","2012","19 years","19","Female","F",740,2144546,34.506
,"2012","2012","19 years","19","Male","M",2276,2278149,99.906
"Total","2012","2012","19 years","19",,,3016,4422695,68.194
,"2012","2012","20 years","20","Female","F",856,2208792,38.754
,"2012","2012","20 years","20","Male","M",2553,2334982,109.337
"Total","2012","2012","20 years","20",,,3409,4543774,75.026
,"2012","2012","21 years","21","Female","F",938,2261030,41.486
,"2012","2012","21 years","21","Male","M",2857,2366479,120.728
"Total","2012","2012","21 years","21",,,3795,4627509,82.010
,"2012","2012","22 years","22","Female","F",1009,2261968,44.607
,"2012","2012","22 years","22","Male","M",3086,2361771,130.665
"Total","2012","2012","22 years","22",,,4095,4623739,88.565
,"2012","2012","23 years","23","Female","F",1009,2173970,46.413
,"2012","2012","23 years","23","Male","M",2830,2269569,124.693
"Total","2012","2012","23 years","23",,,3839,4443539,86.395
,"2012","2012","24 years","24","Female","F",1064,2127987,50.000
,"2012","2012","24 years","24","Male","M",2906,2216655,131.098
"Total","2012","2012","24 years","24",,,3970,4344642,91.377
,"2012","2012","25 years","25","Female","F",1066,2095941,50.860
,"2012","2012","25 years","25","Male","M",2891,2179197,132.664
"Total","2012","2012","25 years","25",,,3957,4275138,92.558
,"2012","2012","26 years","26","Female","F",1144,2111487,54.180
,"2012","2012","26 years","26","Male","M",2983,2187301,136.378
"Total","2012","2012","26 years","26",,,4127,4298788,96.004
,"2012","2012","27 years","27","Female","F",1167,2139336,54.550
,"2012","2012","27 years","27","Male","M",2948,2200238,133.986
"Total","2012","2012","27 years","27",,,4115,4339574,94.825
,"2012","2012","28 years","28","Female","F",1294,2083043,62.121
,"2012","2012","28 years","28","Male","M",2990,2123571,140.801
"Total","2012","2012","28 years","28",,,4284,4206614,101.840
,"2012","2012","29 years","29","Female","F",1370,2123633,64.512
,"2012","2012","29 years","29","Male","M",3139,2154579,145.690
"Total","2012","2012","29 years","29",,,4509,4278212,105.394
,"2012","2012","30 years","30","Female","F",1497,2131196,70.242
,"2012","2012","30 years","30","Male","M",3089,2152214,143.527
"Total","2012","2012","30 years","30",,,4586,4283410,107.064
,"2012","2012","31 years","31","Female","F",1486,2114263,70.285
,"2012","2012","31 years","31","Male","M",3208,2127915,150.758
"Total","2012","2012","31 years","31",,,4694,4242178,110.651
,"2012","2012","32 years","32","Female","F",1507,2151063,70.058
,"2012","2012","32 years","32","Male","M",3159,2180995,144.842
"Total","2012","2012","32 years","32",,,4666,4332058,107.709
,"2012","2012","33 years","33","Female","F",1639,2028414,80.802
,"2012","2012","33 years","33","Male","M",3189,2037148,156.542
"Total","2012","2012","33 years","33",,,4828,4065562,118.754
,"2012","2012","34 years","34","Female","F",1638,1992153,82.223
,"2012","2012","34 years","34","Male","M",3187,1995634,159.699
"Total","2012","2012","34 years","34",,,4825,3987787,120.994
,"2012","2012","35 years","35","Female","F",1783,1978944,90.099
,"2012","2012","35 years","35","Male","M",3228,1971623,163.723
"Total","2012","2012","35 years","35",,,5011,3950567,126.843
,"2012","2012","36 years","36","Female","F",1833,1920986,95.420
,"2012","2012","36 years","36","Male","M",3339,1915483,174.316
"Total","2012","2012","36 years","36",,,5172,3836469,134.811
,"2012","2012","37 years","37","Female","F",1923,1979730,97.134
,"2012","2012","37 years","37","Male","M",3481,1979762,175.829
"Total","2012","2012","37 years","37",,,5404,3959492,136.482
,"2012","2012","38 years","38","Female","F",2096,1927815,108.724
,"2012","2012","38 years","38","Male","M",3526,1911189,184.492
"Total","2012","2012","38 years","38",,,5622,3839004,146.444
,"2012","2012","39 years","39","Female","F",2369,1966111,120.492
,"2012","2012","39 years","39","Male","M",3794,1936556,195.915
"Total","2012","2012","39 years","39",,,6163,3902667,157.918
,"2012","2012","40 years","40","Female","F",2654,2055091,129.143
,"2012","2012","40 years","40","Male","M",4355,2029390,214.597
"Total","2012","2012","40 years","40",,,7009,4084481,171.601
,"2012","2012","41 years","41","Female","F",3036,2177317,139.438
,"2012","2012","41 years","41","Male","M",4888,2147646,227.598
"Total","2012","2012","41 years","41",,,7924,4324963,183.215
,"2012","2012","42 years","42","Female","F",3295,2198171,149.897
,"2012","2012","42 years","42","Male","M",5142,2185851,235.240
"Total","2012","2012","42 years","42",,,8437,4384022,192.449
,"2012","2012","43 years","43","Female","F",3508,2089016,167.926
,"2012","2012","43 years","43","Male","M",5398,2069535,260.832
"Total","2012","2012","43 years","43",,,8906,4158551,214.161
,"2012","2012","44 years","44","Female","F",3736,2049632,182.277
,"2012","2012","44 years","44","Male","M",5778,2026572,285.112
"Total","2012","2012","44 years","44",,,9514,4076204,233.403
,"2012","2012","45 years","45","Female","F",4176,2060421,202.677
,"2012","2012","45 years","45","Male","M",6260,2024091,309.275
"Total","2012","2012","45 years","45",,,10436,4084512,255.502
,"2012","2012","46 years","46","Female","F",4666,2100030,222.187
,"2012","2012","46 years","46","Male","M",7167,2065705,346.952
"Total","2012","2012","46 years","46",,,11833,4165735,284.056
,"2012","2012","47 years","47","Female","F",5404,2230790,242.246
,"2012","2012","47 years","47","Male","M",8320,2190557,379.812
"Total","2012","2012","47 years","47",,,13724,4421347,310.403
,"2012","2012","48 years","48","Female","F",6159,2283327,269.738
,"2012","2012","48 years","48","Male","M",9404,2224991,422.653
"Total","2012","2012","48 years","48",,,15563,4508318,345.206
,"2012","2012","49 years","49","Female","F",6687,2288286,292.227
,"2012","2012","49 years","49","Male","M",10236,2221281,460.815
"Total","2012","2012","49 years","49",,,16923,4509567,375.269
,"2012","2012","50 years","50","Female","F",7385,2288813,322.656
,"2012","2012","50 years","50","Male","M",11516,2216795,519.489
"Total","2012","2012","50 years","50",,,18901,4505608,419.499
,"2012","2012","51 years","51","Female","F",8173,2324789,351.559
,"2012","2012","51 years","51","Male","M",12718,2241462,567.398
"Total","2012","2012","51 years","51",,,20891,4566251,457.509
,"2012","2012","52 years","52","Female","F",8648,2342152,369.233
,"2012","2012","52 years","52","Male","M",13670,2267371,602.901
"Total","2012","2012","52 years","52",,,22318,4609523,484.172
,"2012","2012","53 years","53","Female","F",9119,2275082,400.821
,"2012","2012","53 years","53","Male","M",14419,2184843,659.956
"Total","2012","2012","53 years","53",,,23538,4459925,527.767
,"2012","2012","54 years","54","Female","F",9832,2268178,433.476
,"2012","2012","54 years","54","Male","M",15504,2169774,714.544
"Total","2012","2012","54 years","54",,,25336,4437952,570.894
,"2012","2012","55 years","55","Female","F",10465,2251970,464.704
,"2012","2012","55 years","55","Male","M",16982,2141280,793.077
"Total","2012","2012","55 years","55",,,27447,4393250,624.754
,"2012","2012","56 years","56","Female","F",11110,2179804,509.679
,"2012","2012","56 years","56","Male","M",17497,2060591,849.125
"Total","2012","2012","56 years","56",,,28607,4240395,674.631
,"2012","2012","57 years","57","Female","F",11452,2165714,528.786
,"2012","2012","57 years","57","Male","M",18287,2041891,895.591
"Total","2012","2012","57 years","57",,,29739,4207605,706.792
,"2012","2012","58 years","58","Female","F",11875,2089942,568.198
,"2012","2012","58 years","58","Male","M",19214,1950176,985.244
"Total","2012","2012","58 years","58",,,31089,4040118,769.507
,"2012","2012","59 years","59","Female","F",12333,2016678,611.550
,"2012","2012","59 years","59","Male","M",19763,1874471,1054.324
"Total","2012","2012","59 years","59",,,32096,3891149,824.846
,"2012","2012","60 years","60","Female","F",12860,1942997,661.864
,"2012","2012","60 years","60","Male","M",20375,1802492,1130.379
"Total","2012","2012","60 years","60",,,33235,3745489,887.334
,"2012","2012","61 years","61","Female","F",13443,1893029,710.132
,"2012","2012","61 years","61","Male","M",20848,1742427,1196.492
"Total","2012","2012","61 years","61",,,34291,3635456,943.238
,"2012","2012","62 years","62","Female","F",13856,1851190,748.492
,"2012","2012","62 years","62","Male","M",21706,1703249,1274.388
"Total","2012","2012","62 years","62",,,35562,3554439,1000.495
,"2012","2012","63 years","63","Female","F",15102,1803760,837.251
,"2012","2012","63 years","63","Male","M",22438,1650927,1359.115
"Total","2012","2012","63 years","63",,,37540,3454687,1086.640
,"2012","2012","64 years","64","Female","F",16159,1788224,903.634
,"2012","2012","64 years","64","Male","M",23841,1635390,1457.817
"Total","2012","2012","64 years","64",,,40000,3423614,1168.356
,"2012","2012","65 years","65","Female","F",17897,1866012,959.104
,"2012","2012","65 years","65","Male","M",25435,1704827,1491.940
"Total","2012","2012","65 years","65",,,43332,3570839,1213.496
,"2012","2012","66 years","66","Female","F",15381,1388112,1108.052
,"2012","2012","66 years","66","Male","M",21560,1252872,1720.846
"Total","2012","2012","66 years","66",,,36941,2640984,1398.759
,"2012","2012","67 years","67","Female","F",15983,1377451,1160.332
,"2012","2012","67 years","67","Male","M",22227,1231618,1804.699
"Total","2012","2012","67 years","67",,,38210,2609069,1464.507
,"2012","2012","68 years","68","Female","F",17908,1350715,1325.816
,"2012","2012","68 years","68","Male","M",23802,1196231,1989.749
"Total","2012","2012","68 years","68",,,41710,2546946,1637.648
,"2012","2012","69 years","69","Female","F",19406,1388207,1397.918
,"2012","2012","69 years","69","Male","M",25891,1221308,2119.940
"Total","2012","2012","69 years","69",,,45297,2609515,1735.840
,"2012","2012","70 years","70","Female","F",19152,1219998,1569.839
,"2012","2012","70 years","70","Male","M",24721,1059582,2333.090
"Total","2012","2012","70 years","70",,,43873,2279580,1924.609
,"2012","2012","71 years","71","Female","F",19421,1126530,1723.967
,"2012","2012","71 years","71","Male","M",24478,961546,2545.692
"Total","2012","2012","71 years","71",,,43899,2088076,2102.366
,"2012","2012","72 years","72","Female","F",19729,1072341,1839.807
,"2012","2012","72 years","72","Male","M",24875,907557,2740.875
"Total","2012","2012","72 years","72",,,44604,1979898,2252.843
,"2012","2012","73 years","73","Female","F",20487,1012526,2023.355
,"2012","2012","73 years","73","Male","M",25535,855045,2986.393
"Total","2012","2012","73 years","73",,,46022,1867571,2464.270
,"2012","2012","74 years","74","Female","F",22047,980638,2248.230
,"2012","2012","74 years","74","Male","M",26411,812276,3251.481
"Total","2012","2012","74 years","74",,,48458,1792914,2702.751
,"2012","2012","75 years","75","Female","F",22852,913735,2500.944
,"2012","2012","75 years","75","Male","M",26619,744120,3577.246
"Total","2012","2012","75 years","75",,,49471,1657855,2984.037
,"2012","2012","76 years","76","Female","F",24558,882203,2783.713
,"2012","2012","76 years","76","Male","M",27670,705802,3920.363
"Total","2012","2012","76 years","76",,,52228,1588005,3288.907
,"2012","2012","77 years","77","Female","F",26267,857778,3062.214
,"2012","2012","77 years","77","Male","M",29068,670017,4338.397
"Total","2012","2012","77 years","77",,,55335,1527795,3621.886
,"2012","2012","78 years","78","Female","F",26622,779324,3416.037
,"2012","2012","78 years","78","Male","M",28667,598648,4788.624
"Total","2012","2012","78 years","78",,,55289,1377972,4012.346
,"2012","2012","79 years","79","Female","F",29213,765091,3818.239
,"2012","2012","79 years","79","Male","M",30400,572865,5306.660
"Total","2012","2012","79 years","79",,,59613,1337956,4455.528
,"2012","2012","80 years","80","Female","F",31478,741823,4243.330
,"2012","2012","80 years","80","Male","M",31593,541837,5830.720
"Total","2012","2012","80 years","80",,,63071,1283660,4913.373
,"2012","2012","81 years","81","Female","F",33702,718468,4690.814
,"2012","2012","81 years","81","Male","M",33010,509952,6473.158
"Total","2012","2012","81 years","81",,,66712,1228420,5430.716
,"2012","2012","82 years","82","Female","F",36596,702105,5212.326
,"2012","2012","82 years","82","Male","M",34147,482074,7083.352
"Total","2012","2012","82 years","82",,,70743,1184179,5974.012
,"2012","2012","83 years","83","Female","F",37835,645544,5860.948
,"2012","2012","83 years","83","Male","M",34486,429149,8035.904
"Total","2012","2012","83 years","83",,,72321,1074693,6729.457
,"2012","2012","84 years","84","Female","F",40624,618413,6569.073
,"2012","2012","84 years","84","Male","M",35021,393686,8895.668
"Total","2012","2012","84 years","84",,,75645,1012099,7474.071
,"2012","2012","85 years","85","Female","F",42498,Not Applicable,Not Applicable
,"2012","2012","85 years","85","Male","M",34609,Not Applicable,Not Applicable
"Total","2012","2012","85 years","85",,,77107,Not Applicable,Not Applicable
,"2012","2012","86 years","86","Female","F",43897,Not Applicable,Not Applicable
,"2012","2012","86 years","86","Male","M",33604,Not Applicable,Not Applicable
"Total","2012","2012","86 years","86",,,77501,Not Applicable,Not Applicable
,"2012","2012","87 years","87","Female","F",45483,Not Applicable,Not Applicable
,"2012","2012","87 years","87","Male","M",32911,Not Applicable,Not Applicable
"Total","2012","2012","87 years","87",,,78394,Not Applicable,Not Applicable
,"2012","2012","88 years","88","Female","F",45966,Not Applicable,Not Applicable
,"2012","2012","88 years","88","Male","M",31445,Not Applicable,Not Applicable
"Total","2012","2012","88 years","88",,,77411,Not Applicable,Not Applicable
,"2012","2012","89 years","89","Female","F",45092,Not Applicable,Not Applicable
,"2012","2012","89 years","89","Male","M",28757,Not Applicable,Not Applicable
"Total","2012","2012","89 years","89",,,73849,Not Applicable,Not Applicable
,"2012","2012","90 years","90","Female","F",44870,Not Applicable,Not Applicable
,"2012","2012","90 years","90","Male","M",27030,Not Applicable,Not Applicable
"Total","2012","2012","90 years","90",,,71900,Not Applicable,Not Applicable
,"2012","2012","91 years","91","Female","F",41546,Not Applicable,Not Applicable
,"2012","2012","91 years","91","Male","M",23789,Not Applicable,Not Applicable
"Total","2012","2012","91 years","91",,,65335,Not Applicable,Not Applicable
,"2012","2012","92 years","92","Female","F",37422,Not Applicable,Not Applicable
,"2012","2012","92 years","92","Male","M",19602,Not Applicable,Not Applicable
"Total","2012","2012","92 years","92",,,57024,Not Applicable,Not Applicable
,"2012","2012","93 years","93","Female","F",31890,Not Applicable,Not Applicable
,"2012","2012","93 years","93","Male","M",15708,Not Applicable,Not Applicable
"Total","2012","2012","93 years","93",,,47598,Not Applicable,Not Applicable
,"2012","2012","94 years","94","Female","F",29296,Not Applicable,Not Applicable
,"2012","2012","94 years","94","Male","M",13120,Not Applicable,Not Applicable
"Total","2012","2012","94 years","94",,,42416,Not Applicable,Not Applicable
,"2012","2012","95 years","95","Female","F",24426,Not Applicable,Not Applicable
,"2012","2012","95 years","95","Male","M",9970,Not Applicable,Not Applicable
"Total","2012","2012","95 years","95",,,34396,Not Applicable,Not Applicable
,"2012","2012","96 years","96","Female","F",20095,Not Applicable,Not Applicable
,"2012","2012","96 years","96","Male","M",7545,Not Applicable,Not Applicable
"Total","2012","2012","96 years","96",,,27640,Not Applicable,Not Applicable
,"2012","2012","97 years","97","Female","F",16581,Not Applicable,Not Applicable
,"2012","2012","97 years","97","Male","M",5457,Not Applicable,Not Applicable
"Total","2012","2012","97 years","97",,,22038,Not Applicable,Not Applicable
,"2012","2012","98 years","98","Female","F",12816,Not Applicable,Not Applicable
,"2012","2012","98 years","98","Male","M",3907,Not Applicable,Not Applicable
"Total","2012","2012","98 years","98",,,16723,Not Applicable,Not Applicable
,"2012","2012","99 years","99","Female","F",9456,Not Applicable,Not Applicable
,"2012","2012","99 years","99","Male","M",2556,Not Applicable,Not Applicable
"Total","2012","2012","99 years","99",,,12012,Not Applicable,Not Applicable
,"2012","2012","100+ years","100","Female","F",19870,Not Applicable,Not Applicable
,"2012","2012","100+ years","100","Male","M",4093,Not Applicable,Not Applicable
"Total","2012","2012","100+ years","100",,,23963,Not Applicable,Not Applicable
,"2012","2012","Not Stated","NS","Female","F",47,Not Applicable,Not Applicable
,"2012","2012","Not Stated","NS","Male","M",100,Not Applicable,Not Applicable
"Total","2012","2012","Not Stated","NS",,,147,Not Applicable,Not Applicable
"Total","2012","2012",,,,,2543279,313914040,810.183
,"2013","2013","< 1 year","0","Female","F",10321,1925056,536.140
,"2013","2013","< 1 year","0","Male","M",13119,2016727,650.509
"Total","2013","2013","< 1 year","0",,,23440,3941783,594.655
,"2013","2013","1 year","1","Female","F",728,1933929,37.644
,"2013","2013","1 year","1","Male","M",929,2022013,45.944
"Total","2013","2013","1 year","1",,,1657,3955942,41.886
,"2013","2013","2 years","2","Female","F",426,1948680,21.861
,"2013","2013","2 years","2","Male","M",589,2040455,28.866
"Total","2013","2013","2 years","2",,,1015,3989135,25.444
,"2013","2013","3 years","3","Female","F",320,1953120,16.384
,"2013","2013","3 years","3","Male","M",431,2036418,21.165
"Total","2013","2013","3 years","3",,,751,3989538,18.824
,"2013","2013","4 years","4","Female","F",271,1954885,13.863
,"2013","2013","4 years","4","Male","M",374,2036805,18.362
"Total","2013","2013","4 years","4",,,645,3991690,16.159
,"2013","2013","5 years","5","Female","F",250,2017560,12.391
,"2013","2013","5 years","5","Male","M",315,2104237,14.970
"Total","2013","2013","5 years","5",,,565,4121797,13.708
,"2013","2013","6 years","6","Female","F",226,2025310,11.159
,"2013","2013","6 years","6","Male","M",275,2116881,12.991
"Total","2013","2013","6 years","6",,,501,4142191,12.095
,"2013","2013","7 years","7","Female","F",190,2007933,9.462
,"2013","2013","7 years","7","Male","M",252,2100120,11.999
"Total","2013","2013","7 years","7",,,442,4108053,10.759
,"2013","2013","8 years","8","Female","F",195,2002750,9.737
,"2013","2013","8 years","8","Male","M",260,2092455,12.426
"Total","2013","2013","8 years","8",,,455,4095205,11.111
,"2013","2013","9 years","9","Female","F",183,2008054,9.113
,"2013","2013","9 years","9","Male","M",281,2095281,13.411
"Total","2013","2013","9 years","9",,,464,4103335,11.308
,"2013","2013","10 years","10","Female","F",194,1994285,9.728
,"2013","2013","10 years","10","Male","M",232,2078973,11.159
"Total","2013","2013","10 years","10",,,426,4073258,10.458
,"2013","2013","11 years","11","Female","F",198,1985604,9.972
,"2013","2013","11 years","11","Male","M",259,2070314,12.510
"Total","2013","2013","11 years","11",,,457,4055918,11.267
,"2013","2013","12 years","12","Female","F",232,2032890,11.412
,"2013","2013","12 years","12","Male","M",324,2122985,15.262
"Total","2013","2013","12 years","12",,,556,4155875,13.379
,"2013","2013","13 years","13","Female","F",293,2059475,14.227
,"2013","2013","13 years","13","Male","M",381,2158489,17.651
"Total","2013","2013","13 years","13",,,674,4217964,15.979
,"2013","2013","14 years","14","Female","F",302,2025677,14.909
,"2013","2013","14 years","14","Male","M",498,2121762,23.471
"Total","2013","2013","14 years","14",,,800,4147439,19.289
,"2013","2013","15 years","15","Female","F",348,2025522,17.181
,"2013","2013","15 years","15","Male","M",698,2121923,32.895
"Total","2013","2013","15 years","15",,,1046,4147445,25.220
,"2013","2013","16 years","16","Female","F",422,2032193,20.766
,"2013","2013","16 years","16","Male","M",931,2125923,43.793
"Total","2013","2013","16 years","16",,,1353,4158116,32.539
,"2013","2013","17 years","17","Female","F",539,2042940,26.384
,"2013","2013","17 years","17","Male","M",1301,2148248,60.561
"Total","2013","2013","17 years","17",,,1840,4191188,43.902
,"2013","2013","18 years","18","Female","F",655,2084906,31.416
,"2013","2013","18 years","18","Male","M",1729,2200703,78.566
"Total","2013","2013","18 years","18",,,2384,4285609,55.628
,"2013","2013","19 years","19","Female","F",757,2127213,35.586
,"2013","2013","19 years","19","Male","M",2100,2249393,93.359
"Total","2013","2013","19 years","19",,,2857,4376606,65.279
,"2013","2013","20 years","20","Female","F",861,2156114,39.933
,"2013","2013","20 years","20","Male","M",2411,2289607,105.302
"Total","2013","2013","20 years","20",,,3272,4445721,73.599
,"2013","2013","21 years","21","Female","F",894,2220785,40.256
,"2013","2013","21 years","21","Male","M",2787,2347878,118.703
"Total","2013","2013","21 years","21",,,3681,4568663,80.571
,"2013","2013","22 years","22","Female","F",976,2274176,42.917
,"2013","2013","22 years","22","Male","M",2933,2381555,123.155
"Total","2013","2013","22 years","22",,,3909,4655731,83.961
,"2013","2013","23 years","23","Female","F",1067,2276399,46.872
,"2013","2013","23 years","23","Male","M",3025,2376407,127.293
"Total","2013","2013","23 years","23",,,4092,4652806,87.947
,"2013","2013","24 years","24","Female","F",1103,2188999,50.388
,"2013","2013","24 years","24","Male","M",2949,2283518,129.143
"Total","2013","2013","24 years","24",,,4052,4472517,90.598
,"2013","2013","25 years","25","Female","F",1050,2143108,48.994
,"2013","2013","25 years","25","Male","M",2913,2229093,130.681
"Total","2013","2013","25 years","25",,,3963,4372201,90.641
,"2013","2013","26 years","26","Female","F",1170,2110001,55.450
,"2013","2013","26 years","26","Male","M",2986,2190519,136.315
"Total","2013","2013","26 years","26",,,4156,4300520,96.639
,"2013","2013","27 years","27","Female","F",1234,2123971,58.099
,"2013","2013","27 years","27","Male","M",3056,2198276,139.018
"Total","2013","2013","27 years","27",,,4290,4322247,99.254
,"2013","2013","28 years","28","Female","F",1279,2150401,59.477
,"2013","2013","28 years","28","Male","M",3014,2209844,136.390
"Total","2013","2013","28 years","28",,,4293,4360245,98.458
,"2013","2013","29 years","29","Female","F",1300,2092838,62.117
,"2013","2013","29 years","29","Male","M",3054,2132147,143.236
"Total","2013","2013","29 years","29",,,4354,4224985,103.054
,"2013","2013","30 years","30","Female","F",1404,2132415,65.841
,"2013","2013","30 years","30","Male","M",3203,2162416,148.121
"Total","2013","2013","30 years","30",,,4607,4294831,107.268
,"2013","2013","31 years","31","Female","F",1502,2138703,70.229
,"2013","2013","31 years","31","Male","M",3221,2158627,149.215
"Total","2013","2013","31 years","31",,,4723,4297330,109.905
,"2013","2013","32 years","32","Female","F",1614,2120965,76.097
,"2013","2013","32 years","32","Male","M",3208,2133366,150.373
"Total","2013","2013","32 years","32",,,4822,4254331,113.343
,"2013","2013","33 years","33","Female","F",1664,2156920,77.147
,"2013","2013","33 years","33","Male","M",3400,2185818,155.548
"Total","2013","2013","33 years","33",,,5064,4342738,116.608
,"2013","2013","34 years","34","Female","F",1784,2033774,87.719
,"2013","2013","34 years","34","Male","M",3407,2041385,166.896
"Total","2013","2013","34 years","34",,,5191,4075159,127.382
,"2013","2013","35 years","35","Female","F",1898,1997006,95.042
,"2013","2013","35 years","35","Male","M",3363,1999717,168.174
"Total","2013","2013","35 years","35",,,5261,3996723,131.633
,"2013","2013","36 years","36","Female","F",1893,1983203,95.452
,"2013","2013","36 years","36","Male","M",3386,1974439,171.492
"Total","2013","2013","36 years","36",,,5279,3957642,133.388
,"2013","2013","37 years","37","Female","F",2007,1924842,104.268
,"2013","2013","37 years","37","Male","M",3435,1917837,179.108
"Total","2013","2013","37 years","37",,,5442,3842679,141.620
,"2013","2013","38 years","38","Female","F",2163,1982996,109.077
,"2013","2013","38 years","38","Male","M",3576,1981305,180.487
"Total","2013","2013","38 years","38",,,5739,3964301,144.767
,"2013","2013","39 years","39","Female","F",2316,1930454,119.972
,"2013","2013","39 years","39","Male","M",3784,1911971,197.911
"Total","2013","2013","39 years","39",,,6100,3842425,158.754
,"2013","2013","40 years","40","Female","F",2596,1968259,131.893
,"2013","2013","40 years","40","Male","M",4146,1936508,214.097
"Total","2013","2013","40 years","40",,,6742,3904767,172.661
,"2013","2013","41 years","41","Female","F",2890,2056391,140.537
,"2013","2013","41 years","41","Male","M",4564,2028536,224.990
"Total","2013","2013","41 years","41",,,7454,4084927,182.476
,"2013","2013","42 years","42","Female","F",3337,2177715,153.234
,"2013","2013","42 years","42","Male","M",5329,2145858,248.339
"Total","2013","2013","42 years","42",,,8666,4323573,200.436
,"2013","2013","43 years","43","Female","F",3622,2197973,164.788
,"2013","2013","43 years","43","Male","M",5597,2182953,256.396
"Total","2013","2013","43 years","43",,,9219,4380926,210.435
,"2013","2013","44 years","44","Female","F",3779,2088590,180.935
,"2013","2013","44 years","44","Male","M",5892,2066137,285.170
"Total","2013","2013","44 years","44",,,9671,4154727,232.771
,"2013","2013","45 years","45","Female","F",4126,2048451,201.420
,"2013","2013","45 years","45","Male","M",6220,2021957,307.623
"Total","2013","2013","45 years","45",,,10346,4070408,254.176
,"2013","2013","46 years","46","Female","F",4486,2058350,217.942
,"2013","2013","46 years","46","Male","M",7100,2018553,351.737
"Total","2013","2013","46 years","46",,,11586,4076903,284.186
,"2013","2013","47 years","47","Female","F",5151,2097185,245.615
,"2013","2013","47 years","47","Male","M",7960,2059088,386.579
"Total","2013","2013","47 years","47",,,13111,4156273,315.451
,"2013","2013","48 years","48","Female","F",5756,2227171,258.444
,"2013","2013","48 years","48","Male","M",9052,2182629,414.729
"Total","2013","2013","48 years","48",,,14808,4409800,335.798
,"2013","2013","49 years","49","Female","F",6783,2279031,297.626
,"2013","2013","49 years","49","Male","M",10199,2215891,460.266
"Total","2013","2013","49 years","49",,,16982,4494922,377.804
,"2013","2013","50 years","50","Female","F",7282,2283376,318.914
,"2013","2013","50 years","50","Male","M",11307,2211106,511.373
"Total","2013","2013","50 years","50",,,18589,4494482,413.596
,"2013","2013","51 years","51","Female","F",8081,2283411,353.900
,"2013","2013","51 years","51","Male","M",12453,2205825,564.551
"Total","2013","2013","51 years","51",,,20534,4489236,457.405
,"2013","2013","52 years","52","Female","F",8749,2318522,377.352
,"2013","2013","52 years","52","Male","M",13472,2229385,604.292
"Total","2013","2013","52 years","52",,,22221,4547907,488.598
,"2013","2013","53 years","53","Female","F",9353,2335280,400.509
,"2013","2013","53 years","53","Male","M",14622,2253981,648.719
"Total","2013","2013","53 years","53",,,23975,4589261,522.415
,"2013","2013","54 years","54","Female","F",9960,2267671,439.217
,"2013","2013","54 years","54","Male","M",15612,2170669,719.225
"Total","2013","2013","54 years","54",,,25572,4438340,576.161
,"2013","2013","55 years","55","Female","F",10694,2260195,473.145
,"2013","2013","55 years","55","Male","M",16879,2154967,783.260
"Total","2013","2013","55 years","55",,,27573,4415162,624.507
,"2013","2013","56 years","56","Female","F",11397,2243717,507.952
,"2013","2013","56 years","56","Male","M",18074,2125826,850.211
"Total","2013","2013","56 years","56",,,29471,4369543,674.464
,"2013","2013","57 years","57","Female","F",11907,2171182,548.411
,"2013","2013","57 years","57","Male","M",18656,2044395,912.544
"Total","2013","2013","57 years","57",,,30563,4215577,725.002
,"2013","2013","58 years","58","Female","F",12323,2156648,571.396
,"2013","2013","58 years","58","Male","M",19912,2024760,983.425
"Total","2013","2013","58 years","58",,,32235,4181408,770.913
,"2013","2013","59 years","59","Female","F",12664,2080306,608.757
,"2013","2013","59 years","59","Male","M",20475,1932434,1059.545
"Total","2013","2013","59 years","59",,,33139,4012740,825.845
,"2013","2013","60 years","60","Female","F",13300,2006745,662.765
,"2013","2013","60 years","60","Male","M",21148,1856051,1139.408
"Total","2013","2013","60 years","60",,,34448,3862796,891.789
,"2013","2013","61 years","61","Female","F",13757,1932477,711.884
,"2013","2013","61 years","61","Male","M",21784,1783516,1221.408
"Total","2013","2013","61 years","61",,,35541,3715993,956.433
,"2013","2013","62 years","62","Female","F",14272,1881064,758.720
,"2013","2013","62 years","62","Male","M",22432,1722456,1302.326
"Total","2013","2013","62 years","62",,,36704,3603520,1018.560
,"2013","2013","63 years","63","Female","F",15109,1837353,822.324
,"2013","2013","63 years","63","Male","M",23058,1681878,1370.967
"Total","2013","2013","63 years","63",,,38167,3519231,1084.527
,"2013","2013","64 years","64","Female","F",16379,1789989,915.034
,"2013","2013","64 years","64","Male","M",23907,1630472,1466.263
"Total","2013","2013","64 years","64",,,40286,3420461,1177.794
,"2013","2013","65 years","65","Female","F",17798,1775062,1002.669
,"2013","2013","65 years","65","Male","M",25036,1616005,1549.253
"Total","2013","2013","65 years","65",,,42834,3391067,1263.142
,"2013","2013","66 years","66","Female","F",19252,1851206,1039.971
,"2013","2013","66 years","66","Male","M",27466,1683234,1631.740
"Total","2013","2013","66 years","66",,,46718,3534440,1321.794
,"2013","2013","67 years","67","Female","F",16422,1373271,1195.831
,"2013","2013","67 years","67","Male","M",22837,1231339,1854.648
"Total","2013","2013","67 years","67",,,39259,2604610,1507.289
,"2013","2013","68 years","68","Female","F",17386,1361259,1277.200
,"2013","2013","68 years","68","Male","M",23613,1208652,1953.664
"Total","2013","2013","68 years","68",,,40999,2569911,1595.347
,"2013","2013","69 years","69","Female","F",19327,1334729,1448.009
,"2013","2013","69 years","69","Male","M",25372,1173960,2161.232
"Total","2013","2013","69 years","69",,,44699,2508689,1781.767
,"2013","2013","70 years","70","Female","F",21123,1371215,1540.459
,"2013","2013","70 years","70","Male","M",27596,1198287,2302.954
"Total","2013","2013","70 years","70",,,48719,2569502,1896.048
,"2013","2013","71 years","71","Female","F",20607,1202131,1714.206
,"2013","2013","71 years","71","Male","M",26559,1036368,2562.700
"Total","2013","2013","71 years","71",,,47166,2238499,2107.037
,"2013","2013","72 years","72","Female","F",20718,1107284,1871.065
,"2013","2013","72 years","72","Male","M",25971,937562,2770.057
"Total","2013","2013","72 years","72",,,46689,2044846,2283.253
,"2013","2013","73 years","73","Female","F",21322,1051844,2027.107
,"2013","2013","73 years","73","Male","M",26303,882726,2979.747
"Total","2013","2013","73 years","73",,,47625,1934570,2461.787
,"2013","2013","74 years","74","Female","F",22576,991123,2277.820
,"2013","2013","74 years","74","Male","M",27145,829509,3272.418
"Total","2013","2013","74 years","74",,,49721,1820632,2730.975
,"2013","2013","75 years","75","Female","F",23565,957852,2460.192
,"2013","2013","75 years","75","Male","M",27945,785563,3557.321
"Total","2013","2013","75 years","75",,,51510,1743415,2954.546
,"2013","2013","76 years","76","Female","F",24641,890198,2768.036
,"2013","2013","76 years","76","Male","M",28156,717131,3926.200
"Total","2013","2013","76 years","76",,,52797,1607329,3284.766
,"2013","2013","77 years","77","Female","F",26270,857089,3065.026
,"2013","2013","77 years","77","Male","M",29587,677689,4365.867
"Total","2013","2013","77 years","77",,,55857,1534778,3639.419
,"2013","2013","78 years","78","Female","F",28026,830640,3374.025
,"2013","2013","78 years","78","Male","M",30527,640522,4765.957
"Total","2013","2013","78 years","78",,,58553,1471162,3980.051
,"2013","2013","79 years","79","Female","F",28646,751755,3810.550
,"2013","2013","79 years","79","Male","M",29951,569442,5259.710
"Total","2013","2013","79 years","79",,,58597,1321197,4435.145
,"2013","2013","80 years","80","Female","F",31091,735180,4229.032
,"2013","2013","80 years","80","Male","M",31636,542197,5834.780
"Total","2013","2013","80 years","80",,,62727,1277377,4910.610
,"2013","2013","81 years","81","Female","F",33263,709462,4688.482
,"2013","2013","81 years","81","Male","M",33025,509698,6479.327
"Total","2013","2013","81 years","81",,,66288,1219160,5437.186
,"2013","2013","82 years","82","Female","F",35797,683692,5235.837
,"2013","2013","82 years","82","Male","M",34661,476629,7272.113
"Total","2013","2013","82 years","82",,,70458,1160321,6072.285
,"2013","2013","83 years","83","Female","F",38500,664014,5798.071
,"2013","2013","83 years","83","Male","M",34784,447106,7779.811
"Total","2013","2013","83 years","83",,,73284,1111120,6595.507
,"2013","2013","84 years","84","Female","F",39874,606120,6578.565
,"2013","2013","84 years","84","Male","M",35068,394540,8888.326
"Total","2013","2013","84 years","84",,,74942,1000660,7489.257
,"2013","2013","85 years","85","Female","F",42949,Not Applicable,Not Applicable
,"2013","2013","85 years","85","Male","M",35041,Not Applicable,Not Applicable
"Total","2013","2013","85 years","85",,,77990,Not Applicable,Not Applicable
,"2013","2013","86 years","86","Female","F",43693,Not Applicable,Not Applicable
,"2013","2013","86 years","86","Male","M",34794,Not Applicable,Not Applicable
"Total","2013","2013","86 years","86",,,78487,Not Applicable,Not Applicable
,"2013","2013","87 years","87","Female","F",45237,Not Applicable,Not Applicable
,"2013","2013","87 years","87","Male","M",33487,Not Applicable,Not Applicable
"Total","2013","2013","87 years","87",,,78724,Not Applicable,Not Applicable
,"2013","2013","88 years","88","Female","F",46317,Not Applicable,Not Applicable
,"2013","2013","88 years","88","Male","M",31927,Not Applicable,Not Applicable
"Total","2013","2013","88 years","88",,,78244,Not Applicable,Not Applicable
,"2013","2013","89 years","89","Female","F",45776,Not Applicable,Not Applicable
,"2013","2013","89 years","89","Male","M",30037,Not Applicable,Not Applicable
"Total","2013","2013","89 years","89",,,75813,Not Applicable,Not Applicable
,"2013","2013","90 years","90","Female","F",44039,Not Applicable,Not Applicable
,"2013","2013","90 years","90","Male","M",27340,Not Applicable,Not Applicable
"Total","2013","2013","90 years","90",,,71379,Not Applicable,Not Applicable
,"2013","2013","91 years","91","Female","F",42634,Not Applicable,Not Applicable
,"2013","2013","91 years","91","Male","M",24468,Not Applicable,Not Applicable
"Total","2013","2013","91 years","91",,,67102,Not Applicable,Not Applicable
,"2013","2013","92 years","92","Female","F",39388,Not Applicable,Not Applicable
,"2013","2013","92 years","92","Male","M",21530,Not Applicable,Not Applicable
"Total","2013","2013","92 years","92",,,60918,Not Applicable,Not Applicable
,"2013","2013","93 years","93","Female","F",34835,Not Applicable,Not Applicable
,"2013","2013","93 years","93","Male","M",17525,Not Applicable,Not Applicable
"Total","2013","2013","93 years","93",,,52360,Not Applicable,Not Applicable
,"2013","2013","94 years","94","Female","F",29241,Not Applicable,Not Applicable
,"2013","2013","94 years","94","Male","M",13187,Not Applicable,Not Applicable
"Total","2013","2013","94 years","94",,,42428,Not Applicable,Not Applicable
,"2013","2013","95 years","95","Female","F",25327,Not Applicable,Not Applicable
,"2013","2013","95 years","95","Male","M",10726,Not Applicable,Not Applicable
"Total","2013","2013","95 years","95",,,36053,Not Applicable,Not Applicable
,"2013","2013","96 years","96","Female","F",20696,Not Applicable,Not Applicable
,"2013","2013","96 years","96","Male","M",7783,Not Applicable,Not Applicable
"Total","2013","2013","96 years","96",,,28479,Not Applicable,Not Applicable
,"2013","2013","97 years","97","Female","F",16709,Not Applicable,Not Applicable
,"2013","2013","97 years","97","Male","M",5662,Not Applicable,Not Applicable
"Total","2013","2013","97 years","97",,,22371,Not Applicable,Not Applicable
,"2013","2013","98 years","98","Female","F",13496,Not Applicable,Not Applicable
,"2013","2013","98 years","98","Male","M",3943,Not Applicable,Not Applicable
"Total","2013","2013","98 years","98",,,17439,Not Applicable,Not Applicable
,"2013","2013","99 years","99","Female","F",9757,Not Applicable,Not Applicable
,"2013","2013","99 years","99","Male","M",2665,Not Applicable,Not Applicable
"Total","2013","2013","99 years","99",,,12422,Not Applicable,Not Applicable
,"2013","2013","100+ years","100","Female","F",20642,Not Applicable,Not Applicable
,"2013","2013","100+ years","100","Male","M",4347,Not Applicable,Not Applicable
"Total","2013","2013","100+ years","100",,,24989,Not Applicable,Not Applicable
,"2013","2013","Not Stated","NS","Female","F",37,Not Applicable,Not Applicable
,"2013","2013","Not Stated","NS","Male","M",95,Not Applicable,Not Applicable
"Total","2013","2013","Not Stated","NS",,,132,Not Applicable,Not Applicable
"Total","2013","2013",,,,,2596993,316128839,821.498
,"2014","2014","< 1 year","0","Female","F",10329,1930493,535.045
,"2014","2014","< 1 year","0","Male","M",12886,2017857,638.598
"Total","2014","2014","< 1 year","0",,,23215,3948350,587.967
,"2014","2014","1 year","1","Female","F",663,1938870,34.195
,"2014","2014","1 year","1","Male","M",793,2023253,39.194
"Total","2014","2014","1 year","1",,,1456,3962123,36.748
,"2014","2014","2 years","2","Female","F",425,1935270,21.961
,"2014","2014","2 years","2","Male","M",566,2022502,27.985
"Total","2014","2014","2 years","2",,,991,3957772,25.039
,"2014","2014","3 years","3","Female","F",312,1956572,15.946
,"2014","2014","3 years","3","Male","M",429,2048618,20.941
"Total","2014","2014","3 years","3",,,741,4005190,18.501
,"2014","2014","4 years","4","Female","F",258,1959950,13.164
,"2014","2014","4 years","4","Male","M",384,2043498,18.791
"Total","2014","2014","4 years","4",,,642,4003448,16.036
,"2014","2014","5 years","5","Female","F",241,1961391,12.287
,"2014","2014","5 years","5","Male","M",292,2043467,14.289
"Total","2014","2014","5 years","5",,,533,4004858,13.309
,"2014","2014","6 years","6","Female","F",202,2024024,9.980
,"2014","2014","6 years","6","Male","M",271,2110328,12.842
"Total","2014","2014","6 years","6",,,473,4134352,11.441
,"2014","2014","7 years","7","Female","F",188,2031760,9.253
,"2014","2014","7 years","7","Male","M",273,2122240,12.864
"Total","2014","2014","7 years","7",,,461,4154000,11.098
,"2014","2014","8 years","8","Female","F",188,2014402,9.333
,"2014","2014","8 years","8","Male","M",254,2105122,12.066
"Total","2014","2014","8 years","8",,,442,4119524,10.729
,"2014","2014","9 years","9","Female","F",181,2009560,9.007
,"2014","2014","9 years","9","Male","M",267,2097272,12.731
"Total","2014","2014","9 years","9",,,448,4106832,10.909
,"2014","2014","10 years","10","Female","F",165,2015380,8.187
,"2014","2014","10 years","10","Male","M",256,2099874,12.191
"Total","2014","2014","10 years","10",,,421,4115254,10.230
,"2014","2014","11 years","11","Female","F",189,2001949,9.441
,"2014","2014","11 years","11","Male","M",279,2083687,13.390
"Total","2014","2014","11 years","11",,,468,4085636,11.455
,"2014","2014","12 years","12","Female","F",222,1993547,11.136
,"2014","2014","12 years","12","Male","M",310,2075243,14.938
"Total","2014","2014","12 years","12",,,532,4068790,13.075
,"2014","2014","13 years","13","Female","F",259,2041159,12.689
,"2014","2014","13 years","13","Male","M",421,2128187,19.782
"Total","2014","2014","13 years","13",,,680,4169346,16.310
,"2014","2014","14 years","14","Female","F",287,2068252,13.876
,"2014","2014","14 years","14","Male","M",505,2164228,23.334
"Total","2014","2014","14 years","14",,,792,4232480,18.712
,"2014","2014","15 years","15","Female","F",367,2035299,18.032
,"2014","2014","15 years","15","Male","M",654,2128424,30.727
"Total","2014","2014","15 years","15",,,1021,4163723,24.521
,"2014","2014","16 years","16","Female","F",439,2036296,21.559
,"2014","2014","16 years","16","Male","M",995,2130938,46.693
"Total","2014","2014","16 years","16",,,1434,4167234,34.411
,"2014","2014","17 years","17","Female","F",544,2045897,26.590
,"2014","2014","17 years","17","Male","M",1258,2138809,58.818
"Total","2014","2014","17 years","17",,,1802,4184706,43.062
,"2014","2014","18 years","18","Female","F",645,2060528,31.303
,"2014","2014","18 years","18","Male","M",1800,2165062,83.138
"Total","2014","2014","18 years","18",,,2445,4225590,57.862
,"2014","2014","19 years","19","Female","F",763,2105604,36.237
,"2014","2014","19 years","19","Male","M",2121,2220790,95.507
"Total","2014","2014","19 years","19",,,2884,4326394,66.661
,"2014","2014","20 years","20","Female","F",819,2149317,38.105
,"2014","2014","20 years","20","Male","M",2370,2269570,104.425
"Total","2014","2014","20 years","20",,,3189,4418887,72.167
,"2014","2014","21 years","21","Female","F",975,2179012,44.745
,"2014","2014","21 years","21","Male","M",2722,2310734,117.798
"Total","2014","2014","21 years","21",,,3697,4489746,82.343
,"2014","2014","22 years","22","Female","F",1039,2244480,46.291
,"2014","2014","22 years","22","Male","M",2987,2367842,126.149
"Total","2014","2014","22 years","22",,,4026,4612322,87.288
,"2014","2014","23 years","23","Female","F",1012,2298701,44.025
,"2014","2014","23 years","23","Male","M",3058,2399883,127.423
"Total","2014","2014","23 years","23",,,4070,4698584,86.622
,"2014","2014","24 years","24","Female","F",1071,2301237,46.540
,"2014","2014","24 years","24","Male","M",3152,2391398,131.806
"Total","2014","2014","24 years","24",,,4223,4692635,89.992
,"2014","2014","25 years","25","Female","F",1139,2213758,51.451
,"2014","2014","25 years","25","Male","M",3112,2295836,135.550
"Total","2014","2014","25 years","25",,,4251,4509594,94.266
,"2014","2014","26 years","26","Female","F",1242,2166446,57.329
,"2014","2014","26 years","26","Male","M",3099,2240026,138.347
"Total","2014","2014","26 years","26",,,4341,4406472,98.514
,"2014","2014","27 years","27","Female","F",1201,2132116,56.329
,"2014","2014","27 years","27","Male","M",3034,2200429,137.882
"Total","2014","2014","27 years","27",,,4235,4332545,97.749
,"2014","2014","28 years","28","Female","F",1312,2144666,61.175
,"2014","2014","28 years","28","Male","M",3165,2207185,143.395
"Total","2014","2014","28 years","28",,,4477,4351851,102.876
,"2014","2014","29 years","29","Female","F",1412,2169563,65.082
,"2014","2014","29 years","29","Male","M",3209,2217913,144.686
"Total","2014","2014","29 years","29",,,4621,4387476,105.323
,"2014","2014","30 years","30","Female","F",1367,2110672,64.766
,"2014","2014","30 years","30","Male","M",3153,2140108,147.329
"Total","2014","2014","30 years","30",,,4520,4250780,106.333
,"2014","2014","31 years","31","Female","F",1518,2148981,70.638
,"2014","2014","31 years","31","Male","M",3423,2169725,157.762
"Total","2014","2014","31 years","31",,,4941,4318706,114.409
,"2014","2014","32 years","32","Female","F",1651,2154232,76.640
,"2014","2014","32 years","32","Male","M",3368,2165840,155.505
"Total","2014","2014","32 years","32",,,5019,4320072,116.179
,"2014","2014","33 years","33","Female","F",1779,2135416,83.309
,"2014","2014","33 years","33","Male","M",3441,2140697,160.742
"Total","2014","2014","33 years","33",,,5220,4276113,122.073
,"2014","2014","34 years","34","Female","F",1859,2170440,85.651
,"2014","2014","34 years","34","Male","M",3693,2192455,168.441
"Total","2014","2014","34 years","34",,,5552,4362895,127.255
,"2014","2014","35 years","35","Female","F",2027,2046713,99.037
,"2014","2014","35 years","35","Male","M",3592,2047326,175.448
"Total","2014","2014","35 years","35",,,5619,4094039,137.248
,"2014","2014","36 years","36","Female","F",1978,2009423,98.436
,"2014","2014","36 years","36","Male","M",3658,2004990,182.445
"Total","2014","2014","36 years","36",,,5636,4014413,140.394
,"2014","2014","37 years","37","Female","F",2191,1995155,109.816
,"2014","2014","37 years","37","Male","M",3653,1979035,184.585
"Total","2014","2014","37 years","37",,,5844,3974190,147.049
,"2014","2014","38 years","38","Female","F",2243,1936610,115.821
,"2014","2014","38 years","38","Male","M",3640,1922571,189.330
"Total","2014","2014","38 years","38",,,5883,3859181,152.442
,"2014","2014","39 years","39","Female","F",2386,1993913,119.664
,"2014","2014","39 years","39","Male","M",3957,1985914,199.253
"Total","2014","2014","39 years","39",,,6343,3979827,159.379
,"2014","2014","40 years","40","Female","F",2530,1940627,130.370
,"2014","2014","40 years","40","Male","M",4093,1916261,213.593
"Total","2014","2014","40 years","40",,,6623,3856888,171.719
,"2014","2014","41 years","41","Female","F",2930,1977497,148.167
,"2014","2014","41 years","41","Male","M",4623,1939916,238.309
"Total","2014","2014","41 years","41",,,7553,3917413,192.806
,"2014","2014","42 years","42","Female","F",3306,2064604,160.128
,"2014","2014","42 years","42","Male","M",4938,2031325,243.093
"Total","2014","2014","42 years","42",,,8244,4095929,201.273
,"2014","2014","43 years","43","Female","F",3658,2184835,167.427
,"2014","2014","43 years","43","Male","M",5576,2147656,259.632
"Total","2014","2014","43 years","43",,,9234,4332491,213.134
,"2014","2014","44 years","44","Female","F",4054,2204527,183.894
,"2014","2014","44 years","44","Male","M",5963,2184235,273.002
"Total","2014","2014","44 years","44",,,10017,4388762,228.242
,"2014","2014","45 years","45","Female","F",4180,2094227,199.596
,"2014","2014","45 years","45","Male","M",6376,2067223,308.433
"Total","2014","2014","45 years","45",,,10556,4161450,253.662
,"2014","2014","46 years","46","Female","F",4501,2053539,219.183
,"2014","2014","46 years","46","Male","M",6863,2022698,339.299
"Total","2014","2014","46 years","46",,,11364,4076237,278.787
,"2014","2014","47 years","47","Female","F",4929,2062844,238.942
,"2014","2014","47 years","47","Male","M",7625,2019306,377.605
"Total","2014","2014","47 years","47",,,12554,4082150,307.534
,"2014","2014","48 years","48","Female","F",5640,2100753,268.475
,"2014","2014","48 years","48","Male","M",8591,2058243,417.395
"Total","2014","2014","48 years","48",,,14231,4158996,342.174
,"2014","2014","49 years","49","Female","F",6485,2229216,290.909
,"2014","2014","49 years","49","Male","M",9826,2179993,450.735
"Total","2014","2014","49 years","49",,,16311,4409209,369.930
,"2014","2014","50 years","50","Female","F",7206,2279824,316.077
,"2014","2014","50 years","50","Male","M",11064,2211607,500.270
"Total","2014","2014","50 years","50",,,18270,4491431,406.775
,"2014","2014","51 years","51","Female","F",8153,2283261,357.077
,"2014","2014","51 years","51","Male","M",12268,2205405,556.270
"Total","2014","2014","51 years","51",,,20421,4488666,454.946
,"2014","2014","52 years","52","Female","F",8708,2282051,381.587
,"2014","2014","52 years","52","Male","M",13248,2198124,602.696
"Total","2014","2014","52 years","52",,,21956,4480175,490.070
,"2014","2014","53 years","53","Female","F",9584,2316131,413.794
,"2014","2014","53 years","53","Male","M",14762,2219617,665.070
"Total","2014","2014","53 years","53",,,24346,4535748,536.758
,"2014","2014","54 years","54","Female","F",10154,2331961,435.428
,"2014","2014","54 years","54","Male","M",15754,2242828,702.417
"Total","2014","2014","54 years","54",,,25908,4574789,566.321
,"2014","2014","55 years","55","Female","F",11028,2263367,487.239
,"2014","2014","55 years","55","Male","M",17023,2158258,788.738
"Total","2014","2014","55 years","55",,,28051,4421625,634.405
,"2014","2014","56 years","56","Female","F",11703,2254749,519.038
,"2014","2014","56 years","56","Male","M",18230,2140722,851.582
"Total","2014","2014","56 years","56",,,29933,4395471,680.996
,"2014","2014","57 years","57","Female","F",12409,2237030,554.709
,"2014","2014","57 years","57","Male","M",19492,2110149,923.726
"Total","2014","2014","57 years","57",,,31901,4347179,733.832
,"2014","2014","58 years","58","Female","F",12721,2163798,587.901
,"2014","2014","58 years","58","Male","M",20199,2027959,996.026
"Total","2014","2014","58 years","58",,,32920,4191757,785.351
,"2014","2014","59 years","59","Female","F",13317,2148517,619.823
,"2014","2014","59 years","59","Male","M",21048,2006900,1048.782
"Total","2014","2014","59 years","59",,,34365,4155417,826.993
,"2014","2014","60 years","60","Female","F",13950,2071358,673.471
,"2014","2014","60 years","60","Male","M",21923,1914009,1145.397
"Total","2014","2014","60 years","60",,,35873,3985367,900.118
,"2014","2014","61 years","61","Female","F",14487,1997348,725.312
,"2014","2014","61 years","61","Male","M",22921,1837080,1247.687
"Total","2014","2014","61 years","61",,,37408,3834428,975.582
,"2014","2014","62 years","62","Female","F",15106,1922318,785.822
,"2014","2014","62 years","62","Male","M",23310,1763504,1321.800
"Total","2014","2014","62 years","62",,,38416,3685822,1042.264
,"2014","2014","63 years","63","Female","F",15636,1870552,835.903
,"2014","2014","63 years","63","Male","M",23948,1701827,1407.194
"Total","2014","2014","63 years","63",,,39584,3572379,1108.057
,"2014","2014","64 years","64","Female","F",16253,1826662,889.765
,"2014","2014","64 years","64","Male","M",24104,1661474,1450.760
"Total","2014","2014","64 years","64",,,40357,3488136,1156.979
,"2014","2014","65 years","65","Female","F",17247,1776761,970.699
,"2014","2014","65 years","65","Male","M",25236,1607688,1569.708
"Total","2014","2014","65 years","65",,,42483,3384449,1255.241
,"2014","2014","66 years","66","Female","F",18776,1758649,1067.638
,"2014","2014","66 years","66","Male","M",26739,1589127,1682.622
"Total","2014","2014","66 years","66",,,45515,3347776,1359.559
,"2014","2014","67 years","67","Female","F",20820,1832245,1136.311
,"2014","2014","67 years","67","Male","M",28743,1653257,1738.568
"Total","2014","2014","67 years","67",,,49563,3485502,1421.976
,"2014","2014","68 years","68","Female","F",17638,1361047,1295.914
,"2014","2014","68 years","68","Male","M",24301,1211480,2005.894
"Total","2014","2014","68 years","68",,,41939,2572527,1630.265
,"2014","2014","69 years","69","Female","F",18551,1347458,1376.740
,"2014","2014","69 years","69","Male","M",24783,1187554,2086.895
"Total","2014","2014","69 years","69",,,43334,2535012,1709.420
,"2014","2014","70 years","70","Female","F",20463,1317238,1553.478
,"2014","2014","70 years","70","Male","M",26678,1149247,2321.346
"Total","2014","2014","70 years","70",,,47141,2466485,1911.262
,"2014","2014","71 years","71","Female","F",22721,1350392,1682.548
,"2014","2014","71 years","71","Male","M",29102,1169356,2488.720
"Total","2014","2014","71 years","71",,,51823,2519748,2056.674
,"2014","2014","72 years","72","Female","F",22015,1183338,1860.415
,"2014","2014","72 years","72","Male","M",27953,1010896,2765.171
"Total","2014","2014","72 years","72",,,49968,2194234,2277.241
,"2014","2014","73 years","73","Female","F",22035,1089183,2023.076
,"2014","2014","73 years","73","Male","M",27479,913008,3009.722
"Total","2014","2014","73 years","73",,,49514,2002191,2472.991
,"2014","2014","74 years","74","Female","F",22627,1032934,2190.556
,"2014","2014","74 years","74","Male","M",27634,857432,3222.879
"Total","2014","2014","74 years","74",,,50261,1890366,2658.797
,"2014","2014","75 years","75","Female","F",24000,971263,2471.009
,"2014","2014","75 years","75","Male","M",28656,803434,3566.690
"Total","2014","2014","75 years","75",,,52656,1774697,2967.042
,"2014","2014","76 years","76","Female","F",25278,936270,2699.862
,"2014","2014","76 years","76","Male","M",29307,758378,3864.432
"Total","2014","2014","76 years","76",,,54585,1694648,3221.023
,"2014","2014","77 years","77","Female","F",26054,867417,3003.630
,"2014","2014","77 years","77","Male","M",29653,689822,4298.645
"Total","2014","2014","77 years","77",,,55707,1557239,3577.293
,"2014","2014","78 years","78","Female","F",27740,832296,3332.949
,"2014","2014","78 years","78","Male","M",30434,649209,4687.859
"Total","2014","2014","78 years","78",,,58174,1481505,3926.683
,"2014","2014","79 years","79","Female","F",29741,803512,3701.376
,"2014","2014","79 years","79","Male","M",31209,610723,5110.173
"Total","2014","2014","79 years","79",,,60950,1414235,4309.751
,"2014","2014","80 years","80","Female","F",30461,724040,4207.088
,"2014","2014","80 years","80","Male","M",31140,540032,5766.325
"Total","2014","2014","80 years","80",,,61601,1264072,4873.219
,"2014","2014","81 years","81","Female","F",32751,704919,4646.066
,"2014","2014","81 years","81","Male","M",32497,511090,6358.371
"Total","2014","2014","81 years","81",,,65248,1216009,5365.750
,"2014","2014","82 years","82","Female","F",34962,676658,5166.864
,"2014","2014","82 years","82","Male","M",33631,476976,7050.879
"Total","2014","2014","82 years","82",,,68593,1153634,5945.820
,"2014","2014","83 years","83","Female","F",37073,648016,5721.001
,"2014","2014","83 years","83","Male","M",34540,442449,7806.549
"Total","2014","2014","83 years","83",,,71613,1090465,6567.198
,"2014","2014","84 years","84","Female","F",40014,624921,6403.049
,"2014","2014","84 years","84","Male","M",35363,411265,8598.592
"Total","2014","2014","84 years","84",,,75377,1036186,7274.466
,"2014","2014","85 years","85","Female","F",40829,Not Applicable,Not Applicable
,"2014","2014","85 years","85","Male","M",34341,Not Applicable,Not Applicable
"Total","2014","2014","85 years","85",,,75170,Not Applicable,Not Applicable
,"2014","2014","86 years","86","Female","F",42888,Not Applicable,Not Applicable
,"2014","2014","86 years","86","Male","M",34590,Not Applicable,Not Applicable
"Total","2014","2014","86 years","86",,,77478,Not Applicable,Not Applicable
,"2014","2014","87 years","87","Female","F",44472,Not Applicable,Not Applicable
,"2014","2014","87 years","87","Male","M",33579,Not Applicable,Not Applicable
"Total","2014","2014","87 years","87",,,78051,Not Applicable,Not Applicable
,"2014","2014","88 years","88","Female","F",44108,Not Applicable,Not Applicable
,"2014","2014","88 years","88","Male","M",31952,Not Applicable,Not Applicable
"Total","2014","2014","88 years","88",,,76060,Not Applicable,Not Applicable
,"2014","2014","89 years","89","Female","F",44633,Not Applicable,Not Applicable
,"2014","2014","89 years","89","Male","M",30147,Not Applicable,Not Applicable
"Total","2014","2014","89 years","89",,,74780,Not Applicable,Not Applicable
,"2014","2014","90 years","90","Female","F",44337,Not Applicable,Not Applicable
,"2014","2014","90 years","90","Male","M",27636,Not Applicable,Not Applicable
"Total","2014","2014","90 years","90",,,71973,Not Applicable,Not Applicable
,"2014","2014","91 years","91","Female","F",41927,Not Applicable,Not Applicable
,"2014","2014","91 years","91","Male","M",24624,Not Applicable,Not Applicable
"Total","2014","2014","91 years","91",,,66551,Not Applicable,Not Applicable
,"2014","2014","92 years","92","Female","F",39888,Not Applicable,Not Applicable
,"2014","2014","92 years","92","Male","M",21966,Not Applicable,Not Applicable
"Total","2014","2014","92 years","92",,,61854,Not Applicable,Not Applicable
,"2014","2014","93 years","93","Female","F",35792,Not Applicable,Not Applicable
,"2014","2014","93 years","93","Male","M",18714,Not Applicable,Not Applicable
"Total","2014","2014","93 years","93",,,54506,Not Applicable,Not Applicable
,"2014","2014","94 years","94","Female","F",31035,Not Applicable,Not Applicable
,"2014","2014","94 years","94","Male","M",14447,Not Applicable,Not Applicable
"Total","2014","2014","94 years","94",,,45482,Not Applicable,Not Applicable
,"2014","2014","95 years","95","Female","F",24839,Not Applicable,Not Applicable
,"2014","2014","95 years","95","Male","M",10651,Not Applicable,Not Applicable
"Total","2014","2014","95 years","95",,,35490,Not Applicable,Not Applicable
,"2014","2014","96 years","96","Female","F",21551,Not Applicable,Not Applicable
,"2014","2014","96 years","96","Male","M",8462,Not Applicable,Not Applicable
"Total","2014","2014","96 years","96",,,30013,Not Applicable,Not Applicable
,"2014","2014","97 years","97","Female","F",16782,Not Applicable,Not Applicable
,"2014","2014","97 years","97","Male","M",6070,Not Applicable,Not Applicable
"Total","2014","2014","97 years","97",,,22852,Not Applicable,Not Applicable
,"2014","2014","98 years","98","Female","F",13130,Not Applicable,Not Applicable
,"2014","2014","98 years","98","Male","M",4258,Not Applicable,Not Applicable
"Total","2014","2014","98 years","98",,,17388,Not Applicable,Not Applicable
,"2014","2014","99 years","99","Female","F",9879,Not Applicable,Not Applicable
,"2014","2014","99 years","99","Male","M",2785,Not Applicable,Not Applicable
"Total","2014","2014","99 years","99",,,12664,Not Applicable,Not Applicable
,"2014","2014","100+ years","100","Female","F",21351,Not Applicable,Not Applicable
,"2014","2014","100+ years","100","Male","M",4563,Not Applicable,Not Applicable
"Total","2014","2014","100+ years","100",,,25914,Not Applicable,Not Applicable
,"2014","2014","Not Stated","NS","Female","F",53,Not Applicable,Not Applicable
,"2014","2014","Not Stated","NS","Male","M",110,Not Applicable,Not Applicable
"Total","2014","2014","Not Stated","NS",,,163,Not Applicable,Not Applicable
"Total","2014","2014",,,,,2626418,318857056,823.698
,"2015","2015","< 1 year","0","Female","F",10447,1942904,537.700
,"2015","2015","< 1 year","0","Male","M",13008,2035134,639.172
"Total","2015","2015","< 1 year","0",,,23455,3978038,589.612
,"2015","2015","1 year","1","Female","F",678,1939269,34.962
,"2015","2015","1 year","1","Male","M",913,2029295,44.991
"Total","2015","2015","1 year","1",,,1591,3968564,40.090
,"2015","2015","2 years","2","Female","F",442,1939979,22.784
,"2015","2015","2 years","2","Male","M",565,2026604,27.879
"Total","2015","2015","2 years","2",,,1007,3966583,25.387
,"2015","2015","3 years","3","Female","F",316,1943417,16.260
,"2015","2015","3 years","3","Male","M",462,2030644,22.751
"Total","2015","2015","3 years","3",,,778,3974061,19.577
,"2015","2015","4 years","4","Female","F",248,1964111,12.627
,"2015","2015","4 years","4","Male","M",341,2055924,16.586
"Total","2015","2015","4 years","4",,,589,4020035,14.652
,"2015","2015","5 years","5","Female","F",222,1967310,11.284
,"2015","2015","5 years","5","Male","M",321,2050848,15.652
"Total","2015","2015","5 years","5",,,543,4018158,13.514
,"2015","2015","6 years","6","Female","F",233,1968544,11.836
,"2015","2015","6 years","6","Male","M",283,2050663,13.800
"Total","2015","2015","6 years","6",,,516,4019207,12.838
,"2015","2015","7 years","7","Female","F",207,2031242,10.191
,"2015","2015","7 years","7","Male","M",241,2117118,11.383
"Total","2015","2015","7 years","7",,,448,4148360,10.799
,"2015","2015","8 years","8","Female","F",195,2039062,9.563
,"2015","2015","8 years","8","Male","M",269,2128825,12.636
"Total","2015","2015","8 years","8",,,464,4167887,11.133
,"2015","2015","9 years","9","Female","F",168,2021886,8.309
,"2015","2015","9 years","9","Male","M",263,2111678,12.455
"Total","2015","2015","9 years","9",,,431,4133564,10.427
,"2015","2015","10 years","10","Female","F",167,2017346,8.278
,"2015","2015","10 years","10","Male","M",274,2103943,13.023
"Total","2015","2015","10 years","10",,,441,4121289,10.701
,"2015","2015","11 years","11","Female","F",198,2023586,9.785
,"2015","2015","11 years","11","Male","M",266,2106742,12.626
"Total","2015","2015","11 years","11",,,464,4130328,11.234
,"2015","2015","12 years","12","Female","F",225,2010241,11.193
,"2015","2015","12 years","12","Male","M",293,2090780,14.014
"Total","2015","2015","12 years","12",,,518,4101021,12.631
,"2015","2015","13 years","13","Female","F",291,2001602,14.538
,"2015","2015","13 years","13","Male","M",394,2082704,18.918
"Total","2015","2015","13 years","13",,,685,4084306,16.772
,"2015","2015","14 years","14","Female","F",352,2049167,17.178
,"2015","2015","14 years","14","Male","M",549,2136219,25.700
"Total","2015","2015","14 years","14",,,901,4185386,21.527
,"2015","2015","15 years","15","Female","F",368,2076753,17.720
,"2015","2015","15 years","15","Male","M",723,2172989,33.272
"Total","2015","2015","15 years","15",,,1091,4249742,25.672
,"2015","2015","16 years","16","Female","F",486,2045025,23.765
,"2015","2015","16 years","16","Male","M",988,2139271,46.184
"Total","2015","2015","16 years","16",,,1474,4184296,35.227
,"2015","2015","17 years","17","Female","F",569,2049112,27.768
,"2015","2015","17 years","17","Male","M",1409,2145174,65.682
"Total","2015","2015","17 years","17",,,1978,4194286,47.159
,"2015","2015","18 years","18","Female","F",743,2061954,36.034
,"2015","2015","18 years","18","Male","M",1841,2156041,85.388
"Total","2015","2015","18 years","18",,,2584,4217995,61.261
,"2015","2015","19 years","19","Female","F",833,2078192,40.083
,"2015","2015","19 years","19","Male","M",2226,2184392,101.905
"Total","2015","2015","19 years","19",,,3059,4262584,71.764
,"2015","2015","20 years","20","Female","F",866,2123067,40.790
,"2015","2015","20 years","20","Male","M",2500,2240373,111.589
"Total","2015","2015","20 years","20",,,3366,4363440,77.141
,"2015","2015","21 years","21","Female","F",993,2166784,45.828
,"2015","2015","21 years","21","Male","M",2851,2290006,124.497
"Total","2015","2015","21 years","21",,,3844,4456790,86.250
,"2015","2015","22 years","22","Female","F",1021,2197776,46.456
,"2015","2015","22 years","22","Male","M",3134,2331696,134.409
"Total","2015","2015","22 years","22",,,4155,4529472,91.733
,"2015","2015","23 years","23","Female","F",1088,2264424,48.048
,"2015","2015","23 years","23","Male","M",3251,2387842,136.148
"Total","2015","2015","23 years","23",,,4339,4652266,93.266
,"2015","2015","24 years","24","Female","F",1181,2319408,50.918
,"2015","2015","24 years","24","Male","M",3423,2417937,141.567
"Total","2015","2015","24 years","24",,,4604,4737345,97.185
,"2015","2015","25 years","25","Female","F",1285,2322049,55.339
,"2015","2015","25 years","25","Male","M",3471,2407515,144.174
"Total","2015","2015","25 years","25",,,4756,4729564,100.559
,"2015","2015","26 years","26","Female","F",1260,2233433,56.415
,"2015","2015","26 years","26","Male","M",3296,2310983,142.623
"Total","2015","2015","26 years","26",,,4556,4544416,100.255
,"2015","2015","27 years","27","Female","F",1327,2185163,60.728
,"2015","2015","27 years","27","Male","M",3412,2254603,151.335
"Total","2015","2015","27 years","27",,,4739,4439766,106.740
,"2015","2015","28 years","28","Female","F",1386,2149931,64.467
,"2015","2015","28 years","28","Male","M",3364,2214738,151.892
"Total","2015","2015","28 years","28",,,4750,4364669,108.828
,"2015","2015","29 years","29","Female","F",1467,2161579,67.867
,"2015","2015","29 years","29","Male","M",3630,2221560,163.399
"Total","2015","2015","29 years","29",,,5097,4383139,116.287
,"2015","2015","30 years","30","Female","F",1601,2185746,73.247
,"2015","2015","30 years","30","Male","M",3506,2231463,157.117
"Total","2015","2015","30 years","30",,,5107,4417209,115.616
,"2015","2015","31 years","31","Female","F",1641,2125468,77.207
,"2015","2015","31 years","31","Male","M",3575,2152765,166.066
"Total","2015","2015","31 years","31",,,5216,4278233,121.919
,"2015","2015","32 years","32","Female","F",1848,2162451,85.459
,"2015","2015","32 years","32","Male","M",3738,2181163,171.376
"Total","2015","2015","32 years","32",,,5586,4343614,128.603
,"2015","2015","33 years","33","Female","F",1926,2166123,88.915
,"2015","2015","33 years","33","Male","M",3832,2175631,176.133
"Total","2015","2015","33 years","33",,,5758,4341754,132.619
,"2015","2015","34 years","34","Female","F",1995,2146121,92.958
,"2015","2015","34 years","34","Male","M",3957,2148717,184.156
"Total","2015","2015","34 years","34",,,5952,4294838,138.585
,"2015","2015","35 years","35","Female","F",2064,2180134,94.673
,"2015","2015","35 years","35","Male","M",4026,2199270,183.061
"Total","2015","2015","35 years","35",,,6090,4379404,139.060
,"2015","2015","36 years","36","Female","F",2243,2055478,109.123
,"2015","2015","36 years","36","Male","M",3949,2053297,192.325
"Total","2015","2015","36 years","36",,,6192,4108775,150.702
,"2015","2015","37 years","37","Female","F",2206,2017940,109.319
,"2015","2015","37 years","37","Male","M",4015,2010463,199.705
"Total","2015","2015","37 years","37",,,6221,4028403,154.428
,"2015","2015","38 years","38","Female","F",2387,2003325,119.152
,"2015","2015","38 years","38","Male","M",4058,1983816,204.555
"Total","2015","2015","38 years","38",,,6445,3987141,161.645
,"2015","2015","39 years","39","Female","F",2327,1944284,119.684
,"2015","2015","39 years","39","Male","M",4142,1926578,214.993
"Total","2015","2015","39 years","39",,,6469,3870862,167.120
,"2015","2015","40 years","40","Female","F",2602,2000626,130.059
,"2015","2015","40 years","40","Male","M",4282,1989213,215.261
"Total","2015","2015","40 years","40",,,6884,3989839,172.538
,"2015","2015","41 years","41","Female","F",2833,1946164,145.568
,"2015","2015","41 years","41","Male","M",4547,1919064,236.938
"Total","2015","2015","41 years","41",,,7380,3865228,190.933
,"2015","2015","42 years","42","Female","F",3182,1981947,160.549
,"2015","2015","42 years","42","Male","M",4933,1942311,253.976
"Total","2015","2015","42 years","42",,,8115,3924258,206.791
,"2015","2015","43 years","43","Female","F",3488,2068346,168.637
,"2015","2015","43 years","43","Male","M",5401,2032362,265.750
"Total","2015","2015","43 years","43",,,8889,4100708,216.767
,"2015","2015","44 years","44","Female","F",4086,2187962,186.749
,"2015","2015","44 years","44","Male","M",6317,2147203,294.197
"Total","2015","2015","44 years","44",,,10403,4335165,239.968
,"2015","2015","45 years","45","Female","F",4386,2206861,198.744
,"2015","2015","45 years","45","Male","M",6635,2182484,304.011
"Total","2015","2015","45 years","45",,,11021,4389345,251.085
,"2015","2015","46 years","46","Female","F",4655,2095675,222.124
,"2015","2015","46 years","46","Male","M",7135,2064898,345.538
"Total","2015","2015","46 years","46",,,11790,4160573,283.374
,"2015","2015","47 years","47","Female","F",4891,2054083,238.111
,"2015","2015","47 years","47","Male","M",7407,2019602,366.755
"Total","2015","2015","47 years","47",,,12298,4073685,301.889
,"2015","2015","48 years","48","Female","F",5534,2062616,268.300
,"2015","2015","48 years","48","Male","M",8202,2015073,407.032
"Total","2015","2015","48 years","48",,,13736,4077689,336.857
,"2015","2015","49 years","49","Female","F",6104,2099680,290.711
,"2015","2015","49 years","49","Male","M",9428,2052872,459.259
"Total","2015","2015","49 years","49",,,15532,4152552,374.035
,"2015","2015","50 years","50","Female","F",7051,2227286,316.574
,"2015","2015","50 years","50","Male","M",10767,2173002,495.490
"Total","2015","2015","50 years","50",,,17818,4400288,404.928
,"2015","2015","51 years","51","Female","F",7852,2276939,344.849
,"2015","2015","51 years","51","Male","M",12164,2202725,552.225
"Total","2015","2015","51 years","51",,,20016,4479664,446.819
,"2015","2015","52 years","52","Female","F",8731,2279256,383.064
,"2015","2015","52 years","52","Male","M",13209,2195088,601.753
"Total","2015","2015","52 years","52",,,21940,4474344,490.351
,"2015","2015","53 years","53","Female","F",9482,2277046,416.417
,"2015","2015","53 years","53","Male","M",14524,2186448,664.274
"Total","2015","2015","53 years","53",,,24006,4463494,537.830
,"2015","2015","54 years","54","Female","F",10261,2309943,444.210
,"2015","2015","54 years","54","Male","M",16076,2206584,728.547
"Total","2015","2015","54 years","54",,,26337,4516527,583.125
,"2015","2015","55 years","55","Female","F",10922,2324887,469.786
,"2015","2015","55 years","55","Male","M",17123,2228498,768.365
"Total","2015","2015","55 years","55",,,28045,4553385,615.915
,"2015","2015","56 years","56","Female","F",11834,2255835,524.595
,"2015","2015","56 years","56","Male","M",18224,2143285,850.284
"Total","2015","2015","56 years","56",,,30058,4399120,683.273
,"2015","2015","57 years","57","Female","F",12584,2246694,560.112
,"2015","2015","57 years","57","Male","M",19693,2124551,926.925
"Total","2015","2015","57 years","57",,,32277,4371245,738.394
,"2015","2015","58 years","58","Female","F",13361,2228294,599.607
,"2015","2015","58 years","58","Male","M",20611,2092228,985.122
"Total","2015","2015","58 years","58",,,33972,4320522,786.294
,"2015","2015","59 years","59","Female","F",13716,2154665,636.572
,"2015","2015","59 years","59","Male","M",21521,2009005,1071.227
"Total","2015","2015","59 years","59",,,35237,4163670,846.297
,"2015","2015","60 years","60","Female","F",14201,2138784,663.975
,"2015","2015","60 years","60","Male","M",22515,1987008,1133.111
"Total","2015","2015","60 years","60",,,36716,4125792,889.914
,"2015","2015","61 years","61","Female","F",14911,2060944,723.503
,"2015","2015","61 years","61","Male","M",23323,1893657,1231.638
"Total","2015","2015","61 years","61",,,38234,3954601,966.823
,"2015","2015","62 years","62","Female","F",15645,1986021,787.756
,"2015","2015","62 years","62","Male","M",24065,1815914,1325.228
"Total","2015","2015","62 years","62",,,39710,3801935,1044.468
,"2015","2015","63 years","63","Female","F",16212,1909879,848.850
,"2015","2015","63 years","63","Male","M",25306,1741514,1453.103
"Total","2015","2015","63 years","63",,,41518,3651393,1137.046
,"2015","2015","64 years","64","Female","F",16773,1857069,903.197
,"2015","2015","64 years","64","Male","M",25245,1679087,1503.496
"Total","2015","2015","64 years","64",,,42018,3536156,1188.239
,"2015","2015","65 years","65","Female","F",17507,1812107,966.113
,"2015","2015","65 years","65","Male","M",25976,1637936,1585.898
"Total","2015","2015","65 years","65",,,43483,3450043,1260.361
,"2015","2015","66 years","66","Female","F",18684,1760795,1061.112
,"2015","2015","66 years","66","Male","M",26986,1583339,1704.373
"Total","2015","2015","66 years","66",,,45670,3344134,1365.675
,"2015","2015","67 years","67","Female","F",20246,1741227,1162.743
,"2015","2015","67 years","67","Male","M",28284,1562960,1809.643
"Total","2015","2015","67 years","67",,,48530,3304187,1468.743
,"2015","2015","68 years","68","Female","F",22174,1812428,1223.442
,"2015","2015","68 years","68","Male","M",30528,1623929,1879.885
"Total","2015","2015","68 years","68",,,52702,3436357,1533.659
,"2015","2015","69 years","69","Female","F",19241,1344721,1430.854
,"2015","2015","69 years","69","Male","M",25856,1188026,2176.383
"Total","2015","2015","69 years","69",,,45097,2532747,1780.557
,"2015","2015","70 years","70","Female","F",20339,1329818,1529.457
,"2015","2015","70 years","70","Male","M",26504,1162672,2279.577
"Total","2015","2015","70 years","70",,,46843,2492490,1879.366
,"2015","2015","71 years","71","Female","F",22047,1298089,1698.420
,"2015","2015","71 years","71","Male","M",28756,1123102,2560.409
"Total","2015","2015","71 years","71",,,50803,2421191,2098.265
,"2015","2015","72 years","72","Female","F",24821,1328954,1867.709
,"2015","2015","72 years","72","Male","M",30898,1140651,2708.804
"Total","2015","2015","72 years","72",,,55719,2469605,2256.191
,"2015","2015","73 years","73","Female","F",23855,1162411,2052.200
,"2015","2015","73 years","73","Male","M",29580,983641,3007.195
"Total","2015","2015","73 years","73",,,53435,2146052,2489.921
,"2015","2015","74 years","74","Female","F",23755,1067619,2225.045
,"2015","2015","74 years","74","Male","M",28979,886092,3270.428
"Total","2015","2015","74 years","74",,,52734,1953711,2699.171
,"2015","2015","75 years","75","Female","F",24903,1010164,2465.243
,"2015","2015","75 years","75","Male","M",29511,829659,3557.004
"Total","2015","2015","75 years","75",,,54414,1839823,2957.567
,"2015","2015","76 years","76","Female","F",25854,947283,2729.279
,"2015","2015","76 years","76","Male","M",30203,774758,3898.379
"Total","2015","2015","76 years","76",,,56057,1722041,3255.265
,"2015","2015","77 years","77","Female","F",27548,910536,3025.471
,"2015","2015","77 years","77","Male","M",31079,728549,4265.876
"Total","2015","2015","77 years","77",,,58627,1639085,3576.813
,"2015","2015","78 years","78","Female","F",28172,840960,3349.981
,"2015","2015","78 years","78","Male","M",31046,659853,4704.987
"Total","2015","2015","78 years","78",,,59218,1500813,3945.728
,"2015","2015","79 years","79","Female","F",30209,803984,3757.413
,"2015","2015","79 years","79","Male","M",31880,618087,5157.850
"Total","2015","2015","79 years","79",,,62089,1422071,4366.097
,"2015","2015","80 years","80","Female","F",32182,772956,4163.497
,"2015","2015","80 years","80","Male","M",33120,578240,5727.726
"Total","2015","2015","80 years","80",,,65302,1351196,4832.904
,"2015","2015","81 years","81","Female","F",32253,693056,4653.736
,"2015","2015","81 years","81","Male","M",32996,507988,6495.429
"Total","2015","2015","81 years","81",,,65249,1201044,5432.690
,"2015","2015","82 years","82","Female","F",35303,671319,5258.752
,"2015","2015","82 years","82","Male","M",33750,477629,7066.154
"Total","2015","2015","82 years","82",,,69053,1148948,6010.107
,"2015","2015","83 years","83","Female","F",37496,640387,5855.209
,"2015","2015","83 years","83","Male","M",34644,442175,7834.907
"Total","2015","2015","83 years","83",,,72140,1082562,6663.822
,"2015","2015","84 years","84","Female","F",39800,608958,6535.755
,"2015","2015","84 years","84","Male","M",35617,406633,8759.004
"Total","2015","2015","84 years","84",,,75417,1015591,7425.922
,"2015","2015","85 years","85","Female","F",42054,Not Applicable,Not Applicable
,"2015","2015","85 years","85","Male","M",35498,Not Applicable,Not Applicable
"Total","2015","2015","85 years","85",,,77552,Not Applicable,Not Applicable
,"2015","2015","86 years","86","Female","F",43027,Not Applicable,Not Applicable
,"2015","2015","86 years","86","Male","M",34676,Not Applicable,Not Applicable
"Total","2015","2015","86 years","86",,,77703,Not Applicable,Not Applicable
,"2015","2015","87 years","87","Female","F",45252,Not Applicable,Not Applicable
,"2015","2015","87 years","87","Male","M",34900,Not Applicable,Not Applicable
"Total","2015","2015","87 years","87",,,80152,Not Applicable,Not Applicable
,"2015","2015","88 years","88","Female","F",45915,Not Applicable,Not Applicable
,"2015","2015","88 years","88","Male","M",33152,Not Applicable,Not Applicable
"Total","2015","2015","88 years","88",,,79067,Not Applicable,Not Applicable
,"2015","2015","89 years","89","Female","F",45567,Not Applicable,Not Applicable
,"2015","2015","89 years","89","Male","M",30706,Not Applicable,Not Applicable
"Total","2015","2015","89 years","89",,,76273,Not Applicable,Not Applicable
,"2015","2015","90 years","90","Female","F",45974,Not Applicable,Not Applicable
,"2015","2015","90 years","90","Male","M",28690,Not Applicable,Not Applicable
"Total","2015","2015","90 years","90",,,74664,Not Applicable,Not Applicable
,"2015","2015","91 years","91","Female","F",43774,Not Applicable,Not Applicable
,"2015","2015","91 years","91","Male","M",25871,Not Applicable,Not Applicable
"Total","2015","2015","91 years","91",,,69645,Not Applicable,Not Applicable
,"2015","2015","92 years","92","Female","F",40511,Not Applicable,Not Applicable
,"2015","2015","92 years","92","Male","M",22541,Not Applicable,Not Applicable
"Total","2015","2015","92 years","92",,,63052,Not Applicable,Not Applicable
,"2015","2015","93 years","93","Female","F",37836,Not Applicable,Not Applicable
,"2015","2015","93 years","93","Male","M",19604,Not Applicable,Not Applicable
"Total","2015","2015","93 years","93",,,57440,Not Applicable,Not Applicable
,"2015","2015","94 years","94","Female","F",33025,Not Applicable,Not Applicable
,"2015","2015","94 years","94","Male","M",15970,Not Applicable,Not Applicable
"Total","2015","2015","94 years","94",,,48995,Not Applicable,Not Applicable
,"2015","2015","95 years","95","Female","F",28012,Not Applicable,Not Applicable
,"2015","2015","95 years","95","Male","M",12316,Not Applicable,Not Applicable
"Total","2015","2015","95 years","95",,,40328,Not Applicable,Not Applicable
,"2015","2015","96 years","96","Female","F",21971,Not Applicable,Not Applicable
,"2015","2015","96 years","96","Male","M",8722,Not Applicable,Not Applicable
"Total","2015","2015","96 years","96",,,30693,Not Applicable,Not Applicable
,"2015","2015","97 years","97","Female","F",18143,Not Applicable,Not Applicable
,"2015","2015","97 years","97","Male","M",6574,Not Applicable,Not Applicable
"Total","2015","2015","97 years","97",,,24717,Not Applicable,Not Applicable
,"2015","2015","98 years","98","Female","F",14032,Not Applicable,Not Applicable
,"2015","2015","98 years","98","Male","M",4474,Not Applicable,Not Applicable
"Total","2015","2015","98 years","98",,,18506,Not Applicable,Not Applicable
,"2015","2015","99 years","99","Female","F",10313,Not Applicable,Not Applicable
,"2015","2015","99 years","99","Male","M",3071,Not Applicable,Not Applicable
"Total","2015","2015","99 years","99",,,13384,Not Applicable,Not Applicable
,"2015","2015","100+ years","100","Female","F",22591,Not Applicable,Not Applicable
,"2015","2015","100+ years","100","Male","M",4939,Not Applicable,Not Applicable
"Total","2015","2015","100+ years","100",,,27530,Not Applicable,Not Applicable
,"2015","2015","Not Stated","NS","Female","F",43,Not Applicable,Not Applicable
,"2015","2015","Not Stated","NS","Male","M",95,Not Applicable,Not Applicable
"Total","2015","2015","Not Stated","NS",,,138,Not Applicable,Not Applicable
"Total","2015","2015",,,,,2712630,321418820,843.955
,"2016","2016","< 1 year","0","Female","F",10294,1939667,530.710
,"2016","2016","< 1 year","0","Male","M",12867,2030478,633.693
"Total","2016","2016","< 1 year","0",,,23161,3970145,583.379
,"2016","2016","1 year","1","Female","F",694,1953850,35.520
,"2016","2016","1 year","1","Male","M",874,2041158,42.819
"Total","2016","2016","1 year","1",,,1568,3995008,39.249
,"2016","2016","2 years","2","Female","F",474,1949132,24.319
,"2016","2016","2 years","2","Male","M",572,2043022,27.998
"Total","2016","2016","2 years","2",,,1046,3992154,26.201
,"2016","2016","3 years","3","Female","F",323,1947408,16.586
,"2016","2016","3 years","3","Male","M",468,2034666,23.001
"Total","2016","2016","3 years","3",,,791,3982074,19.864
,"2016","2016","4 years","4","Female","F",298,1950127,15.281
,"2016","2016","4 years","4","Male","M",342,2037529,16.785
"Total","2016","2016","4 years","4",,,640,3987656,16.050
,"2016","2016","5 years","5","Female","F",256,1970381,12.992
,"2016","2016","5 years","5","Male","M",290,2062134,14.063
"Total","2016","2016","5 years","5",,,546,4032515,13.540
,"2016","2016","6 years","6","Female","F",206,1973241,10.440
,"2016","2016","6 years","6","Male","M",282,2056414,13.713
"Total","2016","2016","6 years","6",,,488,4029655,12.110
,"2016","2016","7 years","7","Female","F",240,1974326,12.156
,"2016","2016","7 years","7","Male","M",271,2055665,13.183
"Total","2016","2016","7 years","7",,,511,4029991,12.680
,"2016","2016","8 years","8","Female","F",194,2037098,9.523
,"2016","2016","8 years","8","Male","M",289,2122016,13.619
"Total","2016","2016","8 years","8",,,483,4159114,11.613
,"2016","2016","9 years","9","Female","F",217,2044830,10.612
,"2016","2016","9 years","9","Male","M",245,2133694,11.482
"Total","2016","2016","9 years","9",,,462,4178524,11.057
,"2016","2016","10 years","10","Female","F",189,2027418,9.322
,"2016","2016","10 years","10","Male","M",276,2116601,13.040
"Total","2016","2016","10 years","10",,,465,4144019,11.221
,"2016","2016","11 years","11","Female","F",227,2022731,11.222
,"2016","2016","11 years","11","Male","M",279,2108491,13.232
"Total","2016","2016","11 years","11",,,506,4131222,12.248
,"2016","2016","12 years","12","Female","F",221,2028493,10.895
,"2016","2016","12 years","12","Male","M",313,2111065,14.827
"Total","2016","2016","12 years","12",,,534,4139558,12.900
,"2016","2016","13 years","13","Female","F",258,2014600,12.807
,"2016","2016","13 years","13","Male","M",387,2095103,18.472
"Total","2016","2016","13 years","13",,,645,4109703,15.695
,"2016","2016","14 years","14","Female","F",354,2006259,17.645
,"2016","2016","14 years","14","Male","M",509,2087472,24.384
"Total","2016","2016","14 years","14",,,863,4093731,21.081
,"2016","2016","15 years","15","Female","F",399,2054841,19.418
,"2016","2016","15 years","15","Male","M",771,2142150,35.992
"Total","2016","2016","15 years","15",,,1170,4196991,27.877
,"2016","2016","16 years","16","Female","F",507,2084083,24.327
,"2016","2016","16 years","16","Male","M",1073,2181141,49.194
"Total","2016","2016","16 years","16",,,1580,4265224,37.044
,"2016","2016","17 years","17","Female","F",613,2054585,29.836
,"2016","2016","17 years","17","Male","M",1442,2150416,67.057
"Total","2016","2016","17 years","17",,,2055,4205001,48.870
,"2016","2016","18 years","18","Female","F",776,2060801,37.655
,"2016","2016","18 years","18","Male","M",2040,2158502,94.510
"Total","2016","2016","18 years","18",,,2816,4219303,66.741
,"2016","2016","19 years","19","Female","F",804,2073843,38.769
,"2016","2016","19 years","19","Male","M",2387,2169637,110.018
"Total","2016","2016","19 years","19",,,3191,4243480,75.198
,"2016","2016","20 years","20","Female","F",901,2088855,43.134
,"2016","2016","20 years","20","Male","M",2602,2197366,118.415
"Total","2016","2016","20 years","20",,,3503,4286221,81.727
,"2016","2016","21 years","21","Female","F",1032,2133830,48.364
,"2016","2016","21 years","21","Male","M",3150,2253024,139.812
"Total","2016","2016","21 years","21",,,4182,4386854,95.330
,"2016","2016","22 years","22","Female","F",1107,2178862,50.806
,"2016","2016","22 years","22","Male","M",3275,2302042,142.265
"Total","2016","2016","22 years","22",,,4382,4480904,97.793
,"2016","2016","23 years","23","Female","F",1198,2210629,54.193
,"2016","2016","23 years","23","Male","M",3524,2342323,150.449
"Total","2016","2016","23 years","23",,,4722,4552952,103.713
,"2016","2016","24 years","24","Female","F",1225,2277787,53.780
,"2016","2016","24 years","24","Male","M",3749,2396310,156.449
"Total","2016","2016","24 years","24",,,4974,4674097,106.416
,"2016","2016","25 years","25","Female","F",1379,2332540,59.120
,"2016","2016","25 years","25","Male","M",3924,2425812,161.760
"Total","2016","2016","25 years","25",,,5303,4758352,111.446
,"2016","2016","26 years","26","Female","F",1476,2333494,63.253
,"2016","2016","26 years","26","Male","M",3798,2413760,157.348
"Total","2016","2016","26 years","26",,,5274,4747254,111.096
,"2016","2016","27 years","27","Female","F",1536,2243248,68.472
,"2016","2016","27 years","27","Male","M",3927,2315958,169.563
"Total","2016","2016","27 years","27",,,5463,4559206,119.823
,"2016","2016","28 years","28","Female","F",1564,2193389,71.305
,"2016","2016","28 years","28","Male","M",4030,2258118,178.467
"Total","2016","2016","28 years","28",,,5594,4451507,125.665
,"2016","2016","29 years","29","Female","F",1587,2156739,73.583
,"2016","2016","29 years","29","Male","M",3832,2217826,172.782
"Total","2016","2016","29 years","29",,,5419,4374565,123.875
,"2016","2016","30 years","30","Female","F",1725,2167435,79.587
,"2016","2016","30 years","30","Male","M",3960,2224720,178.000
"Total","2016","2016","30 years","30",,,5685,4392155,129.435
,"2016","2016","31 years","31","Female","F",1907,2190224,87.069
,"2016","2016","31 years","31","Male","M",4011,2233583,179.577
"Total","2016","2016","31 years","31",,,5918,4423807,133.776
,"2016","2016","32 years","32","Female","F",1977,2128886,92.865
,"2016","2016","32 years","32","Male","M",4147,2154190,192.509
"Total","2016","2016","32 years","32",,,6124,4283076,142.981
,"2016","2016","33 years","33","Female","F",2022,2164564,93.414
,"2016","2016","33 years","33","Male","M",4219,2181222,193.424
"Total","2016","2016","33 years","33",,,6241,4345786,143.610
,"2016","2016","34 years","34","Female","F",2186,2166986,100.877
,"2016","2016","34 years","34","Male","M",4409,2174549,202.755
"Total","2016","2016","34 years","34",,,6595,4341535,151.905
,"2016","2016","35 years","35","Female","F",2318,2146149,108.007
,"2016","2016","35 years","35","Male","M",4468,2146976,208.107
"Total","2016","2016","35 years","35",,,6786,4293125,158.067
,"2016","2016","36 years","36","Female","F",2461,2179618,112.910
,"2016","2016","36 years","36","Male","M",4564,2195944,207.838
"Total","2016","2016","36 years","36",,,7025,4375562,160.551
,"2016","2016","37 years","37","Female","F",2441,2054543,118.810
,"2016","2016","37 years","37","Male","M",4560,2048955,222.552
"Total","2016","2016","37 years","37",,,7001,4103498,170.611
,"2016","2016","38 years","38","Female","F",2606,2016225,129.251
,"2016","2016","38 years","38","Male","M",4567,2005894,227.679
"Total","2016","2016","38 years","38",,,7173,4022119,178.339
,"2016","2016","39 years","39","Female","F",2642,2000928,132.039
,"2016","2016","39 years","39","Male","M",4650,1978673,235.006
"Total","2016","2016","39 years","39",,,7292,3979601,183.234
,"2016","2016","40 years","40","Female","F",2739,1941028,141.111
,"2016","2016","40 years","40","Male","M",4597,1921122,239.287
"Total","2016","2016","40 years","40",,,7336,3862150,189.946
,"2016","2016","41 years","41","Female","F",2863,1996568,143.396
,"2016","2016","41 years","41","Male","M",4927,1983028,248.458
"Total","2016","2016","41 years","41",,,7790,3979596,195.749
,"2016","2016","42 years","42","Female","F",3134,1941928,161.386
,"2016","2016","42 years","42","Male","M",4954,1912625,259.016
"Total","2016","2016","42 years","42",,,8088,3854553,209.830
,"2016","2016","43 years","43","Female","F",3495,1977320,176.754
,"2016","2016","43 years","43","Male","M",5708,1934987,294.989
"Total","2016","2016","43 years","43",,,9203,3912307,235.232
,"2016","2016","44 years","44","Female","F",3878,2063086,187.971
,"2016","2016","44 years","44","Male","M",6220,2024559,307.227
"Total","2016","2016","44 years","44",,,10098,4087645,247.037
,"2016","2016","45 years","45","Female","F",4549,2181652,208.512
,"2016","2016","45 years","45","Male","M",6937,2137964,324.468
"Total","2016","2016","45 years","45",,,11486,4319616,265.903
,"2016","2016","46 years","46","Female","F",4860,2199725,220.937
,"2016","2016","46 years","46","Male","M",7499,2172236,345.220
"Total","2016","2016","46 years","46",,,12359,4371961,282.688
,"2016","2016","47 years","47","Female","F",4931,2088622,236.089
,"2016","2016","47 years","47","Male","M",7800,2054342,379.684
"Total","2016","2016","47 years","47",,,12731,4142964,307.292
,"2016","2016","48 years","48","Female","F",5386,2046863,263.134
,"2016","2016","48 years","48","Male","M",8380,2008211,417.287
"Total","2016","2016","48 years","48",,,13766,4055074,339.476
,"2016","2016","49 years","49","Female","F",6090,2054806,296.378
,"2016","2016","49 years","49","Male","M",9153,2003202,456.918
"Total","2016","2016","49 years","49",,,15243,4058008,375.628
,"2016","2016","50 years","50","Female","F",6721,2091455,321.355
,"2016","2016","50 years","50","Male","M",10279,2039838,503.913
"Total","2016","2016","50 years","50",,,17000,4131293,411.493
,"2016","2016","51 years","51","Female","F",7660,2217966,345.361
,"2016","2016","51 years","51","Male","M",11557,2157926,535.561
"Total","2016","2016","51 years","51",,,19217,4375892,439.156
,"2016","2016","52 years","52","Female","F",8543,2266189,376.977
,"2016","2016","52 years","52","Male","M",13268,2186447,606.829
"Total","2016","2016","52 years","52",,,21811,4452636,489.845
,"2016","2016","53 years","53","Female","F",9477,2267892,417.877
,"2016","2016","53 years","53","Male","M",14413,2177713,661.841
"Total","2016","2016","53 years","53",,,23890,4445605,537.385
,"2016","2016","54 years","54","Female","F",10213,2265370,450.831
,"2016","2016","54 years","54","Male","M",15800,2168260,728.695
"Total","2016","2016","54 years","54",,,26013,4433630,586.720
,"2016","2016","55 years","55","Female","F",11212,2297597,487.988
,"2016","2016","55 years","55","Male","M",17335,2186968,792.650
"Total","2016","2016","55 years","55",,,28547,4484565,636.561
,"2016","2016","56 years","56","Female","F",11931,2311661,516.122
,"2016","2016","56 years","56","Male","M",18283,2207097,828.373
"Total","2016","2016","56 years","56",,,30214,4518758,668.635
,"2016","2016","57 years","57","Female","F",12662,2241986,564.767
,"2016","2016","57 years","57","Male","M",19808,2120821,933.978
"Total","2016","2016","57 years","57",,,32470,4362807,744.246
,"2016","2016","58 years","58","Female","F",13403,2232174,600.446
,"2016","2016","58 years","58","Male","M",20868,2100779,993.346
"Total","2016","2016","58 years","58",,,34271,4332953,790.939
,"2016","2016","59 years","59","Female","F",14288,2213284,645.557
,"2016","2016","59 years","59","Male","M",22356,2067741,1081.180
"Total","2016","2016","59 years","59",,,36644,4281025,855.963
,"2016","2016","60 years","60","Female","F",14892,2139267,696.126
,"2016","2016","60 years","60","Male","M",22875,1984701,1152.567
"Total","2016","2016","60 years","60",,,37767,4123968,915.793
,"2016","2016","61 years","61","Female","F",15278,2122487,719.816
,"2016","2016","61 years","61","Male","M",24337,1961475,1240.750
"Total","2016","2016","61 years","61",,,39615,4083962,970.014
,"2016","2016","62 years","62","Female","F",16291,2044245,796.920
,"2016","2016","62 years","62","Male","M",24890,1867184,1333.023
"Total","2016","2016","62 years","62",,,41181,3911429,1052.838
,"2016","2016","63 years","63","Female","F",16695,1968870,847.948
,"2016","2016","63 years","63","Male","M",25337,1788512,1416.653
"Total","2016","2016","63 years","63",,,42032,3757382,1118.651
,"2016","2016","64 years","64","Female","F",17409,1892535,919.877
,"2016","2016","64 years","64","Male","M",26295,1713760,1534.346
"Total","2016","2016","64 years","64",,,43704,3606295,1211.881
,"2016","2016","65 years","65","Female","F",17934,1839731,974.816
,"2016","2016","65 years","65","Male","M",26756,1651159,1620.438
"Total","2016","2016","65 years","65",,,44690,3490890,1280.189
,"2016","2016","66 years","66","Female","F",18641,1794239,1038.936
,"2016","2016","66 years","66","Male","M",27052,1609408,1680.867
"Total","2016","2016","66 years","66",,,45693,3403647,1342.472
,"2016","2016","67 years","67","Female","F",20160,1741373,1157.707
,"2016","2016","67 years","67","Male","M",28132,1553893,1810.421
"Total","2016","2016","67 years","67",,,48292,3295266,1465.496
,"2016","2016","68 years","68","Female","F",21599,1719694,1255.979
,"2016","2016","68 years","68","Male","M",29863,1532242,1948.974
"Total","2016","2016","68 years","68",,,51462,3251936,1582.503
,"2016","2016","69 years","69","Female","F",23932,1788127,1338.384
,"2016","2016","69 years","69","Male","M",32586,1590217,2049.154
"Total","2016","2016","69 years","69",,,56518,3378344,1672.950
,"2016","2016","70 years","70","Female","F",20393,1325617,1538.378
,"2016","2016","70 years","70","Male","M",26854,1161594,2311.823
"Total","2016","2016","70 years","70",,,47247,2487211,1899.598
,"2016","2016","71 years","71","Female","F",21484,1310054,1639.932
,"2016","2016","71 years","71","Male","M",28167,1135596,2480.372
"Total","2016","2016","71 years","71",,,49651,2445650,2030.176
,"2016","2016","72 years","72","Female","F",23542,1276783,1843.853
,"2016","2016","72 years","72","Male","M",29906,1094469,2732.467
"Total","2016","2016","72 years","72",,,53448,2371252,2253.999
,"2016","2016","73 years","73","Female","F",26233,1304712,2010.635
,"2016","2016","73 years","73","Male","M",32437,1108935,2925.059
"Total","2016","2016","73 years","73",,,58670,2413647,2430.761
,"2016","2016","74 years","74","Female","F",25420,1138891,2231.996
,"2016","2016","74 years","74","Male","M",30989,953596,3249.699
"Total","2016","2016","74 years","74",,,56409,2092487,2695.787
,"2016","2016","75 years","75","Female","F",25708,1043735,2463.077
,"2016","2016","75 years","75","Male","M",30756,856476,3590.994
"Total","2016","2016","75 years","75",,,56464,1900211,2971.459
,"2016","2016","76 years","76","Female","F",25901,984932,2629.725
,"2016","2016","76 years","76","Male","M",30677,799334,3837.820
"Total","2016","2016","76 years","76",,,56578,1784266,3170.940
,"2016","2016","77 years","77","Female","F",27585,920921,2995.371
,"2016","2016","77 years","77","Male","M",31459,743645,4230.379
"Total","2016","2016","77 years","77",,,59044,1664566,3547.111
,"2016","2016","78 years","78","Female","F",28945,882532,3279.768
,"2016","2016","78 years","78","Male","M",31783,696383,4564.011
"Total","2016","2016","78 years","78",,,60728,1578915,3846.186
,"2016","2016","79 years","79","Female","F",29905,812156,3682.174
,"2016","2016","79 years","79","Male","M",32176,627781,5125.354
"Total","2016","2016","79 years","79",,,62081,1439937,4311.369
,"2016","2016","80 years","80","Female","F",31952,773313,4131.833
,"2016","2016","80 years","80","Male","M",33035,584947,5647.520
"Total","2016","2016","80 years","80",,,64987,1358260,4784.577
,"2016","2016","81 years","81","Female","F",33568,740254,4534.660
,"2016","2016","81 years","81","Male","M",33672,544044,6189.205
"Total","2016","2016","81 years","81",,,67240,1284298,5235.545
,"2016","2016","82 years","82","Female","F",34222,660414,5181.901
,"2016","2016","82 years","82","Male","M",32898,474695,6930.345
"Total","2016","2016","82 years","82",,,67120,1135109,5913.089
,"2016","2016","83 years","83","Female","F",36058,636001,5669.488
,"2016","2016","83 years","83","Male","M",33700,443081,7605.833
"Total","2016","2016","83 years","83",,,69758,1079082,6464.569
,"2016","2016","84 years","84","Female","F",38253,602402,6350.079
,"2016","2016","84 years","84","Male","M",34663,406488,8527.435
"Total","2016","2016","84 years","84",,,72916,1008890,7227.349
,"2016","2016","85 years","85","Female","F",41051,Not Applicable,Not Applicable
,"2016","2016","85 years","85","Male","M",34866,Not Applicable,Not Applicable
"Total","2016","2016","85 years","85",,,75917,Not Applicable,Not Applicable
,"2016","2016","86 years","86","Female","F",42459,Not Applicable,Not Applicable
,"2016","2016","86 years","86","Male","M",35058,Not Applicable,Not Applicable
"Total","2016","2016","86 years","86",,,77517,Not Applicable,Not Applicable
,"2016","2016","87 years","87","Female","F",43269,Not Applicable,Not Applicable
,"2016","2016","87 years","87","Male","M",33753,Not Applicable,Not Applicable
"Total","2016","2016","87 years","87",,,77022,Not Applicable,Not Applicable
,"2016","2016","88 years","88","Female","F",44814,Not Applicable,Not Applicable
,"2016","2016","88 years","88","Male","M",32916,Not Applicable,Not Applicable
"Total","2016","2016","88 years","88",,,77730,Not Applicable,Not Applicable
,"2016","2016","89 years","89","Female","F",44823,Not Applicable,Not Applicable
,"2016","2016","89 years","89","Male","M",31470,Not Applicable,Not Applicable
"Total","2016","2016","89 years","89",,,76293,Not Applicable,Not Applicable
,"2016","2016","90 years","90","Female","F",44061,Not Applicable,Not Applicable
,"2016","2016","90 years","90","Male","M",28742,Not Applicable,Not Applicable
"Total","2016","2016","90 years","90",,,72803,Not Applicable,Not Applicable
,"2016","2016","91 years","91","Female","F",43368,Not Applicable,Not Applicable
,"2016","2016","91 years","91","Male","M",26088,Not Applicable,Not Applicable
"Total","2016","2016","91 years","91",,,69456,Not Applicable,Not Applicable
,"2016","2016","92 years","92","Female","F",40362,Not Applicable,Not Applicable
,"2016","2016","92 years","92","Male","M",22897,Not Applicable,Not Applicable
"Total","2016","2016","92 years","92",,,63259,Not Applicable,Not Applicable
,"2016","2016","93 years","93","Female","F",36549,Not Applicable,Not Applicable
,"2016","2016","93 years","93","Male","M",19433,Not Applicable,Not Applicable
"Total","2016","2016","93 years","93",,,55982,Not Applicable,Not Applicable
,"2016","2016","94 years","94","Female","F",33094,Not Applicable,Not Applicable
,"2016","2016","94 years","94","Male","M",16177,Not Applicable,Not Applicable
"Total","2016","2016","94 years","94",,,49271,Not Applicable,Not Applicable
,"2016","2016","95 years","95","Female","F",28427,Not Applicable,Not Applicable
,"2016","2016","95 years","95","Male","M",12795,Not Applicable,Not Applicable
"Total","2016","2016","95 years","95",,,41222,Not Applicable,Not Applicable
,"2016","2016","96 years","96","Female","F",23356,Not Applicable,Not Applicable
,"2016","2016","96 years","96","Male","M",9608,Not Applicable,Not Applicable
"Total","2016","2016","96 years","96",,,32964,Not Applicable,Not Applicable
,"2016","2016","97 years","97","Female","F",17890,Not Applicable,Not Applicable
,"2016","2016","97 years","97","Male","M",6496,Not Applicable,Not Applicable
"Total","2016","2016","97 years","97",,,24386,Not Applicable,Not Applicable
,"2016","2016","98 years","98","Female","F",14343,Not Applicable,Not Applicable
,"2016","2016","98 years","98","Male","M",4867,Not Applicable,Not Applicable
"Total","2016","2016","98 years","98",,,19210,Not Applicable,Not Applicable
,"2016","2016","99 years","99","Female","F",10451,Not Applicable,Not Applicable
,"2016","2016","99 years","99","Male","M",3143,Not Applicable,Not Applicable
"Total","2016","2016","99 years","99",,,13594,Not Applicable,Not Applicable
,"2016","2016","100+ years","100","Female","F",22790,Not Applicable,Not Applicable
,"2016","2016","100+ years","100","Male","M",5046,Not Applicable,Not Applicable
"Total","2016","2016","100+ years","100",,,27836,Not Applicable,Not Applicable
,"2016","2016","Not Stated","NS","Female","F",40,Not Applicable,Not Applicable
,"2016","2016","Not Stated","NS","Male","M",97,Not Applicable,Not Applicable
"Total","2016","2016","Not Stated","NS",,,137,Not Applicable,Not Applicable
"Total","2016","2016",,,,,2744248,323127513,849.277
,"2017","2017","< 1 year","0","Female","F",9867,1924145,512.799
,"2017","2017","< 1 year","0","Male","M",12468,2015150,618.713
"Total","2017","2017","< 1 year","0",,,22335,3939295,566.980
,"2017","2017","1 year","1","Female","F",658,1943534,33.856
,"2017","2017","1 year","1","Male","M",859,2031718,42.279
"Total","2017","2017","1 year","1",,,1517,3975252,38.161
,"2017","2017","2 years","2","Female","F",405,1965150,20.609
,"2017","2017","2 years","2","Male","M",587,2056625,28.542
"Total","2017","2017","2 years","2",,,992,4021775,24.666
,"2017","2017","3 years","3","Female","F",312,1956281,15.949
,"2017","2017","3 years","3","Male","M",461,2050474,22.483
"Total","2017","2017","3 years","3",,,773,4006755,19.292
,"2017","2017","4 years","4","Female","F",273,1953782,13.973
,"2017","2017","4 years","4","Male","M",325,2042001,15.916
"Total","2017","2017","4 years","4",,,598,3995783,14.966
,"2017","2017","5 years","5","Female","F",211,1956268,10.786
,"2017","2017","5 years","5","Male","M",300,2045050,14.670
"Total","2017","2017","5 years","5",,,511,4001318,12.771
,"2017","2017","6 years","6","Female","F",213,1976331,10.778
,"2017","2017","6 years","6","Male","M",242,2069201,11.695
"Total","2017","2017","6 years","6",,,455,4045532,11.247
,"2017","2017","7 years","7","Female","F",219,1979376,11.064
,"2017","2017","7 years","7","Male","M",267,2063003,12.942
"Total","2017","2017","7 years","7",,,486,4042379,12.023
,"2017","2017","8 years","8","Female","F",206,1980666,10.401
,"2017","2017","8 years","8","Male","M",248,2062172,12.026
"Total","2017","2017","8 years","8",,,454,4042838,11.230
,"2017","2017","9 years","9","Female","F",206,2043456,10.081
,"2017","2017","9 years","9","Male","M",242,2128715,11.368
"Total","2017","2017","9 years","9",,,448,4172171,10.738
,"2017","2017","10 years","10","Female","F",200,2051237,9.750
,"2017","2017","10 years","10","Male","M",294,2140682,13.734
"Total","2017","2017","10 years","10",,,494,4191919,11.785
,"2017","2017","11 years","11","Female","F",218,2034143,10.717
,"2017","2017","11 years","11","Male","M",304,2123819,14.314
"Total","2017","2017","11 years","11",,,522,4157962,12.554
,"2017","2017","12 years","12","Female","F",218,2029693,10.741
,"2017","2017","12 years","12","Male","M",383,2116260,18.098
"Total","2017","2017","12 years","12",,,601,4145953,14.496
,"2017","2017","13 years","13","Female","F",274,2035757,13.459
,"2017","2017","13 years","13","Male","M",428,2119558,20.193
"Total","2017","2017","13 years","13",,,702,4155315,16.894
,"2017","2017","14 years","14","Female","F",337,2022552,16.662
,"2017","2017","14 years","14","Male","M",561,2104753,26.654
"Total","2017","2017","14 years","14",,,898,4127305,21.758
,"2017","2017","15 years","15","Female","F",423,2015751,20.985
,"2017","2017","15 years","15","Male","M",796,2098809,37.926
"Total","2017","2017","15 years","15",,,1219,4114560,29.626
,"2017","2017","16 years","16","Female","F",512,2066782,24.773
,"2017","2017","16 years","16","Male","M",1169,2155909,54.223
"Total","2017","2017","16 years","16",,,1681,4222691,39.809
,"2017","2017","17 years","17","Female","F",551,2098704,26.254
,"2017","2017","17 years","17","Male","M",1411,2197871,64.198
"Total","2017","2017","17 years","17",,,1962,4296575,45.664
,"2017","2017","18 years","18","Female","F",744,2071758,35.912
,"2017","2017","18 years","18","Male","M",2018,2169468,93.018
"Total","2017","2017","18 years","18",,,2762,4241226,65.123
,"2017","2017","19 years","19","Female","F",807,2078174,38.832
,"2017","2017","19 years","19","Male","M",2455,2178434,112.696
"Total","2017","2017","19 years","19",,,3262,4256608,76.634
,"2017","2017","20 years","20","Female","F",904,2089336,43.267
,"2017","2017","20 years","20","Male","M",2633,2187409,120.371
"Total","2017","2017","20 years","20",,,3537,4276745,82.703
,"2017","2017","21 years","21","Female","F",1028,2104329,48.852
,"2017","2017","21 years","21","Male","M",2864,2213975,129.360
"Total","2017","2017","21 years","21",,,3892,4318304,90.128
,"2017","2017","22 years","22","Female","F",1087,2150615,50.544
,"2017","2017","22 years","22","Male","M",3115,2270148,137.216
"Total","2017","2017","22 years","22",,,4202,4420763,95.051
,"2017","2017","23 years","23","Female","F",1207,2196524,54.950
,"2017","2017","23 years","23","Male","M",3387,2318784,146.068
"Total","2017","2017","23 years","23",,,4594,4515308,101.743
,"2017","2017","24 years","24","Female","F",1259,2228689,56.491
,"2017","2017","24 years","24","Male","M",3655,2358826,154.950
"Total","2017","2017","24 years","24",,,4914,4587515,107.117
,"2017","2017","25 years","25","Female","F",1413,2295484,61.556
,"2017","2017","25 years","25","Male","M",3851,2413370,159.569
"Total","2017","2017","25 years","25",,,5264,4708854,111.789
,"2017","2017","26 years","26","Female","F",1413,2350352,60.119
,"2017","2017","26 years","26","Male","M",4102,2443974,167.841
"Total","2017","2017","26 years","26",,,5515,4794326,115.032
,"2017","2017","27 years","27","Female","F",1665,2351456,70.807
,"2017","2017","27 years","27","Male","M",4147,2432679,170.470
"Total","2017","2017","27 years","27",,,5812,4784135,121.485
,"2017","2017","28 years","28","Female","F",1745,2260383,77.199
,"2017","2017","28 years","28","Male","M",4170,2335023,178.585
"Total","2017","2017","28 years","28",,,5915,4595406,128.716
,"2017","2017","29 years","29","Female","F",1655,2210555,74.868
,"2017","2017","29 years","29","Male","M",4115,2277184,180.706
"Total","2017","2017","29 years","29",,,5770,4487739,128.573
,"2017","2017","30 years","30","Female","F",1786,2174279,82.142
,"2017","2017","30 years","30","Male","M",4033,2236352,180.338
"Total","2017","2017","30 years","30",,,5819,4410631,131.931
,"2017","2017","31 years","31","Female","F",1916,2183649,87.743
,"2017","2017","31 years","31","Male","M",4244,2241759,189.316
"Total","2017","2017","31 years","31",,,6160,4425408,139.196
,"2017","2017","32 years","32","Female","F",2028,2204770,91.982
,"2017","2017","32 years","32","Male","M",4432,2248948,197.070
"Total","2017","2017","32 years","32",,,6460,4453718,145.047
,"2017","2017","33 years","33","Female","F",2166,2142863,101.080
,"2017","2017","33 years","33","Male","M",4453,2168114,205.386
"Total","2017","2017","33 years","33",,,6619,4310977,153.538
,"2017","2017","34 years","34","Female","F",2279,2177520,104.660
,"2017","2017","34 years","34","Male","M",4602,2193958,209.758
"Total","2017","2017","34 years","34",,,6881,4371478,157.407
,"2017","2017","35 years","35","Female","F",2385,2179052,109.451
,"2017","2017","35 years","35","Male","M",4661,2185895,213.231
"Total","2017","2017","35 years","35",,,7046,4364947,161.422
,"2017","2017","36 years","36","Female","F",2460,2157640,114.013
,"2017","2017","36 years","36","Male","M",4809,2156347,223.016
"Total","2017","2017","36 years","36",,,7269,4313987,168.498
,"2017","2017","37 years","37","Female","F",2662,2190170,121.543
,"2017","2017","37 years","37","Male","M",4920,2204181,223.212
"Total","2017","2017","37 years","37",,,7582,4394351,172.540
,"2017","2017","38 years","38","Female","F",2519,2063849,122.054
,"2017","2017","38 years","38","Male","M",4831,2056619,234.900
"Total","2017","2017","38 years","38",,,7350,4120468,178.378
,"2017","2017","39 years","39","Female","F",2770,2025301,136.770
,"2017","2017","39 years","39","Male","M",4884,2012943,242.630
"Total","2017","2017","39 years","39",,,7654,4038244,189.538
,"2017","2017","40 years","40","Female","F",2898,2009156,144.240
,"2017","2017","40 years","40","Male","M",5074,1985267,255.583
"Total","2017","2017","40 years","40",,,7972,3994423,199.578
,"2017","2017","41 years","41","Female","F",2956,1948683,151.692
,"2017","2017","41 years","41","Male","M",5045,1927055,261.798
"Total","2017","2017","41 years","41",,,8001,3875738,206.438
,"2017","2017","42 years","42","Female","F",3277,2003193,163.589
,"2017","2017","42 years","42","Male","M",5236,1987507,263.446
"Total","2017","2017","42 years","42",,,8513,3990700,213.321
,"2017","2017","43 years","43","Female","F",3436,1947353,176.445
,"2017","2017","43 years","43","Male","M",5464,1916102,285.162
"Total","2017","2017","43 years","43",,,8900,3863455,230.364
,"2017","2017","44 years","44","Female","F",3641,1981873,183.715
,"2017","2017","44 years","44","Male","M",5868,1937184,302.914
"Total","2017","2017","44 years","44",,,9509,3919057,242.635
,"2017","2017","45 years","45","Female","F",4140,2066554,200.334
,"2017","2017","45 years","45","Male","M",6870,2025025,339.255
"Total","2017","2017","45 years","45",,,11010,4091579,269.089
,"2017","2017","46 years","46","Female","F",4863,2183846,222.681
,"2017","2017","46 years","46","Male","M",7680,2136737,359.427
"Total","2017","2017","46 years","46",,,12543,4320583,290.308
,"2017","2017","47 years","47","Female","F",5251,2201202,238.551
,"2017","2017","47 years","47","Male","M",8282,2169762,381.701
"Total","2017","2017","47 years","47",,,13533,4370964,309.611
,"2017","2017","48 years","48","Female","F",5441,2089271,260.426
,"2017","2017","48 years","48","Male","M",8450,2050739,412.047
"Total","2017","2017","48 years","48",,,13891,4140010,335.531
,"2017","2017","49 years","49","Female","F",5780,2046810,282.391
,"2017","2017","49 years","49","Male","M",8941,2003912,446.177
"Total","2017","2017","49 years","49",,,14721,4050722,363.417
,"2017","2017","50 years","50","Female","F",6490,2053593,316.031
,"2017","2017","50 years","50","Male","M",9935,1997485,497.375
"Total","2017","2017","50 years","50",,,16425,4051078,405.448
,"2017","2017","51 years","51","Female","F",7200,2089015,344.660
,"2017","2017","51 years","51","Male","M",11297,2032379,555.851
"Total","2017","2017","51 years","51",,,18497,4121394,448.804
,"2017","2017","52 years","52","Female","F",8160,2214239,368.524
,"2017","2017","52 years","52","Male","M",12566,2148966,584.746
"Total","2017","2017","52 years","52",,,20726,4363205,475.018
,"2017","2017","53 years","53","Female","F",9047,2261664,400.015
,"2017","2017","53 years","53","Male","M",14244,2175762,654.667
"Total","2017","2017","53 years","53",,,23291,4437426,524.876
,"2017","2017","54 years","54","Female","F",9966,2262401,440.505
,"2017","2017","54 years","54","Male","M",15539,2165590,717.541
"Total","2017","2017","54 years","54",,,25505,4427991,575.995
,"2017","2017","55 years","55","Female","F",10959,2258814,485.166
,"2017","2017","55 years","55","Male","M",17001,2154452,789.110
"Total","2017","2017","55 years","55",,,27960,4413266,633.544
,"2017","2017","56 years","56","Female","F",11882,2290060,518.851
,"2017","2017","56 years","56","Male","M",18374,2171286,846.227
"Total","2017","2017","56 years","56",,,30256,4461346,678.181
,"2017","2017","57 years","57","Female","F",12929,2303341,561.315
,"2017","2017","57 years","57","Male","M",19776,2190232,902.918
"Total","2017","2017","57 years","57",,,32705,4493573,727.817
,"2017","2017","58 years","58","Female","F",13554,2232903,607.012
,"2017","2017","58 years","58","Male","M",20854,2102988,991.637
"Total","2017","2017","58 years","58",,,34408,4335891,793.562
,"2017","2017","59 years","59","Female","F",14387,2222318,647.387
,"2017","2017","59 years","59","Male","M",22382,2081562,1075.250
"Total","2017","2017","59 years","59",,,36769,4303880,854.322
,"2017","2017","60 years","60","Female","F",15369,2202546,697.783
,"2017","2017","60 years","60","Male","M",23683,2047375,1156.749
"Total","2017","2017","60 years","60",,,39052,4249921,918.888
,"2017","2017","61 years","61","Female","F",15902,2128409,747.131
,"2017","2017","61 years","61","Male","M",24309,1963253,1238.200
"Total","2017","2017","61 years","61",,,40211,4091662,982.755
,"2017","2017","62 years","62","Female","F",16467,2111180,779.990
,"2017","2017","62 years","62","Male","M",25388,1938979,1309.349
"Total","2017","2017","62 years","62",,,41855,4050159,1033.416
,"2017","2017","63 years","63","Female","F",17301,2032205,851.341
,"2017","2017","63 years","63","Male","M",26512,1843702,1437.976
"Total","2017","2017","63 years","63",,,43813,3875907,1130.393
,"2017","2017","64 years","64","Female","F",17921,1956079,916.170
,"2017","2017","64 years","64","Male","M",27056,1763974,1533.809
"Total","2017","2017","64 years","64",,,44977,3720053,1209.042
,"2017","2017","65 years","65","Female","F",18620,1878995,990.955
,"2017","2017","65 years","65","Male","M",27527,1688983,1629.797
"Total","2017","2017","65 years","65",,,46147,3567978,1293.366
,"2017","2017","66 years","66","Female","F",19061,1825058,1044.405
,"2017","2017","66 years","66","Male","M",27805,1626011,1710.013
"Total","2017","2017","66 years","66",,,46866,3451069,1358.014
,"2017","2017","67 years","67","Female","F",19936,1778116,1121.187
,"2017","2017","67 years","67","Male","M",28708,1583631,1812.796
"Total","2017","2017","67 years","67",,,48644,3361747,1446.986
,"2017","2017","68 years","68","Female","F",21697,1723919,1258.586
,"2017","2017","68 years","68","Male","M",29696,1527330,1944.308
"Total","2017","2017","68 years","68",,,51393,3251249,1580.716
,"2017","2017","69 years","69","Female","F",23515,1700425,1382.890
,"2017","2017","69 years","69","Male","M",31522,1503913,2095.999
"Total","2017","2017","69 years","69",,,55037,3204338,1717.578
,"2017","2017","70 years","70","Female","F",25874,1765955,1465.156
,"2017","2017","70 years","70","Male","M",34188,1558707,2193.356
"Total","2017","2017","70 years","70",,,60062,3324662,1806.560
,"2017","2017","71 years","71","Female","F",21865,1307666,1672.063
,"2017","2017","71 years","71","Male","M",28792,1136177,2534.112
"Total","2017","2017","71 years","71",,,50657,2443843,2072.842
,"2017","2017","72 years","72","Female","F",23530,1290521,1823.295
,"2017","2017","72 years","72","Male","M",29455,1108765,2656.559
"Total","2017","2017","72 years","72",,,52985,2399286,2208.365
,"2017","2017","73 years","73","Female","F",25389,1255382,2022.412
,"2017","2017","73 years","73","Male","M",31658,1066091,2969.540
"Total","2017","2017","73 years","73",,,57047,2321473,2457.362
,"2017","2017","74 years","74","Female","F",28192,1280269,2202.037
,"2017","2017","74 years","74","Male","M",34580,1077532,3209.185
"Total","2017","2017","74 years","74",,,62772,2357801,2662.311
,"2017","2017","75 years","75","Female","F",27378,1115294,2454.779
,"2017","2017","75 years","75","Male","M",32363,923942,3502.709
"Total","2017","2017","75 years","75",,,59741,2039236,2929.578
,"2017","2017","76 years","76","Female","F",27440,1019726,2690.919
,"2017","2017","76 years","76","Male","M",31884,827432,3853.368
"Total","2017","2017","76 years","76",,,59324,1847158,3211.636
,"2017","2017","77 years","77","Female","F",28187,959502,2937.670
,"2017","2017","77 years","77","Male","M",32283,769612,4194.711
"Total","2017","2017","77 years","77",,,60470,1729114,3497.167
,"2017","2017","78 years","78","Female","F",29753,894185,3327.388
,"2017","2017","78 years","78","Male","M",32945,713055,4620.261
"Total","2017","2017","78 years","78",,,62698,1607240,3900.973
,"2017","2017","79 years","79","Female","F",31235,853738,3658.617
,"2017","2017","79 years","79","Male","M",34030,664775,5119.025
"Total","2017","2017","79 years","79",,,65265,1518513,4297.955
,"2017","2017","80 years","80","Female","F",32267,782413,4124.037
,"2017","2017","80 years","80","Male","M",33752,596081,5662.318
"Total","2017","2017","80 years","80",,,66019,1378494,4789.212
,"2017","2017","81 years","81","Female","F",33792,741699,4556.026
,"2017","2017","81 years","81","Male","M",34438,552132,6237.277
"Total","2017","2017","81 years","81",,,68230,1293831,5273.486
,"2017","2017","82 years","82","Female","F",35949,706475,5088.503
,"2017","2017","82 years","82","Male","M",35325,510165,6924.230
"Total","2017","2017","82 years","82",,,71274,1216640,5858.265
,"2017","2017","83 years","83","Female","F",36345,626409,5802.120
,"2017","2017","83 years","83","Male","M",34510,441701,7812.978
"Total","2017","2017","83 years","83",,,70855,1068110,6633.680
,"2017","2017","84 years","84","Female","F",38742,599235,6465.243
,"2017","2017","84 years","84","Male","M",35141,408980,8592.352
"Total","2017","2017","84 years","84",,,73883,1008215,7328.100
,"2017","2017","85 years","85","Female","F",40257,Not Applicable,Not Applicable
,"2017","2017","85 years","85","Male","M",35384,Not Applicable,Not Applicable
"Total","2017","2017","85 years","85",,,75641,Not Applicable,Not Applicable
,"2017","2017","86 years","86","Female","F",42520,Not Applicable,Not Applicable
,"2017","2017","86 years","86","Male","M",35686,Not Applicable,Not Applicable
"Total","2017","2017","86 years","86",,,78206,Not Applicable,Not Applicable
,"2017","2017","87 years","87","Female","F",44273,Not Applicable,Not Applicable
,"2017","2017","87 years","87","Male","M",35162,Not Applicable,Not Applicable
"Total","2017","2017","87 years","87",,,79435,Not Applicable,Not Applicable
,"2017","2017","88 years","88","Female","F",44242,Not Applicable,Not Applicable
,"2017","2017","88 years","88","Male","M",33508,Not Applicable,Not Applicable
"Total","2017","2017","88 years","88",,,77750,Not Applicable,Not Applicable
,"2017","2017","89 years","89","Female","F",44878,Not Applicable,Not Applicable
,"2017","2017","89 years","89","Male","M",32211,Not Applicable,Not Applicable
"Total","2017","2017","89 years","89",,,77089,Not Applicable,Not Applicable
,"2017","2017","90 years","90","Female","F",45156,Not Applicable,Not Applicable
,"2017","2017","90 years","90","Male","M",29853,Not Applicable,Not Applicable
"Total","2017","2017","90 years","90",,,75009,Not Applicable,Not Applicable
,"2017","2017","91 years","91","Female","F",43444,Not Applicable,Not Applicable
,"2017","2017","91 years","91","Male","M",26409,Not Applicable,Not Applicable
"Total","2017","2017","91 years","91",,,69853,Not Applicable,Not Applicable
,"2017","2017","92 years","92","Female","F",41763,Not Applicable,Not Applicable
,"2017","2017","92 years","92","Male","M",24090,Not Applicable,Not Applicable
"Total","2017","2017","92 years","92",,,65853,Not Applicable,Not Applicable
,"2017","2017","93 years","93","Female","F",37919,Not Applicable,Not Applicable
,"2017","2017","93 years","93","Male","M",20246,Not Applicable,Not Applicable
"Total","2017","2017","93 years","93",,,58165,Not Applicable,Not Applicable
,"2017","2017","94 years","94","Female","F",33888,Not Applicable,Not Applicable
,"2017","2017","94 years","94","Male","M",16675,Not Applicable,Not Applicable
"Total","2017","2017","94 years","94",,,50563,Not Applicable,Not Applicable
,"2017","2017","95 years","95","Female","F",30096,Not Applicable,Not Applicable
,"2017","2017","95 years","95","Male","M",13694,Not Applicable,Not Applicable
"Total","2017","2017","95 years","95",,,43790,Not Applicable,Not Applicable
,"2017","2017","96 years","96","Female","F",24926,Not Applicable,Not Applicable
,"2017","2017","96 years","96","Male","M",10480,Not Applicable,Not Applicable
"Total","2017","2017","96 years","96",,,35406,Not Applicable,Not Applicable
,"2017","2017","97 years","97","Female","F",19849,Not Applicable,Not Applicable
,"2017","2017","97 years","97","Male","M",7532,Not Applicable,Not Applicable
"Total","2017","2017","97 years","97",,,27381,Not Applicable,Not Applicable
,"2017","2017","98 years","98","Female","F",14709,Not Applicable,Not Applicable
,"2017","2017","98 years","98","Male","M",4971,Not Applicable,Not Applicable
"Total","2017","2017","98 years","98",,,19680,Not Applicable,Not Applicable
,"2017","2017","99 years","99","Female","F",11323,Not Applicable,Not Applicable
,"2017","2017","99 years","99","Male","M",3528,Not Applicable,Not Applicable
"Total","2017","2017","99 years","99",,,14851,Not Applicable,Not Applicable
,"2017","2017","100+ years","100","Female","F",23926,Not Applicable,Not Applicable
,"2017","2017","100+ years","100","Male","M",5437,Not Applicable,Not Applicable
"Total","2017","2017","100+ years","100",,,29363,Not Applicable,Not Applicable
,"2017","2017","Not Stated","NS","Female","F",38,Not Applicable,Not Applicable
,"2017","2017","Not Stated","NS","Male","M",91,Not Applicable,Not Applicable
"Total","2017","2017","Not Stated","NS",,,129,Not Applicable,Not Applicable
"Total","2017","2017",,,,,2813503,325719178,863.782
,"2018","2018","< 1 year","0","Female","F",9399,1879703,500.026
,"2018","2018","< 1 year","0","Male","M",12068,1968505,613.054
"Total","2018","2018","< 1 year","0",,,21467,3848208,557.844
,"2018","2018","1 year","1","Female","F",617,1911513,32.278
,"2018","2018","1 year","1","Male","M",831,2001387,41.521
"Total","2018","2018","1 year","1",,,1448,3912900,37.006
,"2018","2018","2 years","2","Female","F",435,1951366,22.292
,"2018","2018","2 years","2","Male","M",612,2040071,29.999
"Total","2018","2018","2 years","2",,,1047,3991437,26.231
,"2018","2018","3 years","3","Female","F",291,1972327,14.754
,"2018","2018","3 years","3","Male","M",454,2064235,21.994
"Total","2018","2018","3 years","3",,,745,4036562,18.456
,"2018","2018","4 years","4","Female","F",244,1963164,12.429
,"2018","2018","4 years","4","Male","M",346,2058004,16.812
"Total","2018","2018","4 years","4",,,590,4021168,14.672
,"2018","2018","5 years","5","Female","F",230,1960607,11.731
,"2018","2018","5 years","5","Male","M",294,2049511,14.345
"Total","2018","2018","5 years","5",,,524,4010118,13.067
,"2018","2018","6 years","6","Female","F",212,1963030,10.800
,"2018","2018","6 years","6","Male","M",248,2052229,12.084
"Total","2018","2018","6 years","6",,,460,4015259,11.456
,"2018","2018","7 years","7","Female","F",176,1983207,8.875
,"2018","2018","7 years","7","Male","M",243,2076156,11.704
"Total","2018","2018","7 years","7",,,419,4059363,10.322
,"2018","2018","8 years","8","Female","F",221,1986003,11.128
,"2018","2018","8 years","8","Male","M",236,2069621,11.403
"Total","2018","2018","8 years","8",,,457,4055624,11.268
,"2018","2018","9 years","9","Female","F",205,1986805,10.318
,"2018","2018","9 years","9","Male","M",265,2068473,12.811
"Total","2018","2018","9 years","9",,,470,4055278,11.590
,"2018","2018","10 years","10","Female","F",222,2049181,10.834
,"2018","2018","10 years","10","Male","M",249,2134896,11.663
"Total","2018","2018","10 years","10",,,471,4184077,11.257
,"2018","2018","11 years","11","Female","F",247,2056222,12.012
,"2018","2018","11 years","11","Male","M",247,2146785,11.506
"Total","2018","2018","11 years","11",,,494,4203007,11.753
,"2018","2018","12 years","12","Female","F",252,2038862,12.360
,"2018","2018","12 years","12","Male","M",337,2129623,15.824
"Total","2018","2018","12 years","12",,,589,4168485,14.130
,"2018","2018","13 years","13","Female","F",283,2034962,13.907
,"2018","2018","13 years","13","Male","M",393,2121925,18.521
"Total","2018","2018","13 years","13",,,676,4156887,16.262
,"2018","2018","14 years","14","Female","F",321,2041460,15.724
,"2018","2018","14 years","14","Male","M",569,2125611,26.769
"Total","2018","2018","14 years","14",,,890,4167071,21.358
,"2018","2018","15 years","15","Female","F",397,2029592,19.561
,"2018","2018","15 years","15","Male","M",789,2111626,37.365
"Total","2018","2018","15 years","15",,,1186,4141218,28.639
,"2018","2018","16 years","16","Female","F",472,2023998,23.320
,"2018","2018","16 years","16","Male","M",1021,2106746,48.463
"Total","2018","2018","16 years","16",,,1493,4130744,36.144
,"2018","2018","17 years","17","Female","F",594,2076491,28.606
,"2018","2018","17 years","17","Male","M",1434,2165445,66.222
"Total","2018","2018","17 years","17",,,2028,4241936,47.808
,"2018","2018","18 years","18","Female","F",730,2109928,34.598
,"2018","2018","18 years","18","Male","M",1971,2209794,89.194
"Total","2018","2018","18 years","18",,,2701,4319722,62.527
,"2018","2018","19 years","19","Female","F",807,2082304,38.755
,"2018","2018","19 years","19","Male","M",2165,2181297,99.253
"Total","2018","2018","19 years","19",,,2972,4263601,69.706
,"2018","2018","20 years","20","Female","F",890,2087209,42.641
,"2018","2018","20 years","20","Male","M",2383,2186613,108.981
"Total","2018","2018","20 years","20",,,3273,4273822,76.583
,"2018","2018","21 years","21","Female","F",946,2098900,45.071
,"2018","2018","21 years","21","Male","M",2775,2193614,126.504
"Total","2018","2018","21 years","21",,,3721,4292514,86.686
,"2018","2018","22 years","22","Female","F",1010,2115157,47.751
,"2018","2018","22 years","22","Male","M",2950,2219586,132.908
"Total","2018","2018","22 years","22",,,3960,4334743,91.355
,"2018","2018","23 years","23","Female","F",1110,2162394,51.332
,"2018","2018","23 years","23","Male","M",3142,2276330,138.029
"Total","2018","2018","23 years","23",,,4252,4438724,95.793
,"2018","2018","24 years","24","Female","F",1190,2208372,53.886
,"2018","2018","24 years","24","Male","M",3378,2325404,145.265
"Total","2018","2018","24 years","24",,,4568,4533776,100.755
,"2018","2018","25 years","25","Female","F",1298,2240559,57.932
,"2018","2018","25 years","25","Male","M",3546,2365722,149.891
"Total","2018","2018","25 years","25",,,4844,4606281,105.161
,"2018","2018","26 years","26","Female","F",1458,2307677,63.180
,"2018","2018","26 years","26","Male","M",3772,2421037,155.801
"Total","2018","2018","26 years","26",,,5230,4728714,110.601
,"2018","2018","27 years","27","Female","F",1582,2362325,66.968
,"2018","2018","27 years","27","Male","M",4117,2451655,167.927
"Total","2018","2018","27 years","27",,,5699,4813980,118.384
,"2018","2018","28 years","28","Female","F",1687,2362288,71.414
,"2018","2018","28 years","28","Male","M",4142,2439423,169.794
"Total","2018","2018","28 years","28",,,5829,4801711,121.394
,"2018","2018","29 years","29","Female","F",1807,2270069,79.601
,"2018","2018","29 years","29","Male","M",4052,2341001,173.088
"Total","2018","2018","29 years","29",,,5859,4611070,127.064
,"2018","2018","30 years","30","Female","F",1902,2218983,85.715
,"2018","2018","30 years","30","Male","M",4198,2282299,183.937
"Total","2018","2018","30 years","30",,,6100,4501282,135.517
,"2018","2018","31 years","31","Female","F",1870,2180487,85.761
,"2018","2018","31 years","31","Male","M",4089,2241062,182.458
"Total","2018","2018","31 years","31",,,5959,4421549,134.772
,"2018","2018","32 years","32","Female","F",2064,2188295,94.320
,"2018","2018","32 years","32","Male","M",4235,2245454,188.603
"Total","2018","2018","32 years","32",,,6299,4433749,142.069
,"2018","2018","33 years","33","Female","F",2140,2209229,96.866
,"2018","2018","33 years","33","Male","M",4338,2252017,192.627
"Total","2018","2018","33 years","33",,,6478,4461246,145.206
,"2018","2018","34 years","34","Female","F",2172,2147153,101.157
,"2018","2018","34 years","34","Male","M",4375,2171039,201.516
"Total","2018","2018","34 years","34",,,6547,4318192,151.614
,"2018","2018","35 years","35","Female","F",2393,2180901,109.725
,"2018","2018","35 years","35","Male","M",4697,2195500,213.938
"Total","2018","2018","35 years","35",,,7090,4376401,162.005
,"2018","2018","36 years","36","Female","F",2509,2181088,115.034
,"2018","2018","36 years","36","Male","M",4696,2185835,214.838
"Total","2018","2018","36 years","36",,,7205,4366923,164.990
,"2018","2018","37 years","37","Female","F",2584,2158541,119.710
,"2018","2018","37 years","37","Male","M",4879,2154545,226.452
"Total","2018","2018","37 years","37",,,7463,4313086,173.032
,"2018","2018","38 years","38","Female","F",2711,2190232,123.777
,"2018","2018","38 years","38","Male","M",5124,2201174,232.785
"Total","2018","2018","38 years","38",,,7835,4391406,178.417
,"2018","2018","39 years","39","Female","F",2897,2062635,140.451
,"2018","2018","39 years","39","Male","M",5127,2053136,249.716
"Total","2018","2018","39 years","39",,,8024,4115771,194.957
,"2018","2018","40 years","40","Female","F",2867,2022766,141.737
,"2018","2018","40 years","40","Male","M",5040,2008548,250.928
"Total","2018","2018","40 years","40",,,7907,4031314,196.140
,"2018","2018","41 years","41","Female","F",2987,2006441,148.871
,"2018","2018","41 years","41","Male","M",5198,1979715,262.563
"Total","2018","2018","41 years","41",,,8185,3986156,205.336
,"2018","2018","42 years","42","Female","F",3097,1945641,159.176
,"2018","2018","42 years","42","Male","M",5196,1920426,270.565
"Total","2018","2018","42 years","42",,,8293,3866067,214.507
,"2018","2018","43 years","43","Female","F",3413,1999241,170.715
,"2018","2018","43 years","43","Male","M",5489,1980368,277.171
"Total","2018","2018","43 years","43",,,8902,3979609,223.690
,"2018","2018","44 years","44","Female","F",3546,1942802,182.520
,"2018","2018","44 years","44","Male","M",5930,1908353,310.739
"Total","2018","2018","44 years","44",,,9476,3851155,246.056
,"2018","2018","45 years","45","Female","F",4032,1975992,204.049
,"2018","2018","45 years","45","Male","M",6477,1928049,335.935
"Total","2018","2018","45 years","45",,,10509,3904041,269.183
,"2018","2018","46 years","46","Female","F",4615,2059393,224.095
,"2018","2018","46 years","46","Male","M",7310,2015066,362.767
"Total","2018","2018","46 years","46",,,11925,4074459,292.677
,"2018","2018","47 years","47","Female","F",5077,2175691,233.351
,"2018","2018","47 years","47","Male","M",8172,2125627,384.451
"Total","2018","2018","47 years","47",,,13249,4301318,308.022
,"2018","2018","48 years","48","Female","F",5463,2192223,249.199
,"2018","2018","48 years","48","Male","M",8719,2157491,404.127
"Total","2018","2018","48 years","48",,,14182,4349714,326.044
,"2018","2018","49 years","49","Female","F",5717,2079841,274.877
,"2018","2018","49 years","49","Male","M",9291,2037762,455.941
"Total","2018","2018","49 years","49",,,15008,4117603,364.484
,"2018","2018","50 years","50","Female","F",6122,2036538,300.608
,"2018","2018","50 years","50","Male","M",9701,1989936,487.503
"Total","2018","2018","50 years","50",,,15823,4026474,392.974
,"2018","2018","51 years","51","Female","F",6938,2042479,339.685
,"2018","2018","51 years","51","Male","M",10605,1982590,534.906
"Total","2018","2018","51 years","51",,,17543,4025069,435.843
,"2018","2018","52 years","52","Female","F",7568,2077402,364.301
,"2018","2018","52 years","52","Male","M",11936,2016677,591.865
"Total","2018","2018","52 years","52",,,19504,4094079,476.395
,"2018","2018","53 years","53","Female","F",8559,2201960,388.699
,"2018","2018","53 years","53","Male","M",13554,2131415,635.916
"Total","2018","2018","53 years","53",,,22113,4333375,510.295
,"2018","2018","54 years","54","Female","F",9716,2248978,432.018
,"2018","2018","54 years","54","Male","M",15265,2156589,707.831
"Total","2018","2018","54 years","54",,,24981,4405567,567.033
,"2018","2018","55 years","55","Female","F",10576,2248963,470.261
,"2018","2018","55 years","55","Male","M",16734,2145020,780.133
"Total","2018","2018","55 years","55",,,27310,4393983,621.532
,"2018","2018","56 years","56","Female","F",11699,2244572,521.213
,"2018","2018","56 years","56","Male","M",18158,2132558,851.466
"Total","2018","2018","56 years","56",,,29857,4377130,682.114
,"2018","2018","57 years","57","Female","F",12654,2274643,556.307
,"2018","2018","57 years","57","Male","M",19889,2148167,925.859
"Total","2018","2018","57 years","57",,,32543,4422810,735.799
,"2018","2018","58 years","58","Female","F",13478,2287131,589.297
,"2018","2018","58 years","58","Male","M",21133,2165907,975.711
"Total","2018","2018","58 years","58",,,34611,4453038,777.245
,"2018","2018","59 years","59","Female","F",14295,2216349,644.980
,"2018","2018","59 years","59","Male","M",22347,2077675,1075.577
"Total","2018","2018","59 years","59",,,36642,4294024,853.325
,"2018","2018","60 years","60","Female","F",15164,2204821,687.766
,"2018","2018","60 years","60","Male","M",23537,2054540,1145.609
"Total","2018","2018","60 years","60",,,38701,4259361,908.610
,"2018","2018","61 years","61","Female","F",16209,2184082,742.142
,"2018","2018","61 years","61","Male","M",25083,2018812,1242.463
"Total","2018","2018","61 years","61",,,41292,4202894,982.466
,"2018","2018","62 years","62","Female","F",16737,2109543,793.395
,"2018","2018","62 years","62","Male","M",26097,1933853,1349.482
"Total","2018","2018","62 years","62",,,42834,4043396,1059.357
,"2018","2018","63 years","63","Female","F",17658,2091595,844.236
,"2018","2018","63 years","63","Male","M",27437,1908640,1437.516
"Total","2018","2018","63 years","63",,,45095,4000235,1127.309
,"2018","2018","64 years","64","Female","F",18093,2012074,899.221
,"2018","2018","64 years","64","Male","M",27858,1813691,1535.984
"Total","2018","2018","64 years","64",,,45951,3825765,1201.093
,"2018","2018","65 years","65","Female","F",18893,1935507,976.127
,"2018","2018","65 years","65","Male","M",28364,1734093,1635.668
"Total","2018","2018","65 years","65",,,47257,3669600,1287.797
,"2018","2018","66 years","66","Female","F",19488,1857985,1048.878
,"2018","2018","66 years","66","Male","M",29154,1658451,1757.905
"Total","2018","2018","66 years","66",,,48642,3516436,1383.276
,"2018","2018","67 years","67","Female","F",20398,1803359,1131.111
,"2018","2018","67 years","67","Male","M",29459,1595396,1846.501
"Total","2018","2018","67 years","67",,,49857,3398755,1466.920
,"2018","2018","68 years","68","Female","F",21238,1755485,1209.808
,"2018","2018","68 years","68","Male","M",29869,1552348,1924.118
"Total","2018","2018","68 years","68",,,51107,3307833,1545.030
,"2018","2018","69 years","69","Female","F",22681,1699744,1334.377
,"2018","2018","69 years","69","Male","M",31702,1494525,2121.209
"Total","2018","2018","69 years","69",,,54383,3194269,1702.518
,"2018","2018","70 years","70","Female","F",24851,1674714,1483.895
,"2018","2018","70 years","70","Male","M",33290,1469752,2265.008
"Total","2018","2018","70 years","70",,,58141,3144466,1848.994
,"2018","2018","71 years","71","Female","F",27574,1738342,1586.224
,"2018","2018","71 years","71","Male","M",36251,1522210,2381.472
"Total","2018","2018","71 years","71",,,63825,3260552,1957.491
,"2018","2018","72 years","72","Female","F",23635,1285319,1838.843
,"2018","2018","72 years","72","Male","M",30308,1106964,2737.939
"Total","2018","2018","72 years","72",,,53943,2392283,2254.875
,"2018","2018","73 years","73","Female","F",24854,1266423,1962.535
,"2018","2018","73 years","73","Male","M",31179,1078210,2891.737
"Total","2018","2018","73 years","73",,,56033,2344633,2389.841
,"2018","2018","74 years","74","Female","F",27255,1229353,2217.020
,"2018","2018","74 years","74","Male","M",33335,1034136,3223.464
"Total","2018","2018","74 years","74",,,60590,2263489,2676.841
,"2018","2018","75 years","75","Female","F",30233,1251144,2416.428
,"2018","2018","75 years","75","Male","M",36291,1042460,3481.285
"Total","2018","2018","75 years","75",,,66524,2293604,2900.413
,"2018","2018","76 years","76","Female","F",29114,1087069,2678.211
,"2018","2018","76 years","76","Male","M",34251,890943,3844.354
"Total","2018","2018","76 years","76",,,63365,1978012,3203.469
,"2018","2018","77 years","77","Female","F",29172,991039,2943.577
,"2018","2018","77 years","77","Male","M",33845,795142,4256.472
"Total","2018","2018","77 years","77",,,63017,1786181,3528.030
,"2018","2018","78 years","78","Female","F",29931,929716,3219.370
,"2018","2018","78 years","78","Male","M",33257,736686,4514.406
"Total","2018","2018","78 years","78",,,63188,1666402,3791.882
,"2018","2018","79 years","79","Female","F",31323,863424,3627.766
,"2018","2018","79 years","79","Male","M",34328,679443,5052.374
"Total","2018","2018","79 years","79",,,65651,1542867,4255.130
,"2018","2018","80 years","80","Female","F",32969,821411,4013.703
,"2018","2018","80 years","80","Male","M",35018,630172,5556.896
"Total","2018","2018","80 years","80",,,67987,1451583,4683.645
,"2018","2018","81 years","81","Female","F",33960,749613,4530.338
,"2018","2018","81 years","81","Male","M",34624,561875,6162.225
"Total","2018","2018","81 years","81",,,68584,1311488,5229.480
,"2018","2018","82 years","82","Female","F",35918,707051,5079.973
,"2018","2018","82 years","82","Male","M",35372,517114,6840.271
"Total","2018","2018","82 years","82",,,71290,1224165,5823.561
,"2018","2018","83 years","83","Female","F",37682,669490,5628.463
,"2018","2018","83 years","83","Male","M",35491,474179,7484.726
"Total","2018","2018","83 years","83",,,73173,1143669,6398.092
,"2018","2018","84 years","84","Female","F",37715,589377,6399.130
,"2018","2018","84 years","84","Male","M",34711,407026,8527.956
"Total","2018","2018","84 years","84",,,72426,996403,7268.746
,"2018","2018","85 years","85","Female","F",39910,Not Applicable,Not Applicable
,"2018","2018","85 years","85","Male","M",35113,Not Applicable,Not Applicable
"Total","2018","2018","85 years","85",,,75023,Not Applicable,Not Applicable
,"2018","2018","86 years","86","Female","F",41504,Not Applicable,Not Applicable
,"2018","2018","86 years","86","Male","M",35139,Not Applicable,Not Applicable
"Total","2018","2018","86 years","86",,,76643,Not Applicable,Not Applicable
,"2018","2018","87 years","87","Female","F",43316,Not Applicable,Not Applicable
,"2018","2018","87 years","87","Male","M",34673,Not Applicable,Not Applicable
"Total","2018","2018","87 years","87",,,77989,Not Applicable,Not Applicable
,"2018","2018","88 years","88","Female","F",44841,Not Applicable,Not Applicable
,"2018","2018","88 years","88","Male","M",34258,Not Applicable,Not Applicable
"Total","2018","2018","88 years","88",,,79099,Not Applicable,Not Applicable
,"2018","2018","89 years","89","Female","F",44546,Not Applicable,Not Applicable
,"2018","2018","89 years","89","Male","M",31816,Not Applicable,Not Applicable
"Total","2018","2018","89 years","89",,,76362,Not Applicable,Not Applicable
,"2018","2018","90 years","90","Female","F",44795,Not Applicable,Not Applicable
,"2018","2018","90 years","90","Male","M",29999,Not Applicable,Not Applicable
"Total","2018","2018","90 years","90",,,74794,Not Applicable,Not Applicable
,"2018","2018","91 years","91","Female","F",43599,Not Applicable,Not Applicable
,"2018","2018","91 years","91","Male","M",27236,Not Applicable,Not Applicable
"Total","2018","2018","91 years","91",,,70835,Not Applicable,Not Applicable
,"2018","2018","92 years","92","Female","F",40559,Not Applicable,Not Applicable
,"2018","2018","92 years","92","Male","M",23641,Not Applicable,Not Applicable
"Total","2018","2018","92 years","92",,,64200,Not Applicable,Not Applicable
,"2018","2018","93 years","93","Female","F",38039,Not Applicable,Not Applicable
,"2018","2018","93 years","93","Male","M",20766,Not Applicable,Not Applicable
"Total","2018","2018","93 years","93",,,58805,Not Applicable,Not Applicable
,"2018","2018","94 years","94","Female","F",34273,Not Applicable,Not Applicable
,"2018","2018","94 years","94","Male","M",17162,Not Applicable,Not Applicable
"Total","2018","2018","94 years","94",,,51435,Not Applicable,Not Applicable
,"2018","2018","95 years","95","Female","F",29842,Not Applicable,Not Applicable
,"2018","2018","95 years","95","Male","M",13731,Not Applicable,Not Applicable
"Total","2018","2018","95 years","95",,,43573,Not Applicable,Not Applicable
,"2018","2018","96 years","96","Female","F",25380,Not Applicable,Not Applicable
,"2018","2018","96 years","96","Male","M",10958,Not Applicable,Not Applicable
"Total","2018","2018","96 years","96",,,36338,Not Applicable,Not Applicable
,"2018","2018","97 years","97","Female","F",20824,Not Applicable,Not Applicable
,"2018","2018","97 years","97","Male","M",8084,Not Applicable,Not Applicable
"Total","2018","2018","97 years","97",,,28908,Not Applicable,Not Applicable
,"2018","2018","98 years","98","Female","F",15743,Not Applicable,Not Applicable
,"2018","2018","98 years","98","Male","M",5564,Not Applicable,Not Applicable
"Total","2018","2018","98 years","98",,,21307,Not Applicable,Not Applicable
,"2018","2018","99 years","99","Female","F",11237,Not Applicable,Not Applicable
,"2018","2018","99 years","99","Male","M",3483,Not Applicable,Not Applicable
"Total","2018","2018","99 years","99",,,14720,Not Applicable,Not Applicable
,"2018","2018","100+ years","100","Female","F",24554,Not Applicable,Not Applicable
,"2018","2018","100+ years","100","Male","M",5695,Not Applicable,Not Applicable
"Total","2018","2018","100+ years","100",,,30249,Not Applicable,Not Applicable
,"2018","2018","Not Stated","NS","Female","F",35,Not Applicable,Not Applicable
,"2018","2018","Not Stated","NS","Male","M",109,Not Applicable,Not Applicable
"Total","2018","2018","Not Stated","NS",,,144,Not Applicable,Not Applicable
"Total","2018","2018",,,,,2839205,327167434,867.814
,"2019","2019","< 1 year","0","Female","F",9247,1847935,500.396
,"2019","2019","< 1 year","0","Male","M",11674,1935117,603.271
"Total","2019","2019","< 1 year","0",,,20921,3783052,553.019
,"2019","2019","1 year","1","Female","F",649,1871014,34.687
,"2019","2019","1 year","1","Male","M",825,1958585,42.122
"Total","2019","2019","1 year","1",,,1474,3829599,38.490
,"2019","2019","2 years","2","Female","F",401,1916500,20.924
,"2019","2019","2 years","2","Male","M",515,2005544,25.679
"Total","2019","2019","2 years","2",,,916,3922044,23.355
,"2019","2019","3 years","3","Female","F",320,1955655,16.363
,"2019","2019","3 years","3","Male","M",390,2043010,19.089
"Total","2019","2019","3 years","3",,,710,3998665,17.756
,"2019","2019","4 years","4","Female","F",265,1976372,13.408
,"2019","2019","4 years","4","Male","M",311,2066951,15.046
"Total","2019","2019","4 years","4",,,576,4043323,14.246
,"2019","2019","5 years","5","Female","F",245,1967081,12.455
,"2019","2019","5 years","5","Male","M",291,2061200,14.118
"Total","2019","2019","5 years","5",,,536,4028281,13.306
,"2019","2019","6 years","6","Female","F",224,1964271,11.404
,"2019","2019","6 years","6","Male","M",266,2052956,12.957
"Total","2019","2019","6 years","6",,,490,4017227,12.197
,"2019","2019","7 years","7","Female","F",196,1966584,9.967
,"2019","2019","7 years","7","Male","M",243,2055735,11.821
"Total","2019","2019","7 years","7",,,439,4022319,10.914
,"2019","2019","8 years","8","Female","F",184,1986471,9.263
,"2019","2019","8 years","8","Male","M",251,2079723,12.069
"Total","2019","2019","8 years","8",,,435,4066194,10.698
,"2019","2019","9 years","9","Female","F",194,1988726,9.755
,"2019","2019","9 years","9","Male","M",239,2073148,11.528
"Total","2019","2019","9 years","9",,,433,4061874,10.660
,"2019","2019","10 years","10","Female","F",189,1989162,9.501
,"2019","2019","10 years","10","Male","M",291,2071778,14.046
"Total","2019","2019","10 years","10",,,480,4060940,11.820
,"2019","2019","11 years","11","Female","F",212,2051224,10.335
,"2019","2019","11 years","11","Male","M",324,2138037,15.154
"Total","2019","2019","11 years","11",,,536,4189261,12.795
,"2019","2019","12 years","12","Female","F",250,2058568,12.144
,"2019","2019","12 years","12","Male","M",351,2149819,16.327
"Total","2019","2019","12 years","12",,,601,4208387,14.281
,"2019","2019","13 years","13","Female","F",293,2042234,14.347
,"2019","2019","13 years","13","Male","M",394,2132987,18.472
"Total","2019","2019","13 years","13",,,687,4175221,16.454
,"2019","2019","14 years","14","Female","F",324,2038819,15.892
,"2019","2019","14 years","14","Male","M",536,2125640,25.216
"Total","2019","2019","14 years","14",,,860,4164459,20.651
,"2019","2019","15 years","15","Female","F",383,2045739,18.722
,"2019","2019","15 years","15","Male","M",754,2129720,35.404
"Total","2019","2019","15 years","15",,,1137,4175459,27.231
,"2019","2019","16 years","16","Female","F",445,2034255,21.875
,"2019","2019","16 years","16","Male","M",1040,2116165,49.146
"Total","2019","2019","16 years","16",,,1485,4150420,35.780
,"2019","2019","17 years","17","Female","F",533,2029872,26.258
,"2019","2019","17 years","17","Male","M",1353,2112553,64.046
"Total","2019","2019","17 years","17",,,1886,4142425,45.529
,"2019","2019","18 years","18","Female","F",760,2083442,36.478
,"2019","2019","18 years","18","Male","M",1972,2172385,90.776
"Total","2019","2019","18 years","18",,,2732,4255827,64.194
,"2019","2019","19 years","19","Female","F",776,2115655,36.679
,"2019","2019","19 years","19","Male","M",2242,2214784,101.229
"Total","2019","2019","19 years","19",,,3018,4330439,69.693
,"2019","2019","20 years","20","Female","F",861,2086544,41.264
,"2019","2019","20 years","20","Male","M",2452,2183139,112.315
"Total","2019","2019","20 years","20",,,3313,4269683,77.594
,"2019","2019","21 years","21","Female","F",950,2091237,45.428
,"2019","2019","21 years","21","Male","M",2871,2187086,131.271
"Total","2019","2019","21 years","21",,,3821,4278323,89.311
,"2019","2019","22 years","22","Female","F",973,2103476,46.257
,"2019","2019","22 years","22","Male","M",2909,2195296,132.511
"Total","2019","2019","22 years","22",,,3882,4298772,90.305
,"2019","2019","23 years","23","Female","F",1167,2119886,55.050
,"2019","2019","23 years","23","Male","M",2979,2221758,134.083
"Total","2019","2019","23 years","23",,,4146,4341644,95.494
,"2019","2019","24 years","24","Female","F",1175,2167045,54.221
,"2019","2019","24 years","24","Male","M",3176,2277473,139.453
"Total","2019","2019","24 years","24",,,4351,4444518,97.896
,"2019","2019","25 years","25","Female","F",1271,2213205,57.428
,"2019","2019","25 years","25","Male","M",3481,2325853,149.666
"Total","2019","2019","25 years","25",,,4752,4539058,104.691
,"2019","2019","26 years","26","Female","F",1390,2245334,61.906
,"2019","2019","26 years","26","Male","M",3696,2365886,156.221
"Total","2019","2019","26 years","26",,,5086,4611220,110.296
,"2019","2019","27 years","27","Female","F",1519,2312599,65.684
,"2019","2019","27 years","27","Male","M",3864,2421270,159.586
"Total","2019","2019","27 years","27",,,5383,4733869,113.712
,"2019","2019","28 years","28","Female","F",1628,2366969,68.780
,"2019","2019","28 years","28","Male","M",4129,2451756,168.410
"Total","2019","2019","28 years","28",,,5757,4818725,119.471
,"2019","2019","29 years","29","Female","F",1719,2366339,72.644
,"2019","2019","29 years","29","Male","M",4272,2439805,175.096
"Total","2019","2019","29 years","29",,,5991,4806144,124.653
,"2019","2019","30 years","30","Female","F",1882,2273519,82.779
,"2019","2019","30 years","30","Male","M",4301,2340865,183.735
"Total","2019","2019","30 years","30",,,6183,4614384,133.994
,"2019","2019","31 years","31","Female","F",1943,2220984,87.484
,"2019","2019","31 years","31","Male","M",4282,2281327,187.698
"Total","2019","2019","31 years","31",,,6225,4502311,138.262
,"2019","2019","32 years","32","Female","F",1994,2181619,91.400
,"2019","2019","32 years","32","Male","M",4269,2239886,190.590
"Total","2019","2019","32 years","32",,,6263,4421505,141.649
,"2019","2019","33 years","33","Female","F",2273,2189693,103.805
,"2019","2019","33 years","33","Male","M",4410,2243280,196.587
"Total","2019","2019","33 years","33",,,6683,4432973,150.757
,"2019","2019","34 years","34","Female","F",2208,2210880,99.870
,"2019","2019","34 years","34","Male","M",4647,2249252,206.602
"Total","2019","2019","34 years","34",,,6855,4460132,153.695
,"2019","2019","35 years","35","Female","F",2327,2148244,108.321
,"2019","2019","35 years","35","Male","M",4671,2167622,215.490
"Total","2019","2019","35 years","35",,,6998,4315866,162.146
,"2019","2019","36 years","36","Female","F",2472,2181076,113.339
,"2019","2019","36 years","36","Male","M",4854,2191368,221.505
"Total","2019","2019","36 years","36",,,7326,4372444,167.549
,"2019","2019","37 years","37","Female","F",2626,2180124,120.452
,"2019","2019","37 years","37","Male","M",5066,2181162,232.262
"Total","2019","2019","37 years","37",,,7692,4361286,176.370
,"2019","2019","38 years","38","Female","F",2896,2156217,134.309
,"2019","2019","38 years","38","Male","M",5281,2149359,245.701
"Total","2019","2019","38 years","38",,,8177,4305576,189.917
,"2019","2019","39 years","39","Female","F",3076,2186919,140.655
,"2019","2019","39 years","39","Male","M",5369,2195430,244.553
"Total","2019","2019","39 years","39",,,8445,4382349,192.705
,"2019","2019","40 years","40","Female","F",3011,2058650,146.261
,"2019","2019","40 years","40","Male","M",5628,2046663,274.984
"Total","2019","2019","40 years","40",,,8639,4105313,210.435
,"2019","2019","41 years","41","Female","F",3071,2018752,152.124
,"2019","2019","41 years","41","Male","M",5385,2001502,269.048
"Total","2019","2019","41 years","41",,,8456,4020254,210.335
,"2019","2019","42 years","42","Female","F",3136,2002157,156.631
,"2019","2019","42 years","42","Male","M",5655,1972584,286.680
"Total","2019","2019","42 years","42",,,8791,3974741,221.172
,"2019","2019","43 years","43","Female","F",3370,1940751,173.644
,"2019","2019","43 years","43","Male","M",5558,1913289,290.495
"Total","2019","2019","43 years","43",,,8928,3854040,231.653
,"2019","2019","44 years","44","Female","F",3565,1994174,178.771
,"2019","2019","44 years","44","Male","M",5969,1973101,302.519
"Total","2019","2019","44 years","44",,,9534,3967275,240.316
,"2019","2019","45 years","45","Female","F",3861,1937417,199.286
,"2019","2019","45 years","45","Male","M",6309,1900492,331.967
"Total","2019","2019","45 years","45",,,10170,3837909,264.988
,"2019","2019","46 years","46","Female","F",4261,1970074,216.286
,"2019","2019","46 years","46","Male","M",6937,1919298,361.434
"Total","2019","2019","46 years","46",,,11198,3889372,287.913
,"2019","2019","47 years","47","Female","F",4786,2052817,233.143
,"2019","2019","47 years","47","Male","M",7793,2005221,388.635
"Total","2019","2019","47 years","47",,,12579,4058038,309.977
,"2019","2019","48 years","48","Female","F",5542,2168043,255.622
,"2019","2019","48 years","48","Male","M",8843,2114614,418.185
"Total","2019","2019","48 years","48",,,14385,4282657,335.890
,"2019","2019","49 years","49","Female","F",5931,2184045,271.560
,"2019","2019","49 years","49","Male","M",9476,2145730,441.621
"Total","2019","2019","49 years","49",,,15407,4329775,355.838
,"2019","2019","50 years","50","Female","F",6211,2071196,299.875
,"2019","2019","50 years","50","Male","M",9940,2025376,490.773
"Total","2019","2019","50 years","50",,,16151,4096572,394.256
,"2019","2019","51 years","51","Female","F",6545,2027460,322.818
,"2019","2019","51 years","51","Male","M",10653,1976883,538.879
"Total","2019","2019","51 years","51",,,17198,4004343,429.484
,"2019","2019","52 years","52","Female","F",7183,2033163,353.292
,"2019","2019","52 years","52","Male","M",11605,1968619,589.500
"Total","2019","2019","52 years","52",,,18788,4001782,469.491
,"2019","2019","53 years","53","Female","F",8043,2067526,389.016
,"2019","2019","53 years","53","Male","M",12550,2001325,627.085
"Total","2019","2019","53 years","53",,,20593,4068851,506.113
,"2019","2019","54 years","54","Female","F",9183,2191195,419.086
,"2019","2019","54 years","54","Male","M",14741,2114408,697.169
"Total","2019","2019","54 years","54",,,23924,4305603,555.648
,"2019","2019","55 years","55","Female","F",10259,2236979,458.610
,"2019","2019","55 years","55","Male","M",16534,2137586,773.489
"Total","2019","2019","55 years","55",,,26793,4374565,612.472
,"2019","2019","56 years","56","Female","F",11173,2235893,499.711
,"2019","2019","56 years","56","Male","M",17793,2125123,837.269
"Total","2019","2019","56 years","56",,,28966,4361016,664.203
,"2019","2019","57 years","57","Female","F",12317,2230590,552.186
,"2019","2019","57 years","57","Male","M",19341,2111795,915.856
"Total","2019","2019","57 years","57",,,31658,4342385,729.046
,"2019","2019","58 years","58","Female","F",13439,2259796,594.700
,"2019","2019","58 years","58","Male","M",20908,2125774,983.548
"Total","2019","2019","58 years","58",,,34347,4385570,783.182
,"2019","2019","59 years","59","Female","F",14210,2271644,625.538
,"2019","2019","59 years","59","Male","M",22479,2142211,1049.336
"Total","2019","2019","59 years","59",,,36689,4413855,831.223
,"2019","2019","60 years","60","Female","F",15391,2199986,699.595
,"2019","2019","60 years","60","Male","M",23299,2052677,1135.054
"Total","2019","2019","60 years","60",,,38690,4252663,909.783
,"2019","2019","61 years","61","Female","F",16341,2187221,747.112
,"2019","2019","61 years","61","Male","M",25181,2027951,1241.697
"Total","2019","2019","61 years","61",,,41522,4215172,985.061
,"2019","2019","62 years","62","Female","F",17321,2165425,799.889
,"2019","2019","62 years","62","Male","M",26654,1991220,1338.576
"Total","2019","2019","62 years","62",,,43975,4156645,1057.945
,"2019","2019","63 years","63","Female","F",17837,2090246,853.345
,"2019","2019","63 years","63","Male","M",27524,1905842,1444.191
"Total","2019","2019","63 years","63",,,45361,3996088,1135.135
,"2019","2019","64 years","64","Female","F",18724,2071538,903.869
,"2019","2019","64 years","64","Male","M",28212,1879040,1501.405
"Total","2019","2019","64 years","64",,,46936,3950578,1188.079
,"2019","2019","65 years","65","Female","F",19046,1991169,956.524
,"2019","2019","65 years","65","Male","M",29113,1783428,1632.418
"Total","2019","2019","65 years","65",,,48159,3774597,1275.871
,"2019","2019","66 years","66","Female","F",19793,1914181,1034.019
,"2019","2019","66 years","66","Male","M",29767,1703888,1747.004
"Total","2019","2019","66 years","66",,,49560,3618069,1369.791
,"2019","2019","67 years","67","Female","F",20479,1836574,1115.065
,"2019","2019","67 years","67","Male","M",30240,1627863,1857.650
"Total","2019","2019","67 years","67",,,50719,3464437,1463.990
,"2019","2019","68 years","68","Female","F",21517,1781346,1207.907
,"2019","2019","68 years","68","Male","M",30695,1564129,1962.434
"Total","2019","2019","68 years","68",,,52212,3345475,1560.675
,"2019","2019","69 years","69","Female","F",22639,1731958,1307.133
,"2019","2019","69 years","69","Male","M",31123,1520465,2046.940
"Total","2019","2019","69 years","69",,,53762,3252423,1652.983
,"2019","2019","70 years","70","Female","F",24422,1674584,1458.392
,"2019","2019","70 years","70","Male","M",32921,1462120,2251.594
"Total","2019","2019","70 years","70",,,57343,3136704,1828.129
,"2019","2019","71 years","71","Female","F",26607,1647705,1614.791
,"2019","2019","71 years","71","Male","M",34789,1435378,2423.682
"Total","2019","2019","71 years","71",,,61396,3083083,1991.383
,"2019","2019","72 years","72","Female","F",29424,1707812,1722.906
,"2019","2019","72 years","72","Male","M",37706,1483236,2542.144
"Total","2019","2019","72 years","72",,,67130,3191048,2103.698
,"2019","2019","73 years","73","Female","F",25287,1259662,2007.443
,"2019","2019","73 years","73","Male","M",31566,1074771,2936.998
"Total","2019","2019","73 years","73",,,56853,2334433,2435.409
,"2019","2019","74 years","74","Female","F",26098,1238863,2106.609
,"2019","2019","74 years","74","Male","M",32327,1044301,3095.563
"Total","2019","2019","74 years","74",,,58425,2283164,2558.949
,"2019","2019","75 years","75","Female","F",28571,1199896,2381.123
,"2019","2019","75 years","75","Male","M",34576,998390,3463.176
"Total","2019","2019","75 years","75",,,63147,2198286,2872.556
,"2019","2019","76 years","76","Female","F",31604,1218702,2593.251
,"2019","2019","76 years","76","Male","M",37415,1003690,3727.745
"Total","2019","2019","76 years","76",,,69019,2222392,3105.618
,"2019","2019","77 years","77","Female","F",30493,1056331,2886.690
,"2019","2019","77 years","77","Male","M",35401,854930,4140.807
"Total","2019","2019","77 years","77",,,65894,1911261,3447.671
,"2019","2019","78 years","78","Female","F",30611,960647,3186.498
,"2019","2019","78 years","78","Male","M",34513,760170,4540.169
"Total","2019","2019","78 years","78",,,65124,1720817,3784.481
,"2019","2019","79 years","79","Female","F",31718,898590,3529.752
,"2019","2019","79 years","79","Male","M",34591,701319,4932.278
"Total","2019","2019","79 years","79",,,66309,1599909,4144.548
,"2019","2019","80 years","80","Female","F",33085,831640,3978.284
,"2019","2019","80 years","80","Male","M",35264,643638,5478.856
"Total","2019","2019","80 years","80",,,68349,1475278,4632.957
,"2019","2019","81 years","81","Female","F",34649,788013,4397.009
,"2019","2019","81 years","81","Male","M",35972,593628,6059.687
"Total","2019","2019","81 years","81",,,70621,1381641,5111.386
,"2019","2019","82 years","82","Female","F",35705,715575,4989.694
,"2019","2019","82 years","82","Male","M",35419,525766,6736.647
"Total","2019","2019","82 years","82",,,71124,1241341,5729.610
,"2019","2019","83 years","83","Female","F",37703,671025,5618.718
,"2019","2019","83 years","83","Male","M",35821,480165,7460.144
"Total","2019","2019","83 years","83",,,73524,1151190,6386.782
,"2019","2019","84 years","84","Female","F",38788,631230,6144.828
,"2019","2019","84 years","84","Male","M",36128,436527,8276.235
"Total","2019","2019","84 years","84",,,74916,1067757,7016.203
,"2019","2019","85 years","85","Female","F",38617,Not Applicable,Not Applicable
,"2019","2019","85 years","85","Male","M",34590,Not Applicable,Not Applicable
"Total","2019","2019","85 years","85",,,73207,Not Applicable,Not Applicable
,"2019","2019","86 years","86","Female","F",40701,Not Applicable,Not Applicable
,"2019","2019","86 years","86","Male","M",34592,Not Applicable,Not Applicable
"Total","2019","2019","86 years","86",,,75293,Not Applicable,Not Applicable
,"2019","2019","87 years","87","Female","F",42209,Not Applicable,Not Applicable
,"2019","2019","87 years","87","Male","M",34712,Not Applicable,Not Applicable
"Total","2019","2019","87 years","87",,,76921,Not Applicable,Not Applicable
,"2019","2019","88 years","88","Female","F",43076,Not Applicable,Not Applicable
,"2019","2019","88 years","88","Male","M",33815,Not Applicable,Not Applicable
"Total","2019","2019","88 years","88",,,76891,Not Applicable,Not Applicable
,"2019","2019","89 years","89","Female","F",44433,Not Applicable,Not Applicable
,"2019","2019","89 years","89","Male","M",32171,Not Applicable,Not Applicable
"Total","2019","2019","89 years","89",,,76604,Not Applicable,Not Applicable
,"2019","2019","90 years","90","Female","F",43295,Not Applicable,Not Applicable
,"2019","2019","90 years","90","Male","M",29487,Not Applicable,Not Applicable
"Total","2019","2019","90 years","90",,,72782,Not Applicable,Not Applicable
,"2019","2019","91 years","91","Female","F",42575,Not Applicable,Not Applicable
,"2019","2019","91 years","91","Male","M",27308,Not Applicable,Not Applicable
"Total","2019","2019","91 years","91",,,69883,Not Applicable,Not Applicable
,"2019","2019","92 years","92","Female","F",40611,Not Applicable,Not Applicable
,"2019","2019","92 years","92","Male","M",24250,Not Applicable,Not Applicable
"Total","2019","2019","92 years","92",,,64861,Not Applicable,Not Applicable
,"2019","2019","93 years","93","Female","F",37326,Not Applicable,Not Applicable
,"2019","2019","93 years","93","Male","M",20790,Not Applicable,Not Applicable
"Total","2019","2019","93 years","93",,,58116,Not Applicable,Not Applicable
,"2019","2019","94 years","94","Female","F",34401,Not Applicable,Not Applicable
,"2019","2019","94 years","94","Male","M",17440,Not Applicable,Not Applicable
"Total","2019","2019","94 years","94",,,51841,Not Applicable,Not Applicable
,"2019","2019","95 years","95","Female","F",29725,Not Applicable,Not Applicable
,"2019","2019","95 years","95","Male","M",14151,Not Applicable,Not Applicable
"Total","2019","2019","95 years","95",,,43876,Not Applicable,Not Applicable
,"2019","2019","96 years","96","Female","F",25132,Not Applicable,Not Applicable
,"2019","2019","96 years","96","Male","M",10902,Not Applicable,Not Applicable
"Total","2019","2019","96 years","96",,,36034,Not Applicable,Not Applicable
,"2019","2019","97 years","97","Female","F",20719,Not Applicable,Not Applicable
,"2019","2019","97 years","97","Male","M",8259,Not Applicable,Not Applicable
"Total","2019","2019","97 years","97",,,28978,Not Applicable,Not Applicable
,"2019","2019","98 years","98","Female","F",16217,Not Applicable,Not Applicable
,"2019","2019","98 years","98","Male","M",5978,Not Applicable,Not Applicable
"Total","2019","2019","98 years","98",,,22195,Not Applicable,Not Applicable
,"2019","2019","99 years","99","Female","F",11769,Not Applicable,Not Applicable
,"2019","2019","99 years","99","Male","M",3764,Not Applicable,Not Applicable
"Total","2019","2019","99 years","99",,,15533,Not Applicable,Not Applicable
,"2019","2019","100+ years","100","Female","F",24775,Not Applicable,Not Applicable
,"2019","2019","100+ years","100","Male","M",5956,Not Applicable,Not Applicable
"Total","2019","2019","100+ years","100",,,30731,Not Applicable,Not Applicable
,"2019","2019","Not Stated","NS","Female","F",44,Not Applicable,Not Applicable
,"2019","2019","Not Stated","NS","Male","M",103,Not Applicable,Not Applicable
"Total","2019","2019","Not Stated","NS",,,147,Not Applicable,Not Applicable
"Total","2019","2019",,,,,2854838,328239523,869.742
,"2020","2020","< 1 year","0","Female","F",8723,1826869,477.484
,"2020","2020","< 1 year","0","Male","M",10859,1908141,569.088
"Total","2020","2020","< 1 year","0",,,19582,3735010,524.282
,"2020","2020","1 year","1","Female","F",579,1847230,31.344
,"2020","2020","1 year","1","Male","M",785,1926654,40.744
"Total","2020","2020","1 year","1",,,1364,3773884,36.143
,"2020","2020","2 years","2","Female","F",377,1884480,20.006
,"2020","2020","2 years","2","Male","M",512,1968545,26.009
"Total","2020","2020","2 years","2",,,889,3853025,23.073
,"2020","2020","3 years","3","Female","F",309,1916691,16.122
,"2020","2020","3 years","3","Male","M",416,2004835,20.750
"Total","2020","2020","3 years","3",,,725,3921526,18.488
,"2020","2020","4 years","4","Female","F",238,1964865,12.113
,"2020","2020","4 years","4","Male","M",313,2052982,15.246
"Total","2020","2020","4 years","4",,,551,4017847,13.714
,"2020","2020","5 years","5","Female","F",210,1981945,10.596
,"2020","2020","5 years","5","Male","M",306,2072391,14.766
"Total","2020","2020","5 years","5",,,516,4054336,12.727
,"2020","2020","6 years","6","Female","F",198,1972968,10.036
,"2020","2020","6 years","6","Male","M",252,2067201,12.190
"Total","2020","2020","6 years","6",,,450,4040169,11.138
,"2020","2020","7 years","7","Female","F",201,1970498,10.200
,"2020","2020","7 years","7","Male","M",240,2059255,11.655
"Total","2020","2020","7 years","7",,,441,4029753,10.944
,"2020","2020","8 years","8","Female","F",192,1972830,9.732
,"2020","2020","8 years","8","Male","M",213,2061955,10.330
"Total","2020","2020","8 years","8",,,405,4034785,10.038
,"2020","2020","9 years","9","Female","F",164,1992717,8.230
,"2020","2020","9 years","9","Male","M",234,2085951,11.218
"Total","2020","2020","9 years","9",,,398,4078668,9.758
,"2020","2020","10 years","10","Female","F",181,1994965,9.073
,"2020","2020","10 years","10","Male","M",275,2079208,13.226
"Total","2020","2020","10 years","10",,,456,4074173,11.192
,"2020","2020","11 years","11","Female","F",203,1995208,10.174
,"2020","2020","11 years","11","Male","M",323,2077786,15.545
"Total","2020","2020","11 years","11",,,526,4072994,12.914
,"2020","2020","12 years","12","Female","F",264,2057048,12.834
,"2020","2020","12 years","12","Male","M",353,2143929,16.465
"Total","2020","2020","12 years","12",,,617,4200977,14.687
,"2020","2020","13 years","13","Female","F",303,2064369,14.678
,"2020","2020","13 years","13","Male","M",497,2155552,23.057
"Total","2020","2020","13 years","13",,,800,4219921,18.958
,"2020","2020","14 years","14","Female","F",345,2047865,16.847
,"2020","2020","14 years","14","Male","M",669,2138493,31.284
"Total","2020","2020","14 years","14",,,1014,4186358,24.222
,"2020","2020","15 years","15","Female","F",433,2044536,21.178
,"2020","2020","15 years","15","Male","M",899,2131384,42.179
"Total","2020","2020","15 years","15",,,1332,4175920,31.897
,"2020","2020","16 years","16","Female","F",524,2051722,25.540
,"2020","2020","16 years","16","Male","M",1269,2136152,59.406
"Total","2020","2020","16 years","16",,,1793,4187874,42.814
,"2020","2020","17 years","17","Female","F",593,2040904,29.056
,"2020","2020","17 years","17","Male","M",1636,2123989,77.025
"Total","2020","2020","17 years","17",,,2229,4164893,53.519
,"2020","2020","18 years","18","Female","F",831,2037848,40.778
,"2020","2020","18 years","18","Male","M",2328,2122009,109.707
"Total","2020","2020","18 years","18",,,3159,4159857,75.940
,"2020","2020","19 years","19","Female","F",946,2091322,45.235
,"2020","2020","19 years","19","Male","M",2819,2181063,129.249
"Total","2020","2020","19 years","19",,,3765,4272385,88.124
,"2020","2020","20 years","20","Female","F",974,2123140,45.875
,"2020","2020","20 years","20","Male","M",3009,2221432,135.453
"Total","2020","2020","20 years","20",,,3983,4344572,91.678
,"2020","2020","21 years","21","Female","F",1163,2094326,55.531
,"2020","2020","21 years","21","Male","M",3413,2188824,155.928
"Total","2020","2020","21 years","21",,,4576,4283150,106.837
,"2020","2020","22 years","22","Female","F",1168,2100049,55.618
,"2020","2020","22 years","22","Male","M",3517,2192971,160.376
"Total","2020","2020","22 years","22",,,4685,4293020,109.131
,"2020","2020","23 years","23","Female","F",1338,2113597,63.304
,"2020","2020","23 years","23","Male","M",3694,2201623,167.785
"Total","2020","2020","23 years","23",,,5032,4315220,116.611
,"2020","2020","24 years","24","Female","F",1362,2130797,63.920
,"2020","2020","24 years","24","Male","M",3900,2227996,175.045
"Total","2020","2020","24 years","24",,,5262,4358793,120.721
,"2020","2020","25 years","25","Female","F",1563,2177731,71.772
,"2020","2020","25 years","25","Male","M",4143,2283275,181.450
"Total","2020","2020","25 years","25",,,5706,4461006,127.908
,"2020","2020","26 years","26","Female","F",1613,2223511,72.543
,"2020","2020","26 years","26","Male","M",4349,2332000,186.492
"Total","2020","2020","26 years","26",,,5962,4555511,130.874
,"2020","2020","27 years","27","Female","F",1819,2255755,80.638
,"2020","2020","27 years","27","Male","M",4714,2372863,198.663
"Total","2020","2020","27 years","27",,,6533,4628618,141.144
,"2020","2020","28 years","28","Female","F",1951,2322743,83.996
,"2020","2020","28 years","28","Male","M",5019,2428258,206.691
"Total","2020","2020","28 years","28",,,6970,4751001,146.706
,"2020","2020","29 years","29","Female","F",2196,2376377,92.410
,"2020","2020","29 years","29","Male","M",5329,2458730,216.738
"Total","2020","2020","29 years","29",,,7525,4835107,155.633
,"2020","2020","30 years","30","Female","F",2336,2375032,98.357
,"2020","2020","30 years","30","Male","M",5570,2446049,227.714
"Total","2020","2020","30 years","30",,,7906,4821081,163.988
,"2020","2020","31 years","31","Female","F",2307,2281303,101.126
,"2020","2020","31 years","31","Male","M",5637,2346037,240.278
"Total","2020","2020","31 years","31",,,7944,4627340,171.675
,"2020","2020","32 years","32","Female","F",2527,2228352,113.402
,"2020","2020","32 years","32","Male","M",5522,2286384,241.517
"Total","2020","2020","32 years","32",,,8049,4514736,178.283
,"2020","2020","33 years","33","Female","F",2653,2188527,121.223
,"2020","2020","33 years","33","Male","M",5692,2244172,253.635
"Total","2020","2020","33 years","33",,,8345,4432699,188.260
,"2020","2020","34 years","34","Female","F",2689,2195936,122.453
,"2020","2020","34 years","34","Male","M",5857,2246611,260.704
"Total","2020","2020","34 years","34",,,8546,4442547,192.367
,"2020","2020","35 years","35","Female","F",2860,2215833,129.071
,"2020","2020","35 years","35","Male","M",5925,2250914,263.226
"Total","2020","2020","35 years","35",,,8785,4466747,196.676
,"2020","2020","36 years","36","Female","F",2980,2151567,138.504
,"2020","2020","36 years","36","Male","M",6071,2167794,280.054
"Total","2020","2020","36 years","36",,,9051,4319361,209.545
,"2020","2020","37 years","37","Female","F",3282,2183495,150.309
,"2020","2020","37 years","37","Male","M",6489,2190946,296.173
"Total","2020","2020","37 years","37",,,9771,4374441,223.366
,"2020","2020","38 years","38","Female","F",3342,2182398,153.134
,"2020","2020","38 years","38","Male","M",6530,2180264,299.505
"Total","2020","2020","38 years","38",,,9872,4362662,226.284
,"2020","2020","39 years","39","Female","F",3551,2157423,164.595
,"2020","2020","39 years","39","Male","M",7051,2147670,328.309
"Total","2020","2020","39 years","39",,,10602,4305093,246.266
,"2020","2020","40 years","40","Female","F",3714,2186513,169.859
,"2020","2020","40 years","40","Male","M",7231,2192444,329.815
"Total","2020","2020","40 years","40",,,10945,4378957,249.945
,"2020","2020","41 years","41","Female","F",3947,2057329,191.851
,"2020","2020","41 years","41","Male","M",7171,2042821,351.034
"Total","2020","2020","41 years","41",,,11118,4100150,271.161
,"2020","2020","42 years","42","Female","F",3867,2016979,191.722
,"2020","2020","42 years","42","Male","M",7124,1997308,356.680
"Total","2020","2020","42 years","42",,,10991,4014287,273.797
,"2020","2020","43 years","43","Female","F",4143,2000043,207.146
,"2020","2020","43 years","43","Male","M",7395,1967767,375.807
"Total","2020","2020","43 years","43",,,11538,3967810,290.790
,"2020","2020","44 years","44","Female","F",4310,1938744,222.309
,"2020","2020","44 years","44","Male","M",7507,1907940,393.461
"Total","2020","2020","44 years","44",,,11817,3846684,307.200
,"2020","2020","45 years","45","Female","F",4725,1991382,237.272
,"2020","2020","45 years","45","Male","M",8018,1966590,407.711
"Total","2020","2020","45 years","45",,,12743,3957972,321.958
,"2020","2020","46 years","46","Female","F",4986,1933297,257.901
,"2020","2020","46 years","46","Male","M",8443,1893397,445.918
"Total","2020","2020","46 years","46",,,13429,3826694,350.930
,"2020","2020","47 years","47","Female","F",5510,1964957,280.413
,"2020","2020","47 years","47","Male","M",9253,1911966,483.952
"Total","2020","2020","47 years","47",,,14763,3876923,380.792
,"2020","2020","48 years","48","Female","F",6121,2046809,299.051
,"2020","2020","48 years","48","Male","M",10562,1996639,528.989
"Total","2020","2020","48 years","48",,,16683,4043448,412.593
,"2020","2020","49 years","49","Female","F",6935,2161257,320.878
,"2020","2020","49 years","49","Male","M",11878,2104312,564.460
"Total","2020","2020","49 years","49",,,18813,4265569,441.043
,"2020","2020","50 years","50","Female","F",7503,2176827,344.676
,"2020","2020","50 years","50","Male","M",12657,2133843,593.155
"Total","2020","2020","50 years","50",,,20160,4310670,467.677
,"2020","2020","51 years","51","Female","F",7879,2063731,381.784
,"2020","2020","51 years","51","Male","M",13097,2012703,650.717
"Total","2020","2020","51 years","51",,,20976,4076434,514.567
,"2020","2020","52 years","52","Female","F",8378,2019631,414.828
,"2020","2020","52 years","52","Male","M",14021,1964096,713.865
"Total","2020","2020","52 years","52",,,22399,3983727,562.262
,"2020","2020","53 years","53","Female","F",9133,2024943,451.025
,"2020","2020","53 years","53","Male","M",15089,1955019,771.808
"Total","2020","2020","53 years","53",,,24222,3979962,608.599
,"2020","2020","54 years","54","Female","F",10128,2058607,491.983
,"2020","2020","54 years","54","Male","M",16826,1986127,847.176
"Total","2020","2020","54 years","54",,,26954,4044734,666.397
,"2020","2020","55 years","55","Female","F",11416,2180669,523.509
,"2020","2020","55 years","55","Male","M",19091,2097187,910.315
"Total","2020","2020","55 years","55",,,30507,4277856,713.138
,"2020","2020","56 years","56","Female","F",12646,2225298,568.283
,"2020","2020","56 years","56","Male","M",21168,2118583,999.158
"Total","2020","2020","56 years","56",,,33814,4343881,778.428
,"2020","2020","57 years","57","Female","F",14072,2223160,632.973
,"2020","2020","57 years","57","Male","M",22489,2104702,1068.512
"Total","2020","2020","57 years","57",,,36561,4327862,844.782
,"2020","2020","58 years","58","Female","F",14885,2216957,671.416
,"2020","2020","58 years","58","Male","M",24355,2089658,1165.502
"Total","2020","2020","58 years","58",,,39240,4306615,911.156
,"2020","2020","59 years","59","Female","F",16549,2245087,737.121
,"2020","2020","59 years","59","Male","M",26557,2101798,1263.537
"Total","2020","2020","59 years","59",,,43106,4346885,991.653
,"2020","2020","60 years","60","Female","F",17950,2255469,795.843
,"2020","2020","60 years","60","Male","M",28354,2116626,1339.585
"Total","2020","2020","60 years","60",,,46304,4372095,1059.080
,"2020","2020","61 years","61","Female","F",18791,2182788,860.872
,"2020","2020","61 years","61","Male","M",30080,2026188,1484.561
"Total","2020","2020","61 years","61",,,48871,4208976,1161.114
,"2020","2020","62 years","62","Female","F",19903,2168833,917.682
,"2020","2020","62 years","62","Male","M",31422,1999600,1571.414
"Total","2020","2020","62 years","62",,,51325,4168433,1231.278
,"2020","2020","63 years","63","Female","F",21307,2145780,992.972
,"2020","2020","63 years","63","Male","M",33504,1960712,1708.767
"Total","2020","2020","63 years","63",,,54811,4106492,1334.740
,"2020","2020","64 years","64","Female","F",21903,2070202,1058.013
,"2020","2020","64 years","64","Male","M",34107,1874380,1819.642
"Total","2020","2020","64 years","64",,,56010,3944582,1419.922
,"2020","2020","65 years","65","Female","F",23040,2050844,1123.440
,"2020","2020","65 years","65","Male","M",34987,1846576,1894.696
"Total","2020","2020","65 years","65",,,58027,3897420,1488.857
,"2020","2020","66 years","66","Female","F",23754,1969842,1205.884
,"2020","2020","66 years","66","Male","M",36153,1750568,2065.215
"Total","2020","2020","66 years","66",,,59907,3720410,1610.226
,"2020","2020","67 years","67","Female","F",24675,1892051,1304.140
,"2020","2020","67 years","67","Male","M",36489,1670185,2184.728
"Total","2020","2020","67 years","67",,,61164,3562236,1717.011
,"2020","2020","68 years","68","Female","F",25638,1813435,1413.781
,"2020","2020","68 years","68","Male","M",37251,1593647,2337.469
"Total","2020","2020","68 years","68",,,62889,3407082,1845.832
,"2020","2020","69 years","69","Female","F",26545,1757144,1510.690
,"2020","2020","69 years","69","Male","M",37856,1529375,2475.260
"Total","2020","2020","69 years","69",,,64401,3286519,1959.551
,"2020","2020","70 years","70","Female","F",28093,1706943,1645.808
,"2020","2020","70 years","70","Male","M",39186,1485086,2638.635
"Total","2020","2020","70 years","70",,,67279,3192029,2107.719
,"2020","2020","71 years","71","Female","F",30411,1648341,1844.946
,"2020","2020","71 years","71","Male","M",40638,1426391,2849.008
"Total","2020","2020","71 years","71",,,71049,3074732,2310.738
,"2020","2020","72 years","72","Female","F",32904,1619075,2032.272
,"2020","2020","72 years","72","Male","M",43199,1398098,3089.841
"Total","2020","2020","72 years","72",,,76103,3017173,2522.328
,"2020","2020","73 years","73","Female","F",36024,1675385,2150.192
,"2020","2020","73 years","73","Male","M",46529,1442000,3226.699
"Total","2020","2020","73 years","73",,,82553,3117385,2648.149
,"2020","2020","74 years","74","Female","F",31424,1232798,2548.998
,"2020","2020","74 years","74","Male","M",39711,1041614,3812.449
"Total","2020","2020","74 years","74",,,71135,2274412,3127.622
,"2020","2020","75 years","75","Female","F",32471,1210107,2683.316
,"2020","2020","75 years","75","Male","M",39754,1009458,3938.153
"Total","2020","2020","75 years","75",,,72225,2219565,3254.016
,"2020","2020","76 years","76","Female","F",35223,1168898,3013.351
,"2020","2020","76 years","76","Male","M",42877,961529,4459.252
"Total","2020","2020","76 years","76",,,78100,2130427,3665.932
,"2020","2020","77 years","77","Female","F",38868,1183942,3282.931
,"2020","2020","77 years","77","Male","M",46442,963155,4821.861
"Total","2020","2020","77 years","77",,,85310,2147097,3973.272
,"2020","2020","78 years","78","Female","F",37865,1023052,3701.180
,"2020","2020","78 years","78","Male","M",44183,816776,5409.439
"Total","2020","2020","78 years","78",,,82048,1839828,4459.547
,"2020","2020","79 years","79","Female","F",38013,927150,4099.984
,"2020","2020","79 years","79","Male","M",42495,722766,5879.496
"Total","2020","2020","79 years","79",,,80508,1649916,4879.521
,"2020","2020","80 years","80","Female","F",39250,863701,4544.397
,"2020","2020","80 years","80","Male","M",42411,663256,6394.364
"Total","2020","2020","80 years","80",,,81661,1526957,5347.957
,"2020","2020","81 years","81","Female","F",40652,795451,5110.560
,"2020","2020","81 years","81","Male","M",42685,604941,7056.060
"Total","2020","2020","81 years","81",,,83337,1400392,5950.977
,"2020","2020","82 years","82","Female","F",42717,749775,5697.309
,"2020","2020","82 years","82","Male","M",42913,554034,7745.554
"Total","2020","2020","82 years","82",,,85630,1303809,6567.680
,"2020","2020","83 years","83","Female","F",43079,676482,6368.093
,"2020","2020","83 years","83","Male","M",42570,486767,8745.457
"Total","2020","2020","83 years","83",,,85649,1163249,7362.912
,"2020","2020","84 years","84","Female","F",45088,629714,7160.076
,"2020","2020","84 years","84","Male","M",42528,440593,9652.446
"Total","2020","2020","84 years","84",,,87616,1070307,8186.063
,"2020","2020","85 years","85","Female","F",47065,Not Applicable,Not Applicable
,"2020","2020","85 years","85","Male","M",42593,Not Applicable,Not Applicable
"Total","2020","2020","85 years","85",,,89658,Not Applicable,Not Applicable
,"2020","2020","86 years","86","Female","F",46597,Not Applicable,Not Applicable
,"2020","2020","86 years","86","Male","M",39831,Not Applicable,Not Applicable
"Total","2020","2020","86 years","86",,,86428,Not Applicable,Not Applicable
,"2020","2020","87 years","87","Female","F",47976,Not Applicable,Not Applicable
,"2020","2020","87 years","87","Male","M",39480,Not Applicable,Not Applicable
"Total","2020","2020","87 years","87",,,87456,Not Applicable,Not Applicable
,"2020","2020","88 years","88","Female","F",49222,Not Applicable,Not Applicable
,"2020","2020","88 years","88","Male","M",38795,Not Applicable,Not Applicable
"Total","2020","2020","88 years","88",,,88017,Not Applicable,Not Applicable
,"2020","2020","89 years","89","Female","F",50496,Not Applicable,Not Applicable
,"2020","2020","89 years","89","Male","M",37196,Not Applicable,Not Applicable
"Total","2020","2020","89 years","89",,,87692,Not Applicable,Not Applicable
,"2020","2020","90 years","90","Female","F",50353,Not Applicable,Not Applicable
,"2020","2020","90 years","90","Male","M",34852,Not Applicable,Not Applicable
"Total","2020","2020","90 years","90",,,85205,Not Applicable,Not Applicable
,"2020","2020","91 years","91","Female","F",47827,Not Applicable,Not Applicable
,"2020","2020","91 years","91","Male","M",31528,Not Applicable,Not Applicable
"Total","2020","2020","91 years","91",,,79355,Not Applicable,Not Applicable
,"2020","2020","92 years","92","Female","F",46246,Not Applicable,Not Applicable
,"2020","2020","92 years","92","Male","M",28214,Not Applicable,Not Applicable
"Total","2020","2020","92 years","92",,,74460,Not Applicable,Not Applicable
,"2020","2020","93 years","93","Female","F",43524,Not Applicable,Not Applicable
,"2020","2020","93 years","93","Male","M",24433,Not Applicable,Not Applicable
"Total","2020","2020","93 years","93",,,67957,Not Applicable,Not Applicable
,"2020","2020","94 years","94","Female","F",38592,Not Applicable,Not Applicable
,"2020","2020","94 years","94","Male","M",20117,Not Applicable,Not Applicable
"Total","2020","2020","94 years","94",,,58709,Not Applicable,Not Applicable
,"2020","2020","95 years","95","Female","F",34265,Not Applicable,Not Applicable
,"2020","2020","95 years","95","Male","M",16436,Not Applicable,Not Applicable
"Total","2020","2020","95 years","95",,,50701,Not Applicable,Not Applicable
,"2020","2020","96 years","96","Female","F",29225,Not Applicable,Not Applicable
,"2020","2020","96 years","96","Male","M",12916,Not Applicable,Not Applicable
"Total","2020","2020","96 years","96",,,42141,Not Applicable,Not Applicable
,"2020","2020","97 years","97","Female","F",23833,Not Applicable,Not Applicable
,"2020","2020","97 years","97","Male","M",9535,Not Applicable,Not Applicable
"Total","2020","2020","97 years","97",,,33368,Not Applicable,Not Applicable
,"2020","2020","98 years","98","Female","F",18959,Not Applicable,Not Applicable
,"2020","2020","98 years","98","Male","M",6880,Not Applicable,Not Applicable
"Total","2020","2020","98 years","98",,,25839,Not Applicable,Not Applicable
,"2020","2020","99 years","99","Female","F",14392,Not Applicable,Not Applicable
,"2020","2020","99 years","99","Male","M",4795,Not Applicable,Not Applicable
"Total","2020","2020","99 years","99",,,19187,Not Applicable,Not Applicable
,"2020","2020","100+ years","100","Female","F",29313,Not Applicable,Not Applicable
,"2020","2020","100+ years","100","Male","M",7319,Not Applicable,Not Applicable
"Total","2020","2020","100+ years","100",,,36632,Not Applicable,Not Applicable
,"2020","2020","Not Stated","NS","Female","F",37,Not Applicable,Not Applicable
,"2020","2020","Not Stated","NS","Male","M",79,Not Applicable,Not Applicable
"Total","2020","2020","Not Stated","NS",,,116,Not Applicable,Not Applicable
"Total","2020","2020",,,,,3383729,329484123,1026.978
"Total",,,,,,,56806341,6746356647,842.030
"---"
"Dataset: Underlying Cause of Death, 1999-2020"
"Query Parameters:"
"Group By: Year; Single-Year Ages; Sex"
"Show Totals: True"
"Show Zero Values: True"
"Show Suppressed: True"
"Calculate Rates Per: 100,000"
"Rate Options: Default intercensal populations for years 2001-2009 (except Infant Age Groups)"
"---"
"Help: See http://wonder.cdc.gov/wonder/help/ucd.html for more information."
"---"
"Query Date: Jun 29, 2026 8:28:13 PM"
"---"
"Suggested Citation: Centers for Disease Control and Prevention, National Center for Health Statistics. National Vital Statistics"
"System, Mortality 1999-2020 on CDC WONDER Online Database, released in 2021. Data are from the Multiple Cause of Death Files,"
"1999-2020, as compiled from data provided by the 57 vital statistics jurisdictions through the Vital Statistics Cooperative"
"Program. Accessed at http://wonder.cdc.gov/ucd-icd10.html on Jun 29, 2026 8:28:13 PM"
"---"
Caveats:
"1. Population and rates are labeled 'Not Applicable' when they include a subset of ages 85-100+ because populations are not"
"available for those ages. More information: http://wonder.cdc.gov/wonder/help/ucd.html#Ages 85-100."
"2. As of April 3, 2017, the underlying cause of death has been revised for 125 deaths in 2014. More information:"
"http://wonder.cdc.gov/wonder/help/ucd.html#2014-Revision."
"3. Deaths of persons with Age ""Not Stated"" are included in ""All"" counts and rates, but are not distributed among age groups,"
"so are not included in age-specific counts, age-specific rates or in any age-adjusted rates. More information:"
"http://wonder.cdc.gov/wonder/help/ucd.html#Not Stated."
"4. The population figures for year 2020 are bridged-race estimates of the July 1 resident population, from the Vintage 2020"
"postcensal series released by NCHS on September 22, 2021. The population figures for year 2019 are bridged-race estimates of the"
"July 1 resident population, from the Vintage 2019 postcensal series released by NCHS on July 9, 2020. The population figures for"
"year 2018 are bridged-race estimates of the July 1 resident population, from the Vintage 2018 postcensal series released by NCHS"
"on June 25, 2019. The population figures for year 2017 are bridged-race estimates of the July 1 resident population, from the"
"Vintage 2017 postcensal series released by NCHS on June 27, 2018. The population figures for year 2016 are bridged-race"
"estimates of the July 1 resident population, from the Vintage 2016 postcensal series released by NCHS on June 26, 2017. The"
"population figures for year 2015 are bridged-race estimates of the July 1 resident population, from the Vintage 2015 postcensal"
"series released by NCHS on June 28, 2016. The population figures for year 2014 are bridged-race estimates of the July 1 resident"
"population, from the Vintage 2014 postcensal series released by NCHS on June 30, 2015. The population figures for year 2013 are"
"bridged-race estimates of the July 1 resident population, from the Vintage 2013 postcensal series released by NCHS on June 26,"
"2014. The population figures for year 2012 are bridged-race estimates of the July 1 resident population, from the Vintage 2012"
"postcensal series released by NCHS on June 13, 2013. The population figures for year 2011 are bridged-race estimates of the July"
"1 resident population, from the Vintage 2011 postcensal series released by NCHS on July 18, 2012. Population figures for 2010"
"are April 1 Census counts. The population figures for years 2001 - 2009 are bridged-race estimates of the July 1 resident"
"population, from the revised intercensal county-level 2000 - 2009 series released by NCHS on October 26, 2012. Population"
"figures for 2000 are April 1 Census counts. Population figures for 1999 are from the 1990-1999 intercensal series of July 1"
"estimates. Population figures for the infant age groups are the number of live births. <br/><b>Note:</b> Rates and population"
"figures for years 2001 - 2009 differ slightly from previously published reports, due to use of the population estimates which"
"were available at the time of release."
"5. The population figures used in the calculation of death rates for the age group 'under 1 year' are the estimates of the"
"resident population that is under one year of age. More information: http://wonder.cdc.gov/wonder/help/ucd.html#Age Group."